transaction_id,timestamp,employee_id,customer_id,branch_id,category,amount,discount_percent,refund_amount,payment_method,is_anomaly,anomaly_type
TX-100000,2026-07-01 08:01:52,EMP-003,CUST-7924,BRANCH-WEST,Apparel,39.18,0.0,0.0,Credit Card,0,NONE
TX-100001,2026-07-01 08:02:32,EMP-002,CUST-2519,BRANCH-CENTRAL,Hardware,50.71,13.2,0.0,Cash,0,NONE
TX-100002,2026-07-01 08:02:52,EMP-008,CUST-9785,BRANCH-EAST,Groceries,76.39,0.0,0.0,Credit Card,0,NONE
TX-100003,2026-07-01 08:07:47,EMP-006,CUST-4150,BRANCH-WEST,Groceries,67.68,5.7,0.0,Cash,0,NONE
TX-100004,2026-07-01 08:08:07,EMP-004,CUST-2654,BRANCH-WEST,Hardware,39.94,0.0,0.0,Credit Card,0,NONE
TX-100005,2026-07-01 08:08:55,EMP-003,CUST-7065,BRANCH-WEST,Apparel,51.02,6.2,0.0,Cash,0,NONE
TX-100006,2026-07-01 08:10:22,EMP-003,CUST-9751,BRANCH-WEST,Electronics,19.95,7.6,0.0,Mobile Money,0,NONE
TX-100007,2026-07-01 08:11:44,EMP-006,CUST-1916,BRANCH-WEST,Electronics,65.88,0.0,0.0,Debit Card,0,NONE
TX-100008,2026-07-01 08:15:31,EMP-005,CUST-2084,BRANCH-CENTRAL,Electronics,36.54,0.0,0.0,Credit Card,0,NONE
TX-100009,2026-07-01 08:17:20,EMP-004,CUST-9179,BRANCH-WEST,Hardware,37.14,0.0,0.0,Mobile Money,0,NONE
TX-100010,2026-07-01 08:19:46,EMP-005,CUST-3287,BRANCH-CENTRAL,Electronics,33.38,0.0,0.0,Debit Card,0,NONE
TX-100011,2026-07-01 08:22:39,EMP-007,CUST-6930,BRANCH-WEST,Electronics,67.76,0.0,0.0,Debit Card,0,NONE
TX-100012,2026-07-01 08:26:14,EMP-002,CUST-1771,BRANCH-CENTRAL,Groceries,46.41,4.9,0.0,Cash,0,NONE
TX-100013,2026-07-01 08:26:58,EMP-007,CUST-7252,BRANCH-WEST,Services,41.06,0.0,0.0,Cash,0,NONE
TX-100014,2026-07-01 08:27:18,EMP-002,CUST-9797,BRANCH-CENTRAL,Apparel,33.53,0.0,0.0,Credit Card,0,NONE
TX-100015,2026-07-01 08:27:42,EMP-007,CUST-3591,BRANCH-WEST,Hardware,79.31,11.7,0.0,Mobile Money,0,NONE
TX-100016,2026-07-01 08:32:18,EMP-002,CUST-5889,BRANCH-CENTRAL,Services,27.74,0.0,0.0,Mobile Money,0,NONE
TX-100017,2026-07-01 08:35:02,EMP-001,CUST-6310,BRANCH-WEST,Hardware,36.68,14.1,0.0,Credit Card,0,NONE
TX-100018,2026-07-01 08:35:22,EMP-004,CUST-1949,BRANCH-WEST,Electronics,46.79,0.0,0.0,Cash,0,NONE
TX-100019,2026-07-01 08:39:42,EMP-008,CUST-2133,BRANCH-EAST,Services,80.28,0.0,0.0,Debit Card,0,NONE
TX-100020,2026-07-01 08:41:11,EMP-003,CUST-5342,BRANCH-WEST,Services,225.62,0.0,0.0,Mobile Money,0,NONE
TX-100021,2026-07-01 08:42:00,EMP-004,CUST-6107,BRANCH-WEST,Hardware,88.77,0.0,0.0,Debit Card,0,NONE
TX-100022,2026-07-01 08:55:58,EMP-008,CUST-2982,BRANCH-EAST,Electronics,74.34,7.1,0.0,Mobile Money,0,NONE
TX-100023,2026-07-01 09:06:09,EMP-004,CUST-1117,BRANCH-WEST,Groceries,77.14,0.0,0.0,Cash,0,NONE
TX-100024,2026-07-01 09:06:31,EMP-001,CUST-6413,BRANCH-WEST,Groceries,25.05,0.0,0.0,Debit Card,0,NONE
TX-100025,2026-07-01 09:07:46,EMP-004,CUST-9834,BRANCH-WEST,Electronics,25.44,0.0,0.0,Debit Card,0,NONE
TX-100026,2026-07-01 09:14:49,EMP-004,CUST-8749,BRANCH-WEST,Hardware,28.3,4.2,0.0,Debit Card,0,NONE
TX-100027,2026-07-01 09:17:56,EMP-007,CUST-8651,BRANCH-WEST,Groceries,34.84,0.0,0.0,Cash,0,NONE
TX-100028,2026-07-01 09:18:32,EMP-001,CUST-7596,BRANCH-WEST,Apparel,51.27,0.0,0.0,Mobile Money,0,NONE
TX-100029,2026-07-01 09:23:45,EMP-004,CUST-9786,BRANCH-WEST,Hardware,77.35,5.2,0.0,Cash,0,NONE
TX-100030,2026-07-01 09:29:39,EMP-008,CUST-2604,BRANCH-EAST,Groceries,61.38,0.0,0.0,Cash,0,NONE
TX-100031,2026-07-01 09:30:08,EMP-002,CUST-4872,BRANCH-CENTRAL,Electronics,33.18,0.0,0.0,Debit Card,0,NONE
TX-100032,2026-07-01 09:38:05,EMP-001,CUST-3697,BRANCH-WEST,Hardware,20.01,7.7,0.0,Debit Card,0,NONE
TX-100033,2026-07-01 09:38:25,EMP-005,CUST-7930,BRANCH-CENTRAL,Services,72.67,0.0,0.0,Mobile Money,0,NONE
TX-100034,2026-07-01 09:39:54,EMP-005,CUST-4566,BRANCH-CENTRAL,Groceries,75.34,0.0,0.0,Credit Card,0,NONE
TX-100035,2026-07-01 09:43:57,EMP-001,CUST-1821,BRANCH-WEST,Services,26.34,0.0,0.0,Mobile Money,0,NONE
TX-100036,2026-07-01 09:52:40,EMP-001,CUST-9320,BRANCH-WEST,Groceries,24.73,0.0,0.0,Cash,0,NONE
TX-100037,2026-07-01 09:57:39,EMP-004,CUST-7615,BRANCH-WEST,Groceries,50.14,0.0,0.0,Cash,0,NONE
TX-100038,2026-07-01 10:03:22,EMP-002,CUST-7868,BRANCH-CENTRAL,Services,86.1,0.0,0.0,Credit Card,0,NONE
TX-100039,2026-07-01 10:06:05,EMP-004,CUST-6147,BRANCH-WEST,Electronics,60.4,0.0,0.0,Credit Card,0,NONE
TX-100040,2026-07-01 10:09:02,EMP-008,CUST-6180,BRANCH-EAST,Groceries,56.31,10.5,0.0,Cash,0,NONE
TX-100041,2026-07-01 10:09:29,EMP-002,CUST-9808,BRANCH-CENTRAL,Electronics,42.74,0.0,0.0,Credit Card,0,NONE
TX-100042,2026-07-01 10:09:49,EMP-002,CUST-5002,BRANCH-CENTRAL,Apparel,23.2,0.0,0.0,Credit Card,0,NONE
TX-100043,2026-07-01 10:12:39,EMP-001,CUST-5905,BRANCH-WEST,Groceries,63.07,0.0,0.0,Cash,0,NONE
TX-100044,2026-07-01 10:22:10,EMP-002,CUST-3546,BRANCH-CENTRAL,Apparel,34.54,0.0,0.0,Credit Card,0,NONE
TX-100045,2026-07-01 10:27:48,EMP-004,CUST-5325,BRANCH-WEST,Services,26.47,0.0,0.0,Cash,0,NONE
TX-100046,2026-07-01 10:28:50,EMP-002,CUST-7939,BRANCH-CENTRAL,Apparel,39.93,7.0,0.0,Credit Card,0,NONE
TX-100047,2026-07-01 10:29:32,EMP-003,CUST-8239,BRANCH-WEST,Services,53.33,0.0,0.0,Cash,0,NONE
TX-100048,2026-07-01 10:40:09,EMP-002,CUST-3442,BRANCH-CENTRAL,Services,55.05,7.4,0.0,Debit Card,0,NONE
TX-100049,2026-07-01 10:48:21,EMP-003,CUST-1685,BRANCH-WEST,Apparel,108.83,0.0,0.0,Cash,0,NONE
TX-100050,2026-07-01 10:54:51,EMP-006,CUST-4441,BRANCH-WEST,Electronics,79.64,0.0,0.0,Debit Card,0,NONE
TX-100051,2026-07-01 11:03:54,EMP-003,CUST-4878,BRANCH-WEST,Electronics,69.94,0.0,0.0,Debit Card,0,NONE
TX-100052,2026-07-01 11:05:25,EMP-001,CUST-3938,BRANCH-WEST,Apparel,35.15,0.0,0.0,Mobile Money,0,NONE
TX-100053,2026-07-01 11:07:38,EMP-005,CUST-3608,BRANCH-CENTRAL,Groceries,37.55,0.0,0.0,Debit Card,0,NONE
TX-100054,2026-07-01 11:14:26,EMP-004,CUST-4269,BRANCH-WEST,Hardware,15.71,0.0,0.0,Mobile Money,0,NONE
TX-100055,2026-07-01 11:15:26,EMP-004,CUST-1387,BRANCH-WEST,Electronics,60.6,0.0,0.0,Cash,0,NONE
TX-100056,2026-07-01 11:15:56,EMP-005,CUST-6753,BRANCH-CENTRAL,Services,54.32,0.0,0.0,Credit Card,0,NONE
TX-100057,2026-07-01 11:17:29,EMP-001,CUST-2889,BRANCH-WEST,Apparel,36.61,14.6,0.0,Cash,0,NONE
TX-100058,2026-07-01 11:20:24,EMP-007,CUST-6663,BRANCH-WEST,Apparel,33.87,0.0,0.0,Cash,0,NONE
TX-100059,2026-07-01 11:34:40,EMP-007,CUST-4114,BRANCH-WEST,Apparel,97.4,8.2,0.0,Mobile Money,0,NONE
TX-100060,2026-07-01 11:47:47,EMP-006,CUST-8066,BRANCH-WEST,Groceries,42.6,0.0,0.0,Credit Card,0,NONE
TX-100061,2026-07-01 11:49:12,EMP-002,CUST-5920,BRANCH-CENTRAL,Services,20.69,0.0,0.0,Debit Card,0,NONE
TX-100062,2026-07-01 11:50:32,EMP-005,CUST-3085,BRANCH-CENTRAL,Electronics,46.39,0.0,0.0,Mobile Money,0,NONE
TX-100063,2026-07-01 11:53:19,EMP-005,CUST-7653,BRANCH-CENTRAL,Services,36.47,0.0,0.0,Mobile Money,0,NONE
TX-100064,2026-07-01 11:53:39,EMP-007,CUST-6279,BRANCH-WEST,Hardware,64.2,0.0,0.0,Debit Card,0,NONE
TX-100065,2026-07-01 11:54:44,EMP-003,CUST-2389,BRANCH-WEST,Apparel,57.52,0.0,0.0,Credit Card,0,NONE
TX-100066,2026-07-01 11:55:21,EMP-002,CUST-4848,BRANCH-CENTRAL,Apparel,51.19,5.4,16.31,Debit Card,0,NONE
TX-100067,2026-07-01 11:56:27,EMP-002,CUST-8461,BRANCH-CENTRAL,Hardware,43.78,0.0,0.0,Debit Card,0,NONE
TX-100068,2026-07-01 12:00:54,EMP-008,CUST-7547,BRANCH-EAST,Electronics,47.53,11.3,0.0,Cash,0,NONE
TX-100069,2026-07-01 12:06:06,EMP-007,CUST-4585,BRANCH-WEST,Electronics,73.33,0.0,0.0,Debit Card,0,NONE
TX-100070,2026-07-01 12:07:56,EMP-001,CUST-5082,BRANCH-WEST,Groceries,74.25,0.0,0.0,Credit Card,0,NONE
TX-100071,2026-07-01 12:11:00,EMP-008,CUST-9270,BRANCH-EAST,Hardware,126.07,0.0,0.0,Mobile Money,0,NONE
TX-100072,2026-07-01 12:11:22,EMP-008,CUST-8373,BRANCH-EAST,Apparel,53.96,0.0,0.0,Credit Card,0,NONE
TX-100073,2026-07-01 12:12:11,EMP-008,CUST-4919,BRANCH-EAST,Apparel,102.08,0.0,0.0,Mobile Money,0,NONE
TX-100074,2026-07-01 12:12:31,EMP-005,CUST-6502,BRANCH-CENTRAL,Apparel,95.5,0.0,0.0,Mobile Money,0,NONE
TX-100075,2026-07-01 12:12:51,EMP-004,CUST-7275,BRANCH-WEST,Electronics,76.86,0.0,0.0,Debit Card,0,NONE
TX-100076,2026-07-01 12:15:43,EMP-006,CUST-9890,BRANCH-WEST,Hardware,57.52,0.0,0.0,Debit Card,0,NONE
TX-100077,2026-07-01 12:16:28,EMP-007,CUST-1320,BRANCH-WEST,Services,29.87,0.0,13.75,Debit Card,0,NONE
TX-100078,2026-07-01 12:21:09,EMP-007,CUST-9818,BRANCH-WEST,Services,68.46,0.0,0.0,Debit Card,0,NONE
TX-100079,2026-07-01 12:21:44,EMP-004,CUST-5471,BRANCH-WEST,Hardware,48.25,0.0,0.0,Debit Card,0,NONE
TX-100080,2026-07-01 12:23:24,EMP-003,CUST-8657,BRANCH-WEST,Electronics,55.04,0.0,0.0,Debit Card,0,NONE
TX-100081,2026-07-01 12:27:42,EMP-001,CUST-2375,BRANCH-WEST,Hardware,50.67,8.5,0.0,Debit Card,0,NONE
TX-100082,2026-07-01 12:34:29,EMP-006,CUST-4467,BRANCH-WEST,Hardware,79.35,0.0,0.0,Debit Card,0,NONE
TX-100083,2026-07-01 12:35:35,EMP-005,CUST-7906,BRANCH-CENTRAL,Apparel,138.9,0.0,0.0,Cash,0,NONE
TX-100084,2026-07-01 12:35:58,EMP-006,CUST-4673,BRANCH-WEST,Groceries,22.47,0.0,0.0,Cash,0,NONE
TX-100085,2026-07-01 12:37:41,EMP-004,CUST-4266,BRANCH-WEST,Groceries,88.65,0.0,0.0,Debit Card,0,NONE
TX-100086,2026-07-01 12:42:51,EMP-002,CUST-4571,BRANCH-CENTRAL,Hardware,58.0,0.0,0.0,Mobile Money,0,NONE
TX-100087,2026-07-01 12:43:12,EMP-002,CUST-3683,BRANCH-CENTRAL,Apparel,75.96,3.3,0.0,Debit Card,0,NONE
TX-100088,2026-07-01 12:43:54,EMP-007,CUST-4249,BRANCH-WEST,Groceries,57.33,0.0,0.0,Mobile Money,0,NONE
TX-100089,2026-07-01 12:44:14,EMP-002,CUST-5941,BRANCH-CENTRAL,Services,64.32,0.0,0.0,Cash,0,NONE
TX-100090,2026-07-01 12:44:39,EMP-006,CUST-9728,BRANCH-WEST,Hardware,46.47,0.0,0.0,Credit Card,0,NONE
TX-100091,2026-07-01 12:49:21,EMP-001,CUST-7882,BRANCH-WEST,Hardware,22.82,14.5,0.0,Debit Card,0,NONE
TX-100092,2026-07-01 12:53:34,EMP-003,CUST-8135,BRANCH-WEST,Electronics,89.94,0.0,0.0,Credit Card,0,NONE
TX-100093,2026-07-01 12:54:38,EMP-008,CUST-8616,BRANCH-EAST,Hardware,43.85,0.0,0.0,Credit Card,0,NONE
TX-100094,2026-07-01 12:56:12,EMP-004,CUST-2419,BRANCH-WEST,Apparel,73.36,0.0,0.0,Debit Card,0,NONE
TX-100095,2026-07-01 13:03:46,EMP-007,CUST-6511,BRANCH-WEST,Groceries,91.63,0.0,0.0,Debit Card,0,NONE
TX-100096,2026-07-01 13:08:03,EMP-004,CUST-6813,BRANCH-WEST,Apparel,35.11,0.0,0.0,Credit Card,0,NONE
TX-100097,2026-07-01 13:09:53,EMP-001,CUST-9464,BRANCH-WEST,Electronics,42.13,11.6,0.0,Mobile Money,0,NONE
TX-100098,2026-07-01 13:11:06,EMP-008,CUST-9041,BRANCH-EAST,Hardware,100.05,0.0,0.0,Mobile Money,0,NONE
TX-100099,2026-07-01 13:15:05,EMP-007,CUST-4986,BRANCH-WEST,Apparel,46.49,0.0,0.0,Credit Card,0,NONE
TX-100100,2026-07-01 13:21:25,EMP-007,CUST-6419,BRANCH-WEST,Apparel,177.24,0.0,0.0,Credit Card,0,NONE
TX-100101,2026-07-01 13:24:07,EMP-004,CUST-2976,BRANCH-WEST,Electronics,54.11,0.0,0.0,Mobile Money,0,NONE
TX-100102,2026-07-01 13:24:59,EMP-004,CUST-4545,BRANCH-WEST,Hardware,33.63,0.0,0.0,Credit Card,0,NONE
TX-100103,2026-07-01 13:25:19,EMP-002,CUST-4180,BRANCH-CENTRAL,Apparel,68.19,5.2,38.75,Credit Card,0,NONE
TX-100104,2026-07-01 13:29:27,EMP-001,CUST-1893,BRANCH-WEST,Services,37.31,0.0,0.0,Debit Card,0,NONE
TX-100105,2026-07-01 13:43:03,EMP-002,CUST-1200,BRANCH-CENTRAL,Services,61.3,0.0,0.0,Credit Card,0,NONE
TX-100106,2026-07-01 13:56:18,EMP-003,CUST-1841,BRANCH-WEST,Apparel,52.72,0.0,0.0,Cash,0,NONE
TX-100107,2026-07-01 13:58:14,EMP-007,CUST-9056,BRANCH-WEST,Groceries,73.46,0.0,0.0,Mobile Money,0,NONE
TX-100108,2026-07-01 14:05:51,EMP-003,CUST-5978,BRANCH-WEST,Groceries,42.6,0.0,0.0,Debit Card,0,NONE
TX-100109,2026-07-01 14:09:06,EMP-004,CUST-9561,BRANCH-WEST,Hardware,41.18,0.0,0.0,Debit Card,0,NONE
TX-100110,2026-07-01 14:20:06,EMP-005,CUST-1986,BRANCH-CENTRAL,Services,58.83,0.0,0.0,Mobile Money,0,NONE
TX-100111,2026-07-01 14:20:30,EMP-004,CUST-5335,BRANCH-WEST,Groceries,114.69,5.1,0.0,Cash,0,NONE
TX-100112,2026-07-01 14:24:19,EMP-007,CUST-8381,BRANCH-WEST,Services,83.33,0.0,0.0,Credit Card,0,NONE
TX-100113,2026-07-01 14:29:43,EMP-005,CUST-8438,BRANCH-CENTRAL,Groceries,45.34,0.0,0.0,Mobile Money,0,NONE
TX-100114,2026-07-01 14:34:29,EMP-007,CUST-2880,BRANCH-WEST,Services,33.63,4.8,0.0,Mobile Money,0,NONE
TX-100115,2026-07-01 14:35:52,EMP-002,CUST-1977,BRANCH-CENTRAL,Electronics,81.82,0.0,0.0,Credit Card,0,NONE
TX-100116,2026-07-01 14:42:29,EMP-008,CUST-3037,BRANCH-EAST,Hardware,77.27,0.0,0.0,Credit Card,0,NONE
TX-100117,2026-07-01 14:52:15,EMP-008,CUST-8172,BRANCH-EAST,Groceries,75.64,0.0,0.0,Credit Card,0,NONE
TX-100118,2026-07-01 14:55:06,EMP-005,CUST-1423,BRANCH-CENTRAL,Groceries,84.6,11.1,0.0,Cash,0,NONE
TX-100119,2026-07-01 14:59:17,EMP-005,CUST-1659,BRANCH-CENTRAL,Electronics,44.45,0.0,0.0,Credit Card,0,NONE
TX-100120,2026-07-01 15:04:07,EMP-003,CUST-8141,BRANCH-WEST,Hardware,71.75,0.0,0.0,Debit Card,0,NONE
TX-100121,2026-07-01 15:05:45,EMP-006,CUST-6260,BRANCH-WEST,Groceries,46.5,0.0,0.0,Debit Card,0,NONE
TX-100122,2026-07-01 15:07:38,EMP-005,CUST-7561,BRANCH-CENTRAL,Services,47.72,4.1,0.0,Cash,0,NONE
TX-100123,2026-07-01 15:07:58,EMP-007,CUST-9431,BRANCH-WEST,Groceries,35.23,0.0,0.0,Debit Card,0,NONE
TX-100124,2026-07-01 15:10:28,EMP-001,CUST-4073,BRANCH-WEST,Services,17.64,0.0,0.0,Debit Card,0,NONE
TX-100125,2026-07-01 15:14:02,EMP-001,CUST-4335,BRANCH-WEST,Apparel,46.34,0.0,0.0,Debit Card,0,NONE
TX-100126,2026-07-01 15:14:22,EMP-008,CUST-2989,BRANCH-EAST,Groceries,45.08,0.0,0.0,Mobile Money,0,NONE
TX-100127,2026-07-01 15:17:19,EMP-003,CUST-6091,BRANCH-WEST,Services,55.59,7.9,0.0,Cash,0,NONE
TX-100128,2026-07-01 15:23:11,EMP-008,CUST-2924,BRANCH-EAST,Electronics,86.28,0.0,0.0,Credit Card,0,NONE
TX-100129,2026-07-01 15:23:32,EMP-007,CUST-8905,BRANCH-WEST,Hardware,29.23,9.6,0.0,Mobile Money,0,NONE
TX-100130,2026-07-01 15:23:52,EMP-002,CUST-5526,BRANCH-CENTRAL,Hardware,128.72,0.0,0.0,Credit Card,0,NONE
TX-100131,2026-07-01 15:27:55,EMP-001,CUST-5634,BRANCH-WEST,Apparel,90.44,0.0,0.0,Debit Card,0,NONE
TX-100132,2026-07-01 15:33:05,EMP-003,CUST-8316,BRANCH-WEST,Services,65.07,0.0,0.0,Debit Card,0,NONE
TX-100133,2026-07-01 15:34:38,EMP-008,CUST-6272,BRANCH-EAST,Electronics,82.21,0.0,0.0,Debit Card,0,NONE
TX-100134,2026-07-01 15:40:58,EMP-004,CUST-7730,BRANCH-WEST,Groceries,42.47,0.0,0.0,Debit Card,0,NONE
TX-100135,2026-07-01 15:41:18,EMP-007,CUST-3492,BRANCH-WEST,Hardware,24.43,0.0,0.0,Credit Card,0,NONE
TX-100136,2026-07-01 15:41:38,EMP-002,CUST-8213,BRANCH-CENTRAL,Groceries,31.04,0.0,0.0,Mobile Money,0,NONE
TX-100137,2026-07-01 15:42:23,EMP-007,CUST-3529,BRANCH-WEST,Groceries,109.36,0.0,0.0,Credit Card,0,NONE
TX-100138,2026-07-01 15:43:03,EMP-007,CUST-2315,BRANCH-WEST,Apparel,59.74,0.0,0.0,Debit Card,0,NONE
TX-100139,2026-07-01 15:48:03,EMP-006,CUST-8994,BRANCH-WEST,Services,20.79,3.8,0.0,Credit Card,0,NONE
TX-100140,2026-07-01 15:52:22,EMP-004,CUST-2480,BRANCH-WEST,Hardware,61.48,0.0,0.0,Cash,0,NONE
TX-100141,2026-07-01 15:56:09,EMP-008,CUST-3725,BRANCH-EAST,Apparel,141.66,0.0,0.0,Cash,0,NONE
TX-100142,2026-07-01 15:58:19,EMP-005,CUST-6873,BRANCH-CENTRAL,Apparel,31.89,0.0,0.0,Debit Card,0,NONE
TX-100143,2026-07-01 16:03:59,EMP-003,CUST-3785,BRANCH-WEST,Electronics,36.33,13.5,0.0,Mobile Money,0,NONE
TX-100144,2026-07-01 16:04:19,EMP-008,CUST-3344,BRANCH-EAST,Electronics,60.55,0.0,0.0,Credit Card,0,NONE
TX-100145,2026-07-01 16:04:43,EMP-001,CUST-8622,BRANCH-WEST,Apparel,91.61,0.0,0.0,Debit Card,0,NONE
TX-100146,2026-07-01 16:07:25,EMP-006,CUST-5901,BRANCH-WEST,Hardware,23.98,0.0,0.0,Credit Card,0,NONE
TX-100147,2026-07-01 16:09:41,EMP-004,CUST-7302,BRANCH-WEST,Hardware,49.48,7.6,0.0,Credit Card,0,NONE
TX-100148,2026-07-01 16:11:43,EMP-005,CUST-1359,BRANCH-CENTRAL,Hardware,88.72,0.0,0.0,Cash,0,NONE
TX-100149,2026-07-01 16:12:03,EMP-008,CUST-5689,BRANCH-EAST,Electronics,122.21,0.0,0.0,Mobile Money,0,NONE
TX-100150,2026-07-01 16:13:55,EMP-005,CUST-3240,BRANCH-CENTRAL,Groceries,45.49,0.0,0.0,Credit Card,0,NONE
TX-100151,2026-07-01 16:21:40,EMP-008,CUST-1546,BRANCH-EAST,Services,193.82,0.0,0.0,Credit Card,0,NONE
TX-100152,2026-07-01 16:25:57,EMP-006,CUST-7807,BRANCH-WEST,Electronics,39.21,12.4,0.0,Credit Card,0,NONE
TX-100153,2026-07-01 16:29:28,EMP-005,CUST-3695,BRANCH-CENTRAL,Apparel,45.54,0.0,0.0,Credit Card,0,NONE
TX-100154,2026-07-01 16:40:44,EMP-006,CUST-2886,BRANCH-WEST,Hardware,18.29,0.0,0.0,Mobile Money,0,NONE
TX-100155,2026-07-01 16:44:51,EMP-007,CUST-6992,BRANCH-WEST,Groceries,92.14,0.0,45.24,Debit Card,0,NONE
TX-100156,2026-07-01 16:47:18,EMP-006,CUST-5295,BRANCH-WEST,Services,58.51,0.0,0.0,Credit Card,0,NONE
TX-100157,2026-07-01 16:49:15,EMP-002,CUST-4830,BRANCH-CENTRAL,Hardware,45.35,13.6,0.0,Mobile Money,0,NONE
TX-100158,2026-07-01 17:02:14,EMP-002,CUST-8606,BRANCH-CENTRAL,Apparel,35.29,0.0,0.0,Cash,0,NONE
TX-100159,2026-07-01 17:03:46,EMP-001,CUST-5986,BRANCH-WEST,Hardware,43.32,5.8,0.0,Debit Card,0,NONE
TX-100160,2026-07-01 17:11:13,EMP-008,CUST-7078,BRANCH-EAST,Services,50.92,0.0,0.0,Mobile Money,0,NONE
TX-100161,2026-07-01 17:15:59,EMP-007,CUST-2622,BRANCH-WEST,Hardware,44.13,0.0,0.0,Credit Card,0,NONE
TX-100162,2026-07-01 17:19:56,EMP-001,CUST-7070,BRANCH-WEST,Electronics,46.43,0.0,0.0,Credit Card,0,NONE
TX-100163,2026-07-01 17:26:26,EMP-002,CUST-7018,BRANCH-CENTRAL,Services,57.06,0.0,0.0,Cash,0,NONE
TX-100164,2026-07-01 17:27:45,EMP-007,CUST-5520,BRANCH-WEST,Electronics,66.37,0.0,0.0,Debit Card,0,NONE
TX-100165,2026-07-01 17:34:19,EMP-002,CUST-4475,BRANCH-CENTRAL,Services,31.91,0.0,0.0,Credit Card,0,NONE
TX-100166,2026-07-01 17:52:56,EMP-004,CUST-3063,BRANCH-WEST,Services,23.21,13.0,0.0,Mobile Money,0,NONE
TX-100167,2026-07-01 17:58:55,EMP-004,CUST-6383,BRANCH-WEST,Electronics,29.95,0.0,0.0,Credit Card,0,NONE
TX-100168,2026-07-01 18:00:35,EMP-003,CUST-3129,BRANCH-WEST,Services,129.98,0.0,0.0,Cash,0,NONE
TX-100169,2026-07-01 18:06:12,EMP-003,CUST-1243,BRANCH-WEST,Apparel,53.03,0.0,0.0,Credit Card,0,NONE
TX-100170,2026-07-01 18:06:38,EMP-001,CUST-3854,BRANCH-WEST,Apparel,39.67,11.9,0.0,Cash,0,NONE
TX-100171,2026-07-01 18:13:38,EMP-008,CUST-8344,BRANCH-EAST,Apparel,102.43,0.0,0.0,Mobile Money,0,NONE
TX-100172,2026-07-01 18:15:10,EMP-001,CUST-9543,BRANCH-WEST,Apparel,35.43,0.0,0.0,Cash,0,NONE
TX-100173,2026-07-01 18:15:30,EMP-008,CUST-7580,BRANCH-EAST,Hardware,98.95,0.0,0.0,Debit Card,0,NONE
TX-100174,2026-07-01 18:24:55,EMP-002,CUST-2323,BRANCH-CENTRAL,Apparel,38.88,0.0,0.0,Credit Card,0,NONE
TX-100175,2026-07-01 18:36:54,EMP-006,CUST-7240,BRANCH-WEST,Services,32.6,0.0,0.0,Debit Card,0,NONE
TX-100176,2026-07-01 18:48:55,EMP-002,CUST-2874,BRANCH-CENTRAL,Services,103.87,0.0,0.0,Debit Card,0,NONE
TX-100177,2026-07-01 18:51:17,EMP-004,CUST-7779,BRANCH-WEST,Apparel,83.78,0.0,0.0,Cash,0,NONE
TX-100178,2026-07-01 18:52:40,EMP-006,CUST-7992,BRANCH-WEST,Apparel,73.87,0.0,0.0,Mobile Money,0,NONE
TX-100179,2026-07-01 18:58:15,EMP-008,CUST-2099,BRANCH-EAST,Groceries,39.32,0.0,0.0,Cash,0,NONE
TX-100180,2026-07-01 19:04:31,EMP-006,CUST-3131,BRANCH-WEST,Services,31.36,14.5,0.0,Cash,0,NONE
TX-100181,2026-07-01 19:07:42,EMP-007,CUST-6793,BRANCH-WEST,Hardware,51.58,0.0,0.0,Credit Card,0,NONE
TX-100182,2026-07-01 19:10:01,EMP-005,CUST-6761,BRANCH-CENTRAL,Groceries,38.55,0.0,0.0,Debit Card,0,NONE
TX-100183,2026-07-01 19:10:30,EMP-004,CUST-2773,BRANCH-WEST,Apparel,74.48,0.0,0.0,Credit Card,0,NONE
TX-100184,2026-07-01 19:11:07,EMP-004,CUST-8030,BRANCH-WEST,Services,68.38,0.0,0.0,Cash,0,NONE
TX-100185,2026-07-01 19:11:32,EMP-005,CUST-1474,BRANCH-CENTRAL,Electronics,81.63,0.0,0.0,Credit Card,0,NONE
TX-100186,2026-07-01 19:11:53,EMP-006,CUST-1100,BRANCH-WEST,Electronics,35.34,0.0,0.0,Debit Card,0,NONE
TX-100187,2026-07-01 19:18:47,EMP-002,CUST-3324,BRANCH-CENTRAL,Groceries,48.15,9.4,0.0,Debit Card,0,NONE
TX-100188,2026-07-01 19:23:40,EMP-006,CUST-3578,BRANCH-WEST,Apparel,72.21,0.0,0.0,Cash,0,NONE
TX-100189,2026-07-01 19:35:26,EMP-001,CUST-3549,BRANCH-WEST,Electronics,31.83,0.0,0.0,Cash,0,NONE
TX-100190,2026-07-01 19:52:30,EMP-005,CUST-8259,BRANCH-CENTRAL,Hardware,32.86,0.0,0.0,Credit Card,0,NONE
TX-100191,2026-07-01 19:52:50,EMP-004,CUST-9394,BRANCH-WEST,Groceries,95.67,0.0,0.0,Debit Card,0,NONE
TX-100192,2026-07-01 19:58:50,EMP-005,CUST-1744,BRANCH-CENTRAL,Electronics,17.72,0.0,0.0,Cash,0,NONE
TX-100193,2026-07-01 20:08:18,EMP-004,CUST-5938,BRANCH-WEST,Electronics,105.15,0.0,0.0,Credit Card,0,NONE
TX-100194,2026-07-01 20:08:46,EMP-006,CUST-2965,BRANCH-WEST,Groceries,37.49,0.0,0.0,Mobile Money,0,NONE
TX-100195,2026-07-01 20:11:17,EMP-007,CUST-9725,BRANCH-WEST,Electronics,51.67,0.0,0.0,Credit Card,0,NONE
TX-100196,2026-07-01 20:11:37,EMP-002,CUST-7505,BRANCH-CENTRAL,Groceries,77.83,0.0,0.0,Cash,0,NONE
TX-100197,2026-07-01 20:15:07,EMP-006,CUST-8033,BRANCH-WEST,Services,60.76,0.0,0.0,Credit Card,0,NONE
TX-100198,2026-07-01 20:28:12,EMP-002,CUST-7636,BRANCH-CENTRAL,Groceries,22.92,0.0,0.0,Debit Card,0,NONE
TX-100199,2026-07-01 20:36:19,EMP-006,CUST-2443,BRANCH-WEST,Hardware,29.38,0.0,0.0,Debit Card,0,NONE
TX-100200,2026-07-01 20:37:19,EMP-002,CUST-7484,BRANCH-CENTRAL,Apparel,45.33,0.0,0.0,Mobile Money,0,NONE
TX-100201,2026-07-01 20:57:08,EMP-002,CUST-9363,BRANCH-CENTRAL,Groceries,68.38,0.0,0.0,Credit Card,0,NONE
TX-100202,2026-07-01 20:57:28,EMP-006,CUST-3419,BRANCH-WEST,Electronics,53.16,6.1,0.0,Mobile Money,0,NONE
TX-100203,2026-07-02 08:29:48,EMP-002,CUST-3902,BRANCH-CENTRAL,Hardware,45.02,0.0,0.0,Debit Card,0,NONE
TX-100204,2026-07-02 08:33:46,EMP-006,CUST-6179,BRANCH-WEST,Electronics,35.37,0.0,0.0,Credit Card,0,NONE
TX-100205,2026-07-02 08:37:43,EMP-005,CUST-1920,BRANCH-CENTRAL,Apparel,102.32,0.0,0.0,Debit Card,0,NONE
TX-100206,2026-07-02 08:41:13,EMP-001,CUST-1932,BRANCH-WEST,Apparel,37.53,0.0,0.0,Cash,0,NONE
TX-100207,2026-07-02 08:45:05,EMP-007,CUST-8581,BRANCH-WEST,Services,80.35,0.0,0.0,Cash,0,NONE
TX-100208,2026-07-02 08:46:22,EMP-008,CUST-4084,BRANCH-EAST,Apparel,62.76,0.0,0.0,Cash,0,NONE
TX-100209,2026-07-02 08:48:06,EMP-008,CUST-2695,BRANCH-EAST,Apparel,36.62,0.0,0.0,Mobile Money,0,NONE
TX-100210,2026-07-02 08:51:36,EMP-001,CUST-5059,BRANCH-WEST,Hardware,16.68,0.0,0.0,Mobile Money,0,NONE
TX-100211,2026-07-02 08:58:19,EMP-006,CUST-7108,BRANCH-WEST,Apparel,50.56,0.0,0.0,Cash,0,NONE
TX-100212,2026-07-02 09:02:56,EMP-006,CUST-2079,BRANCH-WEST,Apparel,59.98,11.1,0.0,Mobile Money,0,NONE
TX-100213,2026-07-02 09:05:06,EMP-006,CUST-2335,BRANCH-WEST,Services,83.48,0.0,0.0,Credit Card,0,NONE
TX-100214,2026-07-02 09:15:53,EMP-007,CUST-3112,BRANCH-WEST,Services,50.09,0.0,0.0,Debit Card,0,NONE
TX-100215,2026-07-02 09:22:32,EMP-006,CUST-3093,BRANCH-WEST,Services,37.83,11.0,0.0,Cash,0,NONE
TX-100216,2026-07-02 09:39:59,EMP-006,CUST-6060,BRANCH-WEST,Electronics,49.06,0.0,0.0,Debit Card,0,NONE
TX-100217,2026-07-02 09:41:54,EMP-004,CUST-4711,BRANCH-WEST,Electronics,31.66,6.5,0.0,Cash,0,NONE
TX-100218,2026-07-02 09:55:54,EMP-006,CUST-3147,BRANCH-WEST,Services,48.63,0.0,0.0,Mobile Money,0,NONE
TX-100219,2026-07-02 09:58:25,EMP-008,CUST-1715,BRANCH-EAST,Hardware,76.38,0.0,0.0,Debit Card,0,NONE
TX-100220,2026-07-02 10:00:33,EMP-005,CUST-8355,BRANCH-CENTRAL,Electronics,42.19,0.0,0.0,Debit Card,0,NONE
TX-100221,2026-07-02 10:08:33,EMP-004,CUST-7026,BRANCH-WEST,Services,50.6,0.0,0.0,Credit Card,0,NONE
TX-100222,2026-07-02 10:15:15,EMP-007,CUST-9239,BRANCH-WEST,Services,102.44,0.0,0.0,Mobile Money,0,NONE
TX-100223,2026-07-02 10:26:50,EMP-003,CUST-5096,BRANCH-WEST,Groceries,74.38,0.0,0.0,Cash,0,NONE
TX-100224,2026-07-02 10:34:24,EMP-002,CUST-5670,BRANCH-CENTRAL,Groceries,38.16,0.0,0.0,Mobile Money,0,NONE
TX-100225,2026-07-02 10:34:57,EMP-007,CUST-2502,BRANCH-WEST,Electronics,25.21,0.0,0.0,Cash,0,NONE
TX-100226,2026-07-02 10:47:16,EMP-007,CUST-1872,BRANCH-WEST,Hardware,27.97,0.0,0.0,Cash,0,NONE
TX-100227,2026-07-02 10:51:43,EMP-006,CUST-4678,BRANCH-WEST,Groceries,54.66,0.0,0.0,Credit Card,0,NONE
TX-100228,2026-07-02 10:55:34,EMP-003,CUST-3254,BRANCH-WEST,Groceries,44.53,0.0,0.0,Mobile Money,0,NONE
TX-100229,2026-07-02 11:00:01,EMP-008,CUST-8349,BRANCH-EAST,Services,58.77,4.0,0.0,Mobile Money,0,NONE
TX-100230,2026-07-02 11:02:57,EMP-007,CUST-2821,BRANCH-WEST,Apparel,54.53,4.5,0.0,Debit Card,0,NONE
TX-100231,2026-07-02 11:10:35,EMP-002,CUST-2816,BRANCH-CENTRAL,Hardware,88.29,0.0,43.65,Mobile Money,0,NONE
TX-100232,2026-07-02 11:13:47,EMP-003,CUST-5772,BRANCH-WEST,Hardware,102.57,7.2,0.0,Mobile Money,0,NONE
TX-100233,2026-07-02 11:15:50,EMP-002,CUST-9576,BRANCH-CENTRAL,Apparel,47.34,9.3,0.0,Cash,0,NONE
TX-100234,2026-07-02 11:16:24,EMP-007,CUST-8702,BRANCH-WEST,Groceries,101.2,0.0,0.0,Credit Card,0,NONE
TX-100235,2026-07-02 11:17:21,EMP-001,CUST-6850,BRANCH-WEST,Groceries,58.57,0.0,0.0,Cash,0,NONE
TX-100236,2026-07-02 11:17:56,EMP-006,CUST-3185,BRANCH-WEST,Groceries,19.71,0.0,0.0,Mobile Money,0,NONE
TX-100237,2026-07-02 11:20:14,EMP-008,CUST-8840,BRANCH-EAST,Electronics,129.06,0.0,0.0,Debit Card,0,NONE
TX-100238,2026-07-02 11:29:36,EMP-001,CUST-5807,BRANCH-WEST,Electronics,43.17,5.4,0.0,Credit Card,0,NONE
TX-100239,2026-07-02 11:35:43,EMP-007,CUST-9897,BRANCH-WEST,Hardware,19.49,0.0,0.0,Mobile Money,0,NONE
TX-100240,2026-07-02 11:37:44,EMP-005,CUST-6848,BRANCH-CENTRAL,Groceries,68.91,0.0,0.0,Cash,0,NONE
TX-100241,2026-07-02 11:49:40,EMP-006,CUST-8159,BRANCH-WEST,Hardware,49.85,0.0,0.0,Debit Card,0,NONE
TX-100242,2026-07-02 11:50:18,EMP-006,CUST-4060,BRANCH-WEST,Hardware,42.67,0.0,0.0,Credit Card,0,NONE
TX-100243,2026-07-02 11:51:29,EMP-002,CUST-7955,BRANCH-CENTRAL,Groceries,62.86,0.0,0.0,Mobile Money,0,NONE
TX-100244,2026-07-02 11:53:56,EMP-005,CUST-6262,BRANCH-CENTRAL,Groceries,44.18,10.9,0.0,Debit Card,0,NONE
TX-100245,2026-07-02 11:55:31,EMP-003,CUST-8272,BRANCH-WEST,Apparel,77.48,0.0,0.0,Credit Card,0,NONE
TX-100246,2026-07-02 11:59:31,EMP-007,CUST-5498,BRANCH-WEST,Groceries,48.99,10.7,0.0,Mobile Money,0,NONE
TX-100247,2026-07-02 12:00:04,EMP-001,CUST-3339,BRANCH-WEST,Services,38.14,0.0,0.0,Mobile Money,0,NONE
TX-100248,2026-07-02 12:00:36,EMP-002,CUST-4866,BRANCH-CENTRAL,Apparel,26.76,0.0,0.0,Cash,0,NONE
TX-100249,2026-07-02 12:02:17,EMP-003,CUST-8371,BRANCH-WEST,Apparel,80.49,0.0,0.0,Mobile Money,0,NONE
TX-100250,2026-07-02 12:11:22,EMP-006,CUST-7521,BRANCH-WEST,Apparel,108.3,0.0,0.0,Cash,0,NONE
TX-100251,2026-07-02 12:12:07,EMP-001,CUST-4048,BRANCH-WEST,Hardware,34.17,0.0,0.0,Cash,0,NONE
TX-100252,2026-07-02 12:12:58,EMP-005,CUST-5264,BRANCH-CENTRAL,Hardware,30.7,10.3,0.0,Debit Card,0,NONE
TX-100253,2026-07-02 12:13:20,EMP-004,CUST-3009,BRANCH-WEST,Electronics,40.34,0.0,0.0,Debit Card,0,NONE
TX-100254,2026-07-02 12:13:50,EMP-002,CUST-6236,BRANCH-CENTRAL,Apparel,23.04,0.0,0.0,Credit Card,0,NONE
TX-100255,2026-07-02 12:15:38,EMP-005,CUST-3580,BRANCH-CENTRAL,Electronics,40.65,0.0,0.0,Cash,0,NONE
TX-100256,2026-07-02 12:18:26,EMP-004,CUST-3275,BRANCH-WEST,Electronics,49.55,0.0,0.0,Credit Card,0,NONE
TX-100257,2026-07-02 12:24:51,EMP-008,CUST-3126,BRANCH-EAST,Services,68.67,0.0,0.0,Debit Card,0,NONE
TX-100258,2026-07-02 12:28:48,EMP-008,CUST-9612,BRANCH-EAST,Hardware,98.83,0.0,0.0,Cash,0,NONE
TX-100259,2026-07-02 12:34:19,EMP-003,CUST-6194,BRANCH-WEST,Groceries,48.88,0.0,0.0,Credit Card,0,NONE
TX-100260,2026-07-02 12:35:07,EMP-003,CUST-3981,BRANCH-WEST,Electronics,50.52,0.0,0.0,Cash,0,NONE
TX-100261,2026-07-02 12:37:46,EMP-002,CUST-9488,BRANCH-CENTRAL,Electronics,25.28,0.0,0.0,Mobile Money,0,NONE
TX-100262,2026-07-02 12:41:37,EMP-006,CUST-9501,BRANCH-WEST,Apparel,32.4,0.0,0.0,Credit Card,0,NONE
TX-100263,2026-07-02 12:47:07,EMP-003,CUST-5961,BRANCH-WEST,Services,24.1,0.0,0.0,Mobile Money,0,NONE
TX-100264,2026-07-02 12:47:27,EMP-003,CUST-3804,BRANCH-WEST,Services,94.8,0.0,0.0,Cash,0,NONE
TX-100265,2026-07-02 12:56:28,EMP-001,CUST-2330,BRANCH-WEST,Groceries,25.29,0.0,0.0,Credit Card,0,NONE
TX-100266,2026-07-02 12:59:20,EMP-004,CUST-7825,BRANCH-WEST,Services,33.49,0.0,0.0,Credit Card,0,NONE
TX-100267,2026-07-02 13:01:42,EMP-005,CUST-8912,BRANCH-CENTRAL,Electronics,45.92,0.0,0.0,Credit Card,0,NONE
TX-100268,2026-07-02 13:04:44,EMP-008,CUST-2195,BRANCH-EAST,Groceries,46.79,8.0,0.0,Credit Card,0,NONE
TX-100269,2026-07-02 13:06:37,EMP-003,CUST-6121,BRANCH-WEST,Apparel,43.02,0.0,0.0,Debit Card,0,NONE
TX-100270,2026-07-02 13:06:57,EMP-003,CUST-7070,BRANCH-WEST,Services,40.09,0.0,0.0,Debit Card,0,NONE
TX-100271,2026-07-02 13:08:32,EMP-002,CUST-5382,BRANCH-CENTRAL,Hardware,32.72,4.2,0.0,Debit Card,0,NONE
TX-100272,2026-07-02 13:09:02,EMP-007,CUST-5067,BRANCH-WEST,Electronics,57.12,0.0,0.0,Credit Card,0,NONE
TX-100273,2026-07-02 13:13:34,EMP-004,CUST-3610,BRANCH-WEST,Hardware,78.15,0.0,0.0,Credit Card,0,NONE
TX-100274,2026-07-02 13:19:47,EMP-008,CUST-1379,BRANCH-EAST,Groceries,45.47,0.0,0.0,Mobile Money,0,NONE
TX-100275,2026-07-02 13:22:51,EMP-004,CUST-6781,BRANCH-WEST,Groceries,51.8,8.9,0.0,Debit Card,0,NONE
TX-100276,2026-07-02 13:26:23,EMP-005,CUST-9793,BRANCH-CENTRAL,Groceries,36.34,0.0,0.0,Credit Card,0,NONE
TX-100277,2026-07-02 13:26:55,EMP-006,CUST-7606,BRANCH-WEST,Apparel,87.53,3.6,0.0,Credit Card,0,NONE
TX-100278,2026-07-02 13:28:15,EMP-005,CUST-2204,BRANCH-CENTRAL,Hardware,83.03,0.0,0.0,Credit Card,0,NONE
TX-100279,2026-07-02 13:31:37,EMP-002,CUST-3108,BRANCH-CENTRAL,Groceries,24.37,0.0,0.0,Credit Card,0,NONE
TX-100280,2026-07-02 13:33:22,EMP-006,CUST-3363,BRANCH-WEST,Electronics,43.49,0.0,0.0,Cash,0,NONE
TX-100281,2026-07-02 13:34:26,EMP-001,CUST-1637,BRANCH-WEST,Electronics,41.78,0.0,0.0,Debit Card,0,NONE
TX-100282,2026-07-02 13:34:51,EMP-003,CUST-9446,BRANCH-WEST,Electronics,52.59,0.0,0.0,Mobile Money,0,NONE
TX-100283,2026-07-02 13:35:33,EMP-007,CUST-5902,BRANCH-WEST,Services,39.07,0.0,0.0,Debit Card,0,NONE
TX-100284,2026-07-02 13:36:22,EMP-005,CUST-8780,BRANCH-CENTRAL,Groceries,30.52,0.0,0.0,Debit Card,0,NONE
TX-100285,2026-07-02 13:45:26,EMP-005,CUST-1436,BRANCH-CENTRAL,Services,34.67,0.0,0.0,Mobile Money,0,NONE
TX-100286,2026-07-02 13:45:46,EMP-001,CUST-8871,BRANCH-WEST,Electronics,12.79,0.0,0.0,Debit Card,0,NONE
TX-100287,2026-07-02 14:01:55,EMP-003,CUST-4968,BRANCH-WEST,Groceries,87.95,0.0,0.0,Mobile Money,0,NONE
TX-100288,2026-07-02 14:02:23,EMP-001,CUST-8225,BRANCH-WEST,Apparel,47.03,0.0,0.0,Mobile Money,0,NONE
TX-100289,2026-07-02 14:10:24,EMP-007,CUST-9221,BRANCH-WEST,Services,49.84,0.0,0.0,Cash,0,NONE
TX-100290,2026-07-02 14:17:11,EMP-003,CUST-9498,BRANCH-WEST,Electronics,46.66,0.0,0.0,Debit Card,0,NONE
TX-100291,2026-07-02 14:21:36,EMP-007,CUST-6140,BRANCH-WEST,Electronics,40.75,0.0,0.0,Credit Card,0,NONE
TX-100292,2026-07-02 14:32:12,EMP-005,CUST-8932,BRANCH-CENTRAL,Electronics,111.12,0.0,0.0,Credit Card,0,NONE
TX-100293,2026-07-02 14:33:30,EMP-004,CUST-5876,BRANCH-WEST,Apparel,107.52,0.0,0.0,Debit Card,0,NONE
TX-100294,2026-07-02 14:39:22,EMP-006,CUST-8861,BRANCH-WEST,Apparel,33.32,0.0,0.0,Credit Card,0,NONE
TX-100295,2026-07-02 14:41:34,EMP-005,CUST-2996,BRANCH-CENTRAL,Services,28.23,0.0,0.0,Debit Card,0,NONE
TX-100296,2026-07-02 14:44:24,EMP-006,CUST-3399,BRANCH-WEST,Apparel,34.94,14.5,0.0,Debit Card,0,NONE
TX-100297,2026-07-02 14:48:10,EMP-005,CUST-8849,BRANCH-CENTRAL,Electronics,38.59,9.5,0.0,Credit Card,0,NONE
TX-100298,2026-07-02 14:49:31,EMP-003,CUST-2789,BRANCH-WEST,Services,38.71,0.0,0.0,Cash,0,NONE
TX-100299,2026-07-02 14:52:08,EMP-004,CUST-4814,BRANCH-WEST,Groceries,58.52,7.0,0.0,Mobile Money,0,NONE
TX-100300,2026-07-02 14:55:10,EMP-001,CUST-3587,BRANCH-WEST,Hardware,36.9,0.0,0.0,Debit Card,0,NONE
TX-100301,2026-07-02 14:55:44,EMP-008,CUST-4267,BRANCH-EAST,Apparel,56.09,0.0,0.0,Cash,0,NONE
TX-100302,2026-07-02 14:56:04,EMP-004,CUST-9767,BRANCH-WEST,Groceries,39.57,0.0,0.0,Mobile Money,0,NONE
TX-100303,2026-07-02 15:00:38,EMP-001,CUST-7504,BRANCH-WEST,Hardware,55.55,12.0,0.0,Credit Card,0,NONE
TX-100304,2026-07-02 15:06:20,EMP-001,CUST-1151,BRANCH-WEST,Apparel,28.49,0.0,0.0,Credit Card,0,NONE
TX-100305,2026-07-02 15:08:27,EMP-005,CUST-8444,BRANCH-CENTRAL,Services,132.47,0.0,0.0,Mobile Money,0,NONE
TX-100306,2026-07-02 15:10:09,EMP-008,CUST-5470,BRANCH-EAST,Electronics,72.72,0.0,0.0,Debit Card,0,NONE
TX-100307,2026-07-02 15:10:56,EMP-005,CUST-4050,BRANCH-CENTRAL,Groceries,46.13,0.0,0.0,Mobile Money,0,NONE
TX-100308,2026-07-02 15:11:16,EMP-003,CUST-7643,BRANCH-WEST,Hardware,80.5,0.0,0.0,Cash,0,NONE
TX-100309,2026-07-02 15:18:38,EMP-003,CUST-3303,BRANCH-WEST,Hardware,131.59,0.0,0.0,Credit Card,0,NONE
TX-100310,2026-07-02 15:19:14,EMP-007,CUST-4858,BRANCH-WEST,Hardware,39.63,0.0,0.0,Credit Card,0,NONE
TX-100311,2026-07-02 15:19:56,EMP-001,CUST-5285,BRANCH-WEST,Apparel,51.41,0.0,0.0,Cash,0,NONE
TX-100312,2026-07-02 15:20:39,EMP-008,CUST-6026,BRANCH-EAST,Electronics,86.05,0.0,0.0,Credit Card,0,NONE
TX-100313,2026-07-02 15:23:36,EMP-002,CUST-5833,BRANCH-CENTRAL,Apparel,69.98,0.0,0.0,Mobile Money,0,NONE
TX-100314,2026-07-02 15:25:22,EMP-008,CUST-3509,BRANCH-EAST,Hardware,59.66,0.0,0.0,Debit Card,0,NONE
TX-100315,2026-07-02 15:32:09,EMP-008,CUST-9806,BRANCH-EAST,Electronics,103.21,0.0,0.0,Cash,0,NONE
TX-100316,2026-07-02 15:34:27,EMP-008,CUST-9653,BRANCH-EAST,Apparel,49.7,9.8,0.0,Mobile Money,0,NONE
TX-100317,2026-07-02 15:35:53,EMP-003,CUST-3695,BRANCH-WEST,Apparel,23.69,0.0,0.0,Mobile Money,0,NONE
TX-100318,2026-07-02 15:41:23,EMP-008,CUST-2489,BRANCH-EAST,Services,33.09,0.0,0.0,Mobile Money,0,NONE
TX-100319,2026-07-02 15:50:34,EMP-007,CUST-8484,BRANCH-WEST,Services,52.16,8.5,0.0,Cash,0,NONE
TX-100320,2026-07-02 15:52:30,EMP-007,CUST-5169,BRANCH-WEST,Groceries,77.37,0.0,0.0,Cash,0,NONE
TX-100321,2026-07-02 15:56:24,EMP-007,CUST-6644,BRANCH-WEST,Groceries,54.06,0.0,0.0,Cash,0,NONE
TX-100322,2026-07-02 15:56:53,EMP-008,CUST-1519,BRANCH-EAST,Apparel,72.58,0.0,0.0,Debit Card,0,NONE
TX-100323,2026-07-02 15:58:30,EMP-006,CUST-7266,BRANCH-WEST,Hardware,55.49,0.0,0.0,Debit Card,0,NONE
TX-100324,2026-07-02 15:59:05,EMP-002,CUST-9835,BRANCH-CENTRAL,Electronics,55.25,0.0,0.0,Mobile Money,0,NONE
TX-100325,2026-07-02 16:02:07,EMP-007,CUST-9664,BRANCH-WEST,Electronics,90.77,0.0,0.0,Cash,0,NONE
TX-100326,2026-07-02 16:11:05,EMP-001,CUST-5888,BRANCH-WEST,Hardware,31.68,0.0,0.0,Debit Card,0,NONE
TX-100327,2026-07-02 16:12:34,EMP-004,CUST-5055,BRANCH-WEST,Hardware,62.21,0.0,0.0,Cash,0,NONE
TX-100328,2026-07-02 16:13:42,EMP-001,CUST-7868,BRANCH-WEST,Services,77.83,0.0,0.0,Cash,0,NONE
TX-100329,2026-07-02 16:22:04,EMP-004,CUST-4376,BRANCH-WEST,Groceries,62.16,3.4,0.0,Cash,0,NONE
TX-100330,2026-07-02 16:23:44,EMP-004,CUST-1724,BRANCH-WEST,Hardware,92.57,0.0,0.0,Cash,0,NONE
TX-100331,2026-07-02 16:24:22,EMP-003,CUST-9255,BRANCH-WEST,Apparel,52.91,14.0,0.0,Credit Card,0,NONE
TX-100332,2026-07-02 16:25:24,EMP-004,CUST-5944,BRANCH-WEST,Electronics,80.05,0.0,0.0,Debit Card,0,NONE
TX-100333,2026-07-02 16:29:29,EMP-005,CUST-5508,BRANCH-CENTRAL,Groceries,68.66,0.0,0.0,Mobile Money,0,NONE
TX-100334,2026-07-02 16:34:13,EMP-007,CUST-9120,BRANCH-WEST,Groceries,24.84,0.0,0.0,Debit Card,0,NONE
TX-100335,2026-07-02 16:35:54,EMP-006,CUST-7821,BRANCH-WEST,Hardware,48.74,7.5,0.0,Debit Card,0,NONE
TX-100336,2026-07-02 16:36:42,EMP-004,CUST-4692,BRANCH-WEST,Apparel,56.02,0.0,0.0,Debit Card,0,NONE
TX-100337,2026-07-02 16:38:44,EMP-001,CUST-7761,BRANCH-WEST,Hardware,57.46,0.0,0.0,Mobile Money,0,NONE
TX-100338,2026-07-02 16:41:12,EMP-005,CUST-4331,BRANCH-CENTRAL,Apparel,48.06,0.0,0.0,Credit Card,0,NONE
TX-100339,2026-07-02 16:44:58,EMP-002,CUST-9775,BRANCH-CENTRAL,Electronics,144.34,7.5,0.0,Cash,0,NONE
TX-100340,2026-07-02 16:45:18,EMP-002,CUST-4082,BRANCH-CENTRAL,Services,97.96,0.0,0.0,Debit Card,0,NONE
TX-100341,2026-07-02 16:55:31,EMP-004,CUST-6455,BRANCH-WEST,Apparel,67.66,0.0,63.72,Cash,0,NONE
TX-100342,2026-07-02 17:00:25,EMP-008,CUST-4974,BRANCH-EAST,Services,75.41,0.0,0.0,Mobile Money,0,NONE
TX-100343,2026-07-02 17:04:08,EMP-006,CUST-5637,BRANCH-WEST,Hardware,25.72,0.0,0.0,Credit Card,0,NONE
TX-100344,2026-07-02 17:06:20,EMP-005,CUST-6892,BRANCH-CENTRAL,Services,48.13,0.0,0.0,Debit Card,0,NONE
TX-100345,2026-07-02 17:16:43,EMP-006,CUST-4328,BRANCH-WEST,Apparel,44.93,0.0,0.0,Mobile Money,0,NONE
TX-100346,2026-07-02 17:19:06,EMP-003,CUST-1265,BRANCH-WEST,Apparel,202.56,0.0,0.0,Debit Card,0,NONE
TX-100347,2026-07-02 17:21:08,EMP-005,CUST-3497,BRANCH-CENTRAL,Electronics,56.09,0.0,0.0,Mobile Money,0,NONE
TX-100348,2026-07-02 17:21:28,EMP-008,CUST-6530,BRANCH-EAST,Apparel,109.1,0.0,0.0,Debit Card,0,NONE
TX-100349,2026-07-02 17:21:48,EMP-008,CUST-3756,BRANCH-EAST,Apparel,51.83,11.6,0.0,Cash,0,NONE
TX-100350,2026-07-02 17:23:25,EMP-001,CUST-2217,BRANCH-WEST,Groceries,57.89,0.0,0.0,Mobile Money,0,NONE
TX-100351,2026-07-02 17:33:30,EMP-002,CUST-3474,BRANCH-CENTRAL,Groceries,15.46,8.5,0.0,Debit Card,0,NONE
TX-100352,2026-07-02 17:35:12,EMP-008,CUST-1257,BRANCH-EAST,Groceries,119.33,0.0,0.0,Cash,0,NONE
TX-100353,2026-07-02 17:37:36,EMP-005,CUST-9777,BRANCH-CENTRAL,Apparel,30.66,12.8,0.0,Mobile Money,0,NONE
TX-100354,2026-07-02 17:38:37,EMP-002,CUST-2578,BRANCH-CENTRAL,Services,26.47,5.3,0.0,Credit Card,0,NONE
TX-100355,2026-07-02 17:39:23,EMP-005,CUST-7502,BRANCH-CENTRAL,Groceries,41.43,0.0,0.0,Mobile Money,0,NONE
TX-100356,2026-07-02 17:42:08,EMP-004,CUST-5914,BRANCH-WEST,Groceries,74.51,0.0,0.0,Cash,0,NONE
TX-100357,2026-07-02 17:43:56,EMP-002,CUST-7640,BRANCH-CENTRAL,Hardware,40.93,0.0,0.0,Cash,0,NONE
TX-100358,2026-07-02 17:47:24,EMP-003,CUST-2354,BRANCH-WEST,Hardware,40.89,0.0,0.0,Credit Card,0,NONE
TX-100359,2026-07-02 18:00:23,EMP-002,CUST-9653,BRANCH-CENTRAL,Groceries,55.43,13.8,0.0,Debit Card,0,NONE
TX-100360,2026-07-02 18:01:01,EMP-005,CUST-1762,BRANCH-CENTRAL,Groceries,30.92,0.0,0.0,Cash,0,NONE
TX-100361,2026-07-02 18:24:05,EMP-003,CUST-6152,BRANCH-WEST,Groceries,60.01,0.0,0.0,Debit Card,0,NONE
TX-100362,2026-07-02 18:26:52,EMP-002,CUST-5903,BRANCH-CENTRAL,Electronics,32.38,0.0,0.0,Debit Card,0,NONE
TX-100363,2026-07-02 18:32:24,EMP-006,CUST-7288,BRANCH-WEST,Electronics,45.94,0.0,0.0,Cash,0,NONE
TX-100364,2026-07-02 18:33:20,EMP-006,CUST-1879,BRANCH-WEST,Groceries,40.79,0.0,0.0,Credit Card,0,NONE
TX-100365,2026-07-02 18:34:10,EMP-007,CUST-6347,BRANCH-WEST,Groceries,55.52,0.0,0.0,Debit Card,0,NONE
TX-100366,2026-07-02 18:34:30,EMP-008,CUST-4737,BRANCH-EAST,Apparel,214.17,0.0,0.0,Mobile Money,0,NONE
TX-100367,2026-07-02 18:34:50,EMP-007,CUST-2404,BRANCH-WEST,Services,31.46,0.0,0.0,Cash,0,NONE
TX-100368,2026-07-02 18:40:48,EMP-002,CUST-5390,BRANCH-CENTRAL,Electronics,82.06,0.0,0.0,Mobile Money,0,NONE
TX-100369,2026-07-02 18:43:07,EMP-007,CUST-6188,BRANCH-WEST,Apparel,15.65,3.1,0.0,Credit Card,0,NONE
TX-100370,2026-07-02 18:45:09,EMP-005,CUST-2674,BRANCH-CENTRAL,Electronics,26.08,8.2,0.0,Debit Card,0,NONE
TX-100371,2026-07-02 18:45:57,EMP-002,CUST-1430,BRANCH-CENTRAL,Groceries,48.15,0.0,0.0,Credit Card,0,NONE
TX-100372,2026-07-02 18:53:51,EMP-007,CUST-1202,BRANCH-WEST,Apparel,48.4,0.0,0.0,Mobile Money,0,NONE
TX-100373,2026-07-02 18:55:06,EMP-003,CUST-7237,BRANCH-WEST,Electronics,81.95,6.6,0.0,Cash,0,NONE
TX-100374,2026-07-02 18:59:13,EMP-003,CUST-8121,BRANCH-WEST,Apparel,54.91,0.0,0.0,Cash,0,NONE
TX-100375,2026-07-02 18:59:53,EMP-006,CUST-5123,BRANCH-WEST,Electronics,41.63,0.0,0.0,Mobile Money,0,NONE
TX-100376,2026-07-02 19:04:55,EMP-008,CUST-2752,BRANCH-EAST,Electronics,64.73,0.0,0.0,Credit Card,0,NONE
TX-100377,2026-07-02 19:05:55,EMP-007,CUST-6399,BRANCH-WEST,Hardware,52.48,0.0,0.0,Mobile Money,0,NONE
TX-100378,2026-07-02 19:06:58,EMP-005,CUST-6253,BRANCH-CENTRAL,Services,46.32,0.0,0.0,Credit Card,0,NONE
TX-100379,2026-07-02 19:07:45,EMP-003,CUST-7524,BRANCH-WEST,Apparel,60.95,0.0,0.0,Debit Card,0,NONE
TX-100380,2026-07-02 19:11:58,EMP-004,CUST-6339,BRANCH-WEST,Hardware,44.3,0.0,0.0,Credit Card,0,NONE
TX-100381,2026-07-02 19:13:04,EMP-002,CUST-4273,BRANCH-CENTRAL,Services,39.62,0.0,0.0,Cash,0,NONE
TX-100382,2026-07-02 19:18:11,EMP-008,CUST-4434,BRANCH-EAST,Hardware,74.88,0.0,0.0,Cash,0,NONE
TX-100383,2026-07-02 19:20:12,EMP-007,CUST-9180,BRANCH-WEST,Electronics,58.02,0.0,0.0,Mobile Money,0,NONE
TX-100384,2026-07-02 19:24:36,EMP-007,CUST-7176,BRANCH-WEST,Groceries,38.52,0.0,0.0,Debit Card,0,NONE
TX-100385,2026-07-02 19:33:39,EMP-007,CUST-9907,BRANCH-WEST,Groceries,33.96,0.0,0.0,Cash,0,NONE
TX-100386,2026-07-02 19:33:59,EMP-002,CUST-5067,BRANCH-CENTRAL,Apparel,20.72,10.4,0.0,Debit Card,0,NONE
TX-100387,2026-07-02 19:42:54,EMP-006,CUST-8052,BRANCH-WEST,Groceries,95.03,6.1,0.0,Mobile Money,0,NONE
TX-100388,2026-07-02 19:49:42,EMP-008,CUST-7129,BRANCH-EAST,Hardware,38.54,0.0,0.0,Mobile Money,0,NONE
TX-100389,2026-07-02 19:51:36,EMP-006,CUST-1402,BRANCH-WEST,Hardware,29.75,8.0,0.0,Cash,0,NONE
TX-100390,2026-07-02 19:55:10,EMP-003,CUST-6707,BRANCH-WEST,Apparel,90.83,0.0,0.0,Debit Card,0,NONE
TX-100391,2026-07-02 19:57:16,EMP-006,CUST-8801,BRANCH-WEST,Groceries,22.74,0.0,0.0,Credit Card,0,NONE
TX-100392,2026-07-02 20:00:28,EMP-002,CUST-5919,BRANCH-CENTRAL,Groceries,19.96,0.0,0.0,Credit Card,0,NONE
TX-100393,2026-07-02 20:12:19,EMP-002,CUST-3692,BRANCH-CENTRAL,Electronics,34.38,0.0,0.0,Credit Card,0,NONE
TX-100394,2026-07-02 20:18:05,EMP-007,CUST-8570,BRANCH-WEST,Electronics,80.19,0.0,0.0,Mobile Money,0,NONE
TX-100395,2026-07-02 20:24:31,EMP-007,CUST-7481,BRANCH-WEST,Groceries,51.06,0.0,0.0,Debit Card,0,NONE
TX-100396,2026-07-02 20:26:43,EMP-007,CUST-7370,BRANCH-WEST,Groceries,136.58,0.0,0.0,Cash,0,NONE
TX-100397,2026-07-02 20:27:54,EMP-002,CUST-9796,BRANCH-CENTRAL,Electronics,59.45,0.0,0.0,Cash,0,NONE
TX-100398,2026-07-02 20:28:30,EMP-005,CUST-9019,BRANCH-CENTRAL,Services,24.81,0.0,0.0,Debit Card,0,NONE
TX-100399,2026-07-02 20:29:46,EMP-007,CUST-2871,BRANCH-WEST,Apparel,54.18,0.0,0.0,Mobile Money,0,NONE
TX-100400,2026-07-02 20:30:06,EMP-005,CUST-2388,BRANCH-CENTRAL,Electronics,21.28,0.0,0.0,Cash,0,NONE
TX-100401,2026-07-02 20:33:19,EMP-003,CUST-7116,BRANCH-WEST,Electronics,82.84,0.0,0.0,Mobile Money,0,NONE
TX-100402,2026-07-02 20:37:31,EMP-007,CUST-7931,BRANCH-WEST,Electronics,41.93,0.0,0.0,Mobile Money,0,NONE
TX-100403,2026-07-02 20:37:51,EMP-003,CUST-9022,BRANCH-WEST,Apparel,81.92,6.8,0.0,Cash,0,NONE
TX-100404,2026-07-02 20:38:26,EMP-006,CUST-1157,BRANCH-WEST,Hardware,89.06,12.8,0.0,Debit Card,0,NONE
TX-100405,2026-07-02 20:42:48,EMP-007,CUST-9056,BRANCH-WEST,Hardware,104.98,0.0,0.0,Mobile Money,0,NONE
TX-100406,2026-07-02 20:43:34,EMP-002,CUST-1505,BRANCH-CENTRAL,Electronics,40.91,0.0,0.0,Credit Card,0,NONE
TX-100407,2026-07-02 20:45:29,EMP-003,CUST-8492,BRANCH-WEST,Services,92.91,0.0,0.0,Cash,0,NONE
TX-100408,2026-07-02 20:48:24,EMP-002,CUST-5389,BRANCH-CENTRAL,Services,37.56,0.0,0.0,Cash,0,NONE
TX-100409,2026-07-02 20:52:05,EMP-008,CUST-9951,BRANCH-EAST,Electronics,73.67,0.0,0.0,Mobile Money,0,NONE
TX-100410,2026-07-02 20:53:12,EMP-005,CUST-1528,BRANCH-CENTRAL,Hardware,22.32,0.0,0.0,Cash,0,NONE
TX-100411,2026-07-02 20:54:57,EMP-008,CUST-2923,BRANCH-EAST,Electronics,47.04,11.9,0.0,Debit Card,0,NONE
TX-100412,2026-07-03 08:10:39,EMP-003,CUST-4385,BRANCH-WEST,Electronics,83.67,0.0,0.0,Credit Card,0,NONE
TX-100413,2026-07-03 08:13:14,EMP-003,CUST-6302,BRANCH-WEST,Apparel,29.36,0.0,0.0,Cash,0,NONE
TX-100414,2026-07-03 08:17:35,EMP-003,CUST-7743,BRANCH-WEST,Groceries,67.46,0.0,0.0,Mobile Money,0,NONE
TX-100415,2026-07-03 08:18:33,EMP-003,CUST-5090,BRANCH-WEST,Electronics,70.05,0.0,0.0,Debit Card,0,NONE
TX-100416,2026-07-03 08:18:53,EMP-008,CUST-3329,BRANCH-EAST,Services,88.56,0.0,0.0,Debit Card,0,NONE
TX-100417,2026-07-03 08:19:13,EMP-008,CUST-2237,BRANCH-EAST,Groceries,34.01,0.0,0.0,Credit Card,0,NONE
TX-100418,2026-07-03 08:21:57,EMP-008,CUST-8996,BRANCH-EAST,Apparel,31.5,0.0,0.0,Cash,0,NONE
TX-100419,2026-07-03 08:27:50,EMP-008,CUST-6869,BRANCH-EAST,Groceries,105.06,0.0,0.0,Debit Card,0,NONE
TX-100420,2026-07-03 08:28:17,EMP-004,CUST-9105,BRANCH-WEST,Apparel,56.25,0.0,0.0,Mobile Money,0,NONE
TX-100421,2026-07-03 08:31:01,EMP-008,CUST-6631,BRANCH-EAST,Groceries,57.95,10.5,0.0,Cash,0,NONE
TX-100422,2026-07-03 08:35:40,EMP-002,CUST-3588,BRANCH-CENTRAL,Hardware,21.79,0.0,0.0,Debit Card,0,NONE
TX-100423,2026-07-03 08:42:30,EMP-004,CUST-3161,BRANCH-WEST,Apparel,43.32,14.2,0.0,Credit Card,0,NONE
TX-100424,2026-07-03 08:48:55,EMP-005,CUST-2350,BRANCH-CENTRAL,Apparel,27.16,0.0,0.0,Cash,0,NONE
TX-100425,2026-07-03 08:52:29,EMP-007,CUST-6005,BRANCH-WEST,Electronics,78.67,0.0,0.0,Cash,0,NONE
TX-100426,2026-07-03 08:54:16,EMP-001,CUST-4496,BRANCH-WEST,Hardware,21.79,10.1,0.0,Debit Card,0,NONE
TX-100427,2026-07-03 08:57:23,EMP-001,CUST-1132,BRANCH-WEST,Apparel,35.63,0.0,0.0,Debit Card,0,NONE
TX-100428,2026-07-03 09:05:38,EMP-003,CUST-8826,BRANCH-WEST,Groceries,93.33,4.1,0.0,Cash,0,NONE
TX-100429,2026-07-03 09:09:56,EMP-006,CUST-7022,BRANCH-WEST,Apparel,56.74,12.3,0.0,Mobile Money,0,NONE
TX-100430,2026-07-03 09:14:38,EMP-003,CUST-2120,BRANCH-WEST,Services,52.69,0.0,0.0,Mobile Money,0,NONE
TX-100431,2026-07-03 09:17:19,EMP-008,CUST-6753,BRANCH-EAST,Electronics,89.58,0.0,0.0,Debit Card,0,NONE
TX-100432,2026-07-03 09:18:19,EMP-008,CUST-4559,BRANCH-EAST,Groceries,97.38,0.0,0.0,Cash,0,NONE
TX-100433,2026-07-03 09:18:39,EMP-007,CUST-6759,BRANCH-WEST,Hardware,55.0,0.0,0.0,Credit Card,0,NONE
TX-100434,2026-07-03 09:23:25,EMP-002,CUST-5065,BRANCH-CENTRAL,Services,53.71,0.0,0.0,Credit Card,0,NONE
TX-100435,2026-07-03 09:37:35,EMP-001,CUST-5942,BRANCH-WEST,Electronics,35.84,0.0,0.0,Debit Card,0,NONE
TX-100436,2026-07-03 09:49:07,EMP-005,CUST-1894,BRANCH-CENTRAL,Electronics,73.64,0.0,0.0,Debit Card,0,NONE
TX-100437,2026-07-03 09:56:33,EMP-002,CUST-9655,BRANCH-CENTRAL,Groceries,42.37,0.0,0.0,Mobile Money,0,NONE
TX-100438,2026-07-03 09:58:05,EMP-007,CUST-7895,BRANCH-WEST,Apparel,27.51,0.0,0.0,Debit Card,0,NONE
TX-100439,2026-07-03 09:58:35,EMP-002,CUST-1273,BRANCH-CENTRAL,Services,55.04,6.1,0.0,Cash,0,NONE
TX-100440,2026-07-03 09:58:55,EMP-007,CUST-9300,BRANCH-WEST,Apparel,32.39,0.0,0.0,Debit Card,0,NONE
TX-100441,2026-07-03 10:04:04,EMP-007,CUST-7590,BRANCH-WEST,Groceries,92.03,0.0,0.0,Mobile Money,0,NONE
TX-100442,2026-07-03 10:04:24,EMP-005,CUST-2369,BRANCH-CENTRAL,Apparel,53.35,14.1,0.0,Mobile Money,0,NONE
TX-100443,2026-07-03 10:10:39,EMP-006,CUST-7401,BRANCH-WEST,Services,18.03,0.0,0.0,Cash,0,NONE
TX-100444,2026-07-03 10:12:11,EMP-005,CUST-8167,BRANCH-CENTRAL,Electronics,65.47,4.0,0.0,Debit Card,0,NONE
TX-100445,2026-07-03 10:16:00,EMP-001,CUST-6067,BRANCH-WEST,Electronics,44.81,11.5,0.0,Mobile Money,0,NONE
TX-100446,2026-07-03 10:17:03,EMP-008,CUST-6680,BRANCH-EAST,Services,92.88,0.0,0.0,Credit Card,0,NONE
TX-100447,2026-07-03 10:23:27,EMP-003,CUST-7092,BRANCH-WEST,Electronics,66.01,0.0,0.0,Cash,0,NONE
TX-100448,2026-07-03 10:48:10,EMP-001,CUST-6488,BRANCH-WEST,Hardware,68.41,0.0,0.0,Cash,0,NONE
TX-100449,2026-07-03 10:50:13,EMP-008,CUST-8457,BRANCH-EAST,Services,49.54,0.0,0.0,Mobile Money,0,NONE
TX-100450,2026-07-03 10:52:49,EMP-006,CUST-3577,BRANCH-WEST,Apparel,64.98,0.0,0.0,Cash,0,NONE
TX-100451,2026-07-03 11:09:22,EMP-004,CUST-9336,BRANCH-WEST,Groceries,59.75,13.4,0.0,Debit Card,0,NONE
TX-100452,2026-07-03 11:15:12,EMP-006,CUST-7274,BRANCH-WEST,Electronics,20.15,14.5,0.0,Debit Card,0,NONE
TX-100453,2026-07-03 11:20:33,EMP-004,CUST-6272,BRANCH-WEST,Electronics,23.51,0.0,0.0,Credit Card,0,NONE
TX-100454,2026-07-03 11:21:38,EMP-002,CUST-7108,BRANCH-CENTRAL,Groceries,38.37,0.0,0.0,Mobile Money,0,NONE
TX-100455,2026-07-03 11:22:59,EMP-004,CUST-9450,BRANCH-WEST,Groceries,36.12,0.0,0.0,Debit Card,0,NONE
TX-100456,2026-07-03 11:24:23,EMP-005,CUST-6090,BRANCH-CENTRAL,Apparel,18.56,8.5,0.0,Credit Card,0,NONE
TX-100457,2026-07-03 11:28:56,EMP-005,CUST-4974,BRANCH-CENTRAL,Hardware,25.73,0.0,0.0,Mobile Money,0,NONE
TX-100458,2026-07-03 11:29:55,EMP-004,CUST-3466,BRANCH-WEST,Groceries,48.15,0.0,28.37,Cash,0,NONE
TX-100459,2026-07-03 11:38:22,EMP-006,CUST-1023,BRANCH-WEST,Hardware,29.62,0.0,0.0,Cash,0,NONE
TX-100460,2026-07-03 11:49:56,EMP-004,CUST-9680,BRANCH-WEST,Electronics,146.68,0.0,0.0,Mobile Money,0,NONE
TX-100461,2026-07-03 11:50:39,EMP-005,CUST-2524,BRANCH-CENTRAL,Groceries,32.86,0.0,0.0,Debit Card,0,NONE
TX-100462,2026-07-03 12:09:34,EMP-006,CUST-8511,BRANCH-WEST,Groceries,72.63,0.0,0.0,Debit Card,0,NONE
TX-100463,2026-07-03 12:12:26,EMP-002,CUST-2020,BRANCH-CENTRAL,Hardware,91.11,0.0,0.0,Credit Card,0,NONE
TX-100464,2026-07-03 12:13:28,EMP-005,CUST-6161,BRANCH-CENTRAL,Hardware,35.1,0.0,0.0,Credit Card,0,NONE
TX-100465,2026-07-03 12:14:17,EMP-008,CUST-5455,BRANCH-EAST,Electronics,51.46,5.4,0.0,Cash,0,NONE
TX-100466,2026-07-03 12:20:19,EMP-003,CUST-2731,BRANCH-WEST,Electronics,51.7,0.0,0.0,Cash,0,NONE
TX-100467,2026-07-03 12:34:13,EMP-006,CUST-4401,BRANCH-WEST,Hardware,39.82,0.0,0.0,Cash,0,NONE
TX-100468,2026-07-03 12:42:49,EMP-002,CUST-3582,BRANCH-CENTRAL,Apparel,37.13,0.0,0.0,Cash,0,NONE
TX-100469,2026-07-03 12:48:29,EMP-004,CUST-6370,BRANCH-WEST,Electronics,30.59,6.0,0.0,Cash,0,NONE
TX-100470,2026-07-03 12:53:14,EMP-005,CUST-5262,BRANCH-CENTRAL,Electronics,51.72,7.9,0.0,Mobile Money,0,NONE
TX-100471,2026-07-03 12:54:15,EMP-002,CUST-8570,BRANCH-CENTRAL,Groceries,37.08,0.0,0.0,Cash,0,NONE
TX-100472,2026-07-03 12:55:15,EMP-001,CUST-4641,BRANCH-WEST,Electronics,113.97,7.8,0.0,Cash,0,NONE
TX-100473,2026-07-03 12:58:43,EMP-005,CUST-2228,BRANCH-CENTRAL,Groceries,67.57,0.0,0.0,Debit Card,0,NONE
TX-100474,2026-07-03 12:59:06,EMP-003,CUST-2506,BRANCH-WEST,Apparel,54.9,14.3,0.0,Debit Card,0,NONE
TX-100475,2026-07-03 12:59:39,EMP-007,CUST-9128,BRANCH-WEST,Groceries,67.34,0.0,0.0,Credit Card,0,NONE
TX-100476,2026-07-03 13:08:26,EMP-004,CUST-4066,BRANCH-WEST,Apparel,66.25,0.0,0.0,Cash,0,NONE
TX-100477,2026-07-03 13:11:38,EMP-004,CUST-5835,BRANCH-WEST,Hardware,84.48,0.0,0.0,Cash,0,NONE
TX-100478,2026-07-03 13:11:59,EMP-002,CUST-5583,BRANCH-CENTRAL,Hardware,20.0,5.4,0.0,Mobile Money,0,NONE
TX-100479,2026-07-03 13:13:11,EMP-001,CUST-7266,BRANCH-WEST,Apparel,22.41,0.0,0.0,Credit Card,0,NONE
TX-100480,2026-07-03 13:18:19,EMP-006,CUST-7363,BRANCH-WEST,Apparel,29.42,6.8,0.0,Credit Card,0,NONE
TX-100481,2026-07-03 13:19:18,EMP-001,CUST-8728,BRANCH-WEST,Services,39.31,0.0,0.0,Mobile Money,0,NONE
TX-100482,2026-07-03 13:23:53,EMP-003,CUST-2640,BRANCH-WEST,Electronics,13.49,0.0,0.0,Cash,0,NONE
TX-100483,2026-07-03 13:27:28,EMP-004,CUST-7363,BRANCH-WEST,Apparel,35.07,0.0,0.0,Mobile Money,0,NONE
TX-100484,2026-07-03 13:34:25,EMP-003,CUST-4875,BRANCH-WEST,Services,117.26,0.0,0.0,Credit Card,0,NONE
TX-100485,2026-07-03 13:37:45,EMP-001,CUST-6761,BRANCH-WEST,Services,23.71,0.0,0.0,Mobile Money,0,NONE
TX-100486,2026-07-03 13:38:59,EMP-008,CUST-9882,BRANCH-EAST,Apparel,75.06,3.5,0.0,Mobile Money,0,NONE
TX-100487,2026-07-03 13:43:16,EMP-001,CUST-9625,BRANCH-WEST,Hardware,45.27,14.0,0.0,Mobile Money,0,NONE
TX-100488,2026-07-03 13:50:52,EMP-006,CUST-3907,BRANCH-WEST,Apparel,51.55,4.8,0.0,Mobile Money,0,NONE
TX-100489,2026-07-03 13:58:07,EMP-002,CUST-9622,BRANCH-CENTRAL,Apparel,60.6,0.0,0.0,Debit Card,0,NONE
TX-100490,2026-07-03 14:02:53,EMP-002,CUST-6514,BRANCH-CENTRAL,Apparel,69.16,0.0,0.0,Debit Card,0,NONE
TX-100491,2026-07-03 14:08:28,EMP-008,CUST-6198,BRANCH-EAST,Electronics,134.23,0.0,0.0,Credit Card,0,NONE
TX-100492,2026-07-03 14:09:09,EMP-004,CUST-3872,BRANCH-WEST,Hardware,43.91,0.0,0.0,Mobile Money,0,NONE
TX-100493,2026-07-03 14:14:35,EMP-003,CUST-1029,BRANCH-WEST,Services,44.41,0.0,0.0,Cash,0,NONE
TX-100494,2026-07-03 14:15:17,EMP-003,CUST-6213,BRANCH-WEST,Services,78.01,9.8,0.0,Mobile Money,0,NONE
TX-100495,2026-07-03 14:18:06,EMP-006,CUST-2274,BRANCH-WEST,Electronics,51.43,0.0,0.0,Cash,0,NONE
TX-100496,2026-07-03 14:18:26,EMP-006,CUST-8317,BRANCH-WEST,Groceries,62.06,0.0,0.0,Cash,0,NONE
TX-100497,2026-07-03 14:34:19,EMP-006,CUST-5205,BRANCH-WEST,Groceries,21.97,0.0,0.0,Debit Card,0,NONE
TX-100498,2026-07-03 14:38:18,EMP-007,CUST-3725,BRANCH-WEST,Hardware,72.68,0.0,0.0,Debit Card,0,NONE
TX-100499,2026-07-03 14:41:24,EMP-002,CUST-8855,BRANCH-CENTRAL,Services,23.93,0.0,0.0,Mobile Money,0,NONE
TX-100500,2026-07-03 14:47:27,EMP-008,CUST-2207,BRANCH-EAST,Groceries,75.96,0.0,0.0,Cash,0,NONE
TX-100501,2026-07-03 14:50:34,EMP-002,CUST-6600,BRANCH-CENTRAL,Electronics,36.67,0.0,0.0,Cash,0,NONE
TX-100502,2026-07-03 15:03:45,EMP-002,CUST-6536,BRANCH-CENTRAL,Services,75.69,0.0,0.0,Cash,0,NONE
TX-100503,2026-07-03 15:14:30,EMP-007,CUST-3703,BRANCH-WEST,Services,27.07,0.0,0.0,Cash,0,NONE
TX-100504,2026-07-03 15:14:55,EMP-006,CUST-4367,BRANCH-WEST,Electronics,46.48,0.0,0.0,Credit Card,0,NONE
TX-100505,2026-07-03 15:15:15,EMP-005,CUST-5872,BRANCH-CENTRAL,Electronics,53.25,7.7,0.0,Debit Card,0,NONE
TX-100506,2026-07-03 15:16:40,EMP-003,CUST-1893,BRANCH-WEST,Apparel,54.89,4.1,0.0,Debit Card,0,NONE
TX-100507,2026-07-03 15:20:09,EMP-004,CUST-2589,BRANCH-WEST,Groceries,56.12,10.7,0.0,Debit Card,0,NONE
TX-100508,2026-07-03 15:21:50,EMP-002,CUST-6052,BRANCH-CENTRAL,Hardware,35.39,0.0,0.0,Credit Card,0,NONE
TX-100509,2026-07-03 15:30:02,EMP-002,CUST-9914,BRANCH-CENTRAL,Hardware,46.53,13.6,0.0,Debit Card,0,NONE
TX-100510,2026-07-03 15:44:33,EMP-001,CUST-5313,BRANCH-WEST,Hardware,46.54,0.0,0.0,Credit Card,0,NONE
TX-100511,2026-07-03 15:44:53,EMP-001,CUST-3476,BRANCH-WEST,Groceries,31.14,7.1,0.0,Mobile Money,0,NONE
TX-100512,2026-07-03 15:45:13,EMP-001,CUST-7342,BRANCH-WEST,Services,37.19,0.0,0.0,Debit Card,0,NONE
TX-100513,2026-07-03 15:51:06,EMP-004,CUST-8803,BRANCH-WEST,Apparel,20.76,13.8,0.0,Mobile Money,0,NONE
TX-100514,2026-07-03 15:55:41,EMP-002,CUST-8357,BRANCH-CENTRAL,Electronics,20.43,0.0,0.0,Mobile Money,0,NONE
TX-100515,2026-07-03 16:19:05,EMP-004,CUST-3067,BRANCH-WEST,Groceries,43.2,0.0,0.0,Debit Card,0,NONE
TX-100516,2026-07-03 16:21:18,EMP-004,CUST-3422,BRANCH-WEST,Services,29.83,0.0,0.0,Cash,0,NONE
TX-100517,2026-07-03 16:27:38,EMP-002,CUST-7358,BRANCH-CENTRAL,Services,40.55,0.0,0.0,Credit Card,0,NONE
TX-100518,2026-07-03 16:32:21,EMP-008,CUST-1202,BRANCH-EAST,Services,111.62,0.0,0.0,Cash,0,NONE
TX-100519,2026-07-03 16:33:37,EMP-007,CUST-3451,BRANCH-WEST,Electronics,93.39,0.0,0.0,Cash,0,NONE
TX-100520,2026-07-03 16:45:40,EMP-002,CUST-2654,BRANCH-CENTRAL,Apparel,39.74,0.0,0.0,Debit Card,0,NONE
TX-100521,2026-07-03 16:57:10,EMP-005,CUST-7275,BRANCH-CENTRAL,Hardware,26.44,0.0,0.0,Mobile Money,0,NONE
TX-100522,2026-07-03 16:59:20,EMP-005,CUST-7602,BRANCH-CENTRAL,Electronics,25.5,0.0,0.0,Debit Card,0,NONE
TX-100523,2026-07-03 17:00:36,EMP-001,CUST-7484,BRANCH-WEST,Apparel,83.28,0.0,0.0,Debit Card,0,NONE
TX-100524,2026-07-03 17:17:08,EMP-005,CUST-7102,BRANCH-CENTRAL,Groceries,66.37,0.0,0.0,Credit Card,0,NONE
TX-100525,2026-07-03 17:18:10,EMP-005,CUST-9054,BRANCH-CENTRAL,Groceries,40.37,0.0,0.0,Credit Card,0,NONE
TX-100526,2026-07-03 17:19:07,EMP-008,CUST-6257,BRANCH-EAST,Apparel,69.67,0.0,0.0,Cash,0,NONE
TX-100527,2026-07-03 17:20:57,EMP-004,CUST-8237,BRANCH-WEST,Electronics,46.79,0.0,0.0,Debit Card,0,NONE
TX-100528,2026-07-03 17:28:56,EMP-006,CUST-1920,BRANCH-WEST,Services,53.92,0.0,0.0,Debit Card,0,NONE
TX-100529,2026-07-03 17:29:45,EMP-003,CUST-9589,BRANCH-WEST,Services,63.79,5.3,0.0,Cash,0,NONE
TX-100530,2026-07-03 17:37:52,EMP-004,CUST-1541,BRANCH-WEST,Hardware,71.33,7.3,0.0,Credit Card,0,NONE
TX-100531,2026-07-03 17:45:19,EMP-008,CUST-9275,BRANCH-EAST,Hardware,93.27,0.0,0.0,Cash,0,NONE
TX-100532,2026-07-03 17:51:02,EMP-004,CUST-7102,BRANCH-WEST,Hardware,33.92,0.0,0.0,Debit Card,0,NONE
TX-100533,2026-07-03 17:51:22,EMP-006,CUST-6640,BRANCH-WEST,Electronics,49.68,0.0,0.0,Cash,0,NONE
TX-100534,2026-07-03 18:01:30,EMP-005,CUST-1449,BRANCH-CENTRAL,Hardware,77.73,13.2,0.0,Mobile Money,0,NONE
TX-100535,2026-07-03 18:04:07,EMP-004,CUST-4688,BRANCH-WEST,Electronics,64.72,0.0,0.0,Cash,0,NONE
TX-100536,2026-07-03 18:04:36,EMP-001,CUST-8767,BRANCH-WEST,Electronics,46.71,0.0,0.0,Cash,0,NONE
TX-100537,2026-07-03 18:06:51,EMP-004,CUST-5135,BRANCH-WEST,Services,36.89,0.0,0.0,Credit Card,0,NONE
TX-100538,2026-07-03 18:07:44,EMP-007,CUST-7168,BRANCH-WEST,Apparel,37.1,0.0,0.0,Credit Card,0,NONE
TX-100539,2026-07-03 18:11:13,EMP-007,CUST-2676,BRANCH-WEST,Groceries,51.45,0.0,0.0,Credit Card,0,NONE
TX-100540,2026-07-03 18:12:28,EMP-005,CUST-5890,BRANCH-CENTRAL,Groceries,33.3,0.0,0.0,Credit Card,0,NONE
TX-100541,2026-07-03 18:14:53,EMP-006,CUST-5536,BRANCH-WEST,Apparel,67.24,0.0,0.0,Credit Card,0,NONE
TX-100542,2026-07-03 18:15:13,EMP-004,CUST-3456,BRANCH-WEST,Services,47.99,0.0,0.0,Debit Card,0,NONE
TX-100543,2026-07-03 18:17:49,EMP-006,CUST-3292,BRANCH-WEST,Groceries,31.51,0.0,0.0,Credit Card,0,NONE
TX-100544,2026-07-03 18:21:28,EMP-007,CUST-7628,BRANCH-WEST,Hardware,82.07,0.0,0.0,Mobile Money,0,NONE
TX-100545,2026-07-03 18:29:20,EMP-006,CUST-4643,BRANCH-WEST,Services,26.26,0.0,0.0,Credit Card,0,NONE
TX-100546,2026-07-03 18:35:23,EMP-005,CUST-3785,BRANCH-CENTRAL,Services,43.83,4.2,0.0,Credit Card,0,NONE
TX-100547,2026-07-03 18:35:49,EMP-003,CUST-6499,BRANCH-WEST,Groceries,49.98,5.7,0.0,Debit Card,0,NONE
TX-100548,2026-07-03 18:36:55,EMP-006,CUST-7089,BRANCH-WEST,Apparel,126.6,0.0,0.0,Cash,0,NONE
TX-100549,2026-07-03 18:41:45,EMP-008,CUST-1879,BRANCH-EAST,Services,66.7,0.0,0.0,Debit Card,0,NONE
TX-100550,2026-07-03 18:45:01,EMP-004,CUST-9199,BRANCH-WEST,Groceries,34.97,0.0,0.0,Credit Card,0,NONE
TX-100551,2026-07-03 18:46:44,EMP-007,CUST-1885,BRANCH-WEST,Electronics,52.67,5.4,0.0,Debit Card,0,NONE
TX-100552,2026-07-03 18:47:04,EMP-003,CUST-6183,BRANCH-WEST,Electronics,59.62,0.0,0.0,Mobile Money,0,NONE
TX-100553,2026-07-03 18:47:38,EMP-006,CUST-1950,BRANCH-WEST,Groceries,30.9,0.0,0.0,Mobile Money,0,NONE
TX-100554,2026-07-03 18:50:59,EMP-003,CUST-9021,BRANCH-WEST,Groceries,100.85,8.2,0.0,Debit Card,0,NONE
TX-100555,2026-07-03 18:51:52,EMP-008,CUST-7280,BRANCH-EAST,Groceries,89.19,5.4,0.0,Cash,0,NONE
TX-100556,2026-07-03 18:52:35,EMP-006,CUST-9700,BRANCH-WEST,Electronics,48.62,3.0,0.0,Mobile Money,0,NONE
TX-100557,2026-07-03 18:57:29,EMP-006,CUST-6113,BRANCH-WEST,Electronics,29.99,9.0,0.0,Cash,0,NONE
TX-100558,2026-07-03 18:57:49,EMP-001,CUST-5885,BRANCH-WEST,Apparel,89.17,0.0,0.0,Credit Card,0,NONE
TX-100559,2026-07-03 19:06:00,EMP-007,CUST-3192,BRANCH-WEST,Apparel,60.83,0.0,0.0,Mobile Money,0,NONE
TX-100560,2026-07-03 19:11:00,EMP-003,CUST-7609,BRANCH-WEST,Groceries,49.79,11.7,0.0,Cash,0,NONE
TX-100561,2026-07-03 19:17:44,EMP-003,CUST-3017,BRANCH-WEST,Apparel,105.5,0.0,0.0,Debit Card,0,NONE
TX-100562,2026-07-03 19:18:04,EMP-005,CUST-9761,BRANCH-CENTRAL,Services,46.65,14.9,0.0,Cash,0,NONE
TX-100563,2026-07-03 19:24:51,EMP-001,CUST-2897,BRANCH-WEST,Hardware,60.5,0.0,0.0,Credit Card,0,NONE
TX-100564,2026-07-03 19:27:15,EMP-008,CUST-3508,BRANCH-EAST,Electronics,80.71,0.0,0.0,Credit Card,0,NONE
TX-100565,2026-07-03 19:32:30,EMP-007,CUST-2654,BRANCH-WEST,Services,138.26,0.0,0.0,Mobile Money,0,NONE
TX-100566,2026-07-03 19:32:50,EMP-007,CUST-2718,BRANCH-WEST,Services,32.55,0.0,0.0,Cash,0,NONE
TX-100567,2026-07-03 19:39:04,EMP-002,CUST-9154,BRANCH-CENTRAL,Electronics,34.62,0.0,0.0,Mobile Money,0,NONE
TX-100568,2026-07-03 19:43:22,EMP-006,CUST-7713,BRANCH-WEST,Apparel,163.1,9.6,0.0,Debit Card,0,NONE
TX-100569,2026-07-03 19:48:26,EMP-006,CUST-4842,BRANCH-WEST,Groceries,41.13,4.1,0.0,Debit Card,0,NONE
TX-100570,2026-07-03 19:49:28,EMP-003,CUST-2475,BRANCH-WEST,Services,38.9,11.7,0.0,Mobile Money,0,NONE
TX-100571,2026-07-03 19:54:01,EMP-008,CUST-5850,BRANCH-EAST,Apparel,86.85,0.0,0.0,Mobile Money,0,NONE
TX-100572,2026-07-03 19:54:21,EMP-001,CUST-5760,BRANCH-WEST,Apparel,64.46,0.0,0.0,Cash,0,NONE
TX-100573,2026-07-03 19:59:32,EMP-002,CUST-1751,BRANCH-CENTRAL,Groceries,41.79,0.0,0.0,Mobile Money,0,NONE
TX-100574,2026-07-03 20:04:57,EMP-006,CUST-6857,BRANCH-WEST,Hardware,18.56,0.0,0.0,Cash,0,NONE
TX-100575,2026-07-03 20:06:48,EMP-006,CUST-6615,BRANCH-WEST,Electronics,28.63,7.8,0.0,Debit Card,0,NONE
TX-100576,2026-07-03 20:24:22,EMP-008,CUST-7909,BRANCH-EAST,Electronics,33.36,11.4,0.0,Mobile Money,0,NONE
TX-100577,2026-07-03 20:29:32,EMP-002,CUST-7816,BRANCH-CENTRAL,Services,108.13,0.0,0.0,Debit Card,0,NONE
TX-100578,2026-07-03 20:32:12,EMP-003,CUST-7221,BRANCH-WEST,Apparel,30.99,0.0,0.0,Mobile Money,0,NONE
TX-100579,2026-07-03 20:35:47,EMP-008,CUST-8997,BRANCH-EAST,Groceries,52.07,0.0,0.0,Cash,0,NONE
TX-100580,2026-07-03 20:45:31,EMP-005,CUST-6148,BRANCH-CENTRAL,Groceries,56.31,0.0,0.0,Mobile Money,0,NONE
TX-100581,2026-07-03 20:49:30,EMP-006,CUST-9504,BRANCH-WEST,Services,24.43,0.0,0.0,Debit Card,0,NONE
TX-100582,2026-07-03 20:54:47,EMP-004,CUST-8895,BRANCH-WEST,Apparel,62.15,0.0,0.0,Mobile Money,0,NONE
TX-100583,2026-07-04 08:22:57,EMP-001,CUST-1190,BRANCH-WEST,Electronics,28.98,0.0,0.0,Debit Card,0,NONE
TX-100584,2026-07-04 08:23:44,EMP-003,CUST-2226,BRANCH-WEST,Hardware,74.76,0.0,0.0,Credit Card,0,NONE
TX-100585,2026-07-04 08:26:26,EMP-001,CUST-9305,BRANCH-WEST,Electronics,34.6,0.0,0.0,Mobile Money,0,NONE
TX-100586,2026-07-04 08:27:34,EMP-002,CUST-8521,BRANCH-CENTRAL,Hardware,40.94,0.0,0.0,Debit Card,0,NONE
TX-100587,2026-07-04 08:30:27,EMP-008,CUST-6178,BRANCH-EAST,Groceries,108.68,0.0,0.0,Cash,0,NONE
TX-100588,2026-07-04 08:32:13,EMP-002,CUST-7609,BRANCH-CENTRAL,Hardware,26.12,9.6,0.0,Credit Card,0,NONE
TX-100589,2026-07-04 08:34:12,EMP-004,CUST-8474,BRANCH-WEST,Apparel,59.89,0.0,0.0,Mobile Money,0,NONE
TX-100590,2026-07-04 08:48:08,EMP-008,CUST-6439,BRANCH-EAST,Services,96.89,0.0,0.0,Credit Card,0,NONE
TX-100591,2026-07-04 08:49:42,EMP-008,CUST-2868,BRANCH-EAST,Groceries,38.46,0.0,0.0,Credit Card,0,NONE
TX-100592,2026-07-04 08:55:38,EMP-006,CUST-5783,BRANCH-WEST,Services,21.33,0.0,0.0,Cash,0,NONE
TX-100593,2026-07-04 08:55:58,EMP-003,CUST-9067,BRANCH-WEST,Electronics,57.17,0.0,0.0,Debit Card,0,NONE
TX-100594,2026-07-04 08:56:42,EMP-002,CUST-5166,BRANCH-CENTRAL,Services,17.11,4.4,0.0,Mobile Money,0,NONE
TX-100595,2026-07-04 09:03:45,EMP-008,CUST-4122,BRANCH-EAST,Apparel,75.54,8.0,0.0,Cash,0,NONE
TX-100596,2026-07-04 09:06:00,EMP-008,CUST-8493,BRANCH-EAST,Services,90.23,0.0,0.0,Debit Card,0,NONE
TX-100597,2026-07-04 09:10:54,EMP-001,CUST-9689,BRANCH-WEST,Groceries,21.09,0.0,0.0,Debit Card,0,NONE
TX-100598,2026-07-04 09:11:37,EMP-003,CUST-3845,BRANCH-WEST,Electronics,94.61,10.9,0.0,Credit Card,0,NONE
TX-100599,2026-07-04 09:14:11,EMP-007,CUST-7859,BRANCH-WEST,Services,89.76,0.0,0.0,Credit Card,0,NONE
TX-100600,2026-07-04 09:21:37,EMP-007,CUST-6617,BRANCH-WEST,Apparel,60.96,0.0,0.0,Debit Card,0,NONE
TX-100601,2026-07-04 09:29:43,EMP-005,CUST-9975,BRANCH-CENTRAL,Apparel,79.48,0.0,0.0,Mobile Money,0,NONE
TX-100602,2026-07-04 09:30:38,EMP-004,CUST-4435,BRANCH-WEST,Services,44.78,0.0,0.0,Mobile Money,0,NONE
TX-100603,2026-07-04 09:30:58,EMP-003,CUST-9255,BRANCH-WEST,Services,50.44,0.0,0.0,Cash,0,NONE
TX-100604,2026-07-04 09:33:59,EMP-006,CUST-8870,BRANCH-WEST,Services,40.5,0.0,0.0,Debit Card,0,NONE
TX-100605,2026-07-04 09:44:50,EMP-005,CUST-7920,BRANCH-CENTRAL,Groceries,27.81,0.0,0.0,Mobile Money,0,NONE
TX-100606,2026-07-04 09:46:21,EMP-001,CUST-1927,BRANCH-WEST,Electronics,30.27,0.0,0.0,Credit Card,0,NONE
TX-100607,2026-07-04 09:46:59,EMP-005,CUST-3399,BRANCH-CENTRAL,Groceries,44.49,0.0,0.0,Cash,0,NONE
TX-100608,2026-07-04 10:04:14,EMP-006,CUST-8415,BRANCH-WEST,Groceries,45.73,0.0,0.0,Mobile Money,0,NONE
TX-100609,2026-07-04 10:12:19,EMP-007,CUST-4892,BRANCH-WEST,Services,63.48,0.0,0.0,Credit Card,0,NONE
TX-100610,2026-07-04 10:14:44,EMP-001,CUST-7251,BRANCH-WEST,Hardware,15.33,0.0,0.0,Credit Card,0,NONE
TX-100611,2026-07-04 10:19:07,EMP-001,CUST-1212,BRANCH-WEST,Apparel,147.98,13.4,0.0,Debit Card,0,NONE
TX-100612,2026-07-04 10:19:43,EMP-004,CUST-7025,BRANCH-WEST,Services,34.01,0.0,0.0,Mobile Money,0,NONE
TX-100613,2026-07-04 10:24:11,EMP-005,CUST-8353,BRANCH-CENTRAL,Electronics,59.21,0.0,0.0,Mobile Money,0,NONE
TX-100614,2026-07-04 10:38:11,EMP-002,CUST-7180,BRANCH-CENTRAL,Groceries,49.75,0.0,0.0,Mobile Money,0,NONE
TX-100615,2026-07-04 10:40:31,EMP-003,CUST-5178,BRANCH-WEST,Groceries,48.22,0.0,0.0,Mobile Money,0,NONE
TX-100616,2026-07-04 10:48:37,EMP-001,CUST-3518,BRANCH-WEST,Apparel,50.47,0.0,0.0,Credit Card,0,NONE
TX-100617,2026-07-04 10:55:54,EMP-008,CUST-6866,BRANCH-EAST,Groceries,44.59,0.0,0.0,Mobile Money,0,NONE
TX-100618,2026-07-04 11:07:28,EMP-003,CUST-9529,BRANCH-WEST,Groceries,63.73,0.0,0.0,Debit Card,0,NONE
TX-100619,2026-07-04 11:11:18,EMP-002,CUST-6724,BRANCH-CENTRAL,Electronics,108.21,0.0,0.0,Credit Card,0,NONE
TX-100620,2026-07-04 11:19:25,EMP-006,CUST-5809,BRANCH-WEST,Electronics,35.1,0.0,0.0,Debit Card,0,NONE
TX-100621,2026-07-04 11:30:06,EMP-001,CUST-2879,BRANCH-WEST,Apparel,40.67,0.0,0.0,Mobile Money,0,NONE
TX-100622,2026-07-04 11:34:46,EMP-001,CUST-6258,BRANCH-WEST,Hardware,24.3,0.0,0.0,Debit Card,0,NONE
TX-100623,2026-07-04 11:39:04,EMP-005,CUST-9851,BRANCH-CENTRAL,Apparel,59.85,9.2,0.0,Debit Card,0,NONE
TX-100624,2026-07-04 11:41:04,EMP-008,CUST-1718,BRANCH-EAST,Apparel,47.61,0.0,0.0,Cash,0,NONE
TX-100625,2026-07-04 11:45:21,EMP-002,CUST-3742,BRANCH-CENTRAL,Services,50.2,0.0,0.0,Mobile Money,0,NONE
TX-100626,2026-07-04 12:15:07,EMP-004,CUST-7950,BRANCH-WEST,Groceries,81.55,12.9,0.0,Debit Card,0,NONE
TX-100627,2026-07-04 12:21:13,EMP-002,CUST-3519,BRANCH-CENTRAL,Groceries,39.21,0.0,0.0,Cash,0,NONE
TX-100628,2026-07-04 12:24:33,EMP-002,CUST-1889,BRANCH-CENTRAL,Electronics,56.63,0.0,0.0,Mobile Money,0,NONE
TX-100629,2026-07-04 12:26:37,EMP-005,CUST-7678,BRANCH-CENTRAL,Hardware,51.99,0.0,0.0,Credit Card,0,NONE
TX-100630,2026-07-04 12:28:12,EMP-001,CUST-7381,BRANCH-WEST,Groceries,63.2,0.0,0.0,Cash,0,NONE
TX-100631,2026-07-04 12:33:56,EMP-001,CUST-2189,BRANCH-WEST,Apparel,50.99,0.0,0.0,Credit Card,0,NONE
TX-100632,2026-07-04 12:40:19,EMP-002,CUST-5612,BRANCH-CENTRAL,Hardware,78.49,0.0,0.0,Cash,0,NONE
TX-100633,2026-07-04 12:40:49,EMP-008,CUST-3561,BRANCH-EAST,Services,59.9,12.0,0.0,Credit Card,0,NONE
TX-100634,2026-07-04 12:43:57,EMP-003,CUST-5883,BRANCH-WEST,Apparel,36.36,0.0,32.43,Mobile Money,0,NONE
TX-100635,2026-07-04 12:48:42,EMP-002,CUST-1684,BRANCH-CENTRAL,Groceries,20.97,0.0,0.0,Cash,0,NONE
TX-100636,2026-07-04 12:50:40,EMP-005,CUST-4441,BRANCH-CENTRAL,Apparel,22.03,13.9,0.0,Mobile Money,0,NONE
TX-100637,2026-07-04 12:52:32,EMP-003,CUST-4014,BRANCH-WEST,Electronics,56.38,0.0,0.0,Cash,0,NONE
TX-100638,2026-07-04 12:53:33,EMP-003,CUST-1891,BRANCH-WEST,Services,69.76,0.0,0.0,Credit Card,0,NONE
TX-100639,2026-07-04 12:57:57,EMP-002,CUST-5107,BRANCH-CENTRAL,Groceries,32.06,10.0,0.0,Credit Card,0,NONE
TX-100640,2026-07-04 13:01:48,EMP-003,CUST-4842,BRANCH-WEST,Groceries,23.49,0.0,0.0,Mobile Money,0,NONE
TX-100641,2026-07-04 13:09:45,EMP-006,CUST-8960,BRANCH-WEST,Hardware,31.59,0.0,0.0,Mobile Money,0,NONE
TX-100642,2026-07-04 13:12:40,EMP-006,CUST-6182,BRANCH-WEST,Hardware,35.01,6.8,0.0,Debit Card,0,NONE
TX-100643,2026-07-04 13:14:20,EMP-005,CUST-6889,BRANCH-CENTRAL,Electronics,43.91,0.0,0.0,Debit Card,0,NONE
TX-100644,2026-07-04 13:16:14,EMP-008,CUST-8296,BRANCH-EAST,Apparel,129.12,0.0,0.0,Cash,0,NONE
TX-100645,2026-07-04 13:19:17,EMP-003,CUST-2343,BRANCH-WEST,Apparel,28.44,0.0,0.0,Mobile Money,0,NONE
TX-100646,2026-07-04 13:23:01,EMP-005,CUST-2252,BRANCH-CENTRAL,Groceries,60.17,0.0,0.0,Cash,0,NONE
TX-100647,2026-07-04 13:28:04,EMP-007,CUST-4485,BRANCH-WEST,Groceries,67.09,0.0,0.0,Debit Card,0,NONE
TX-100648,2026-07-04 13:40:31,EMP-003,CUST-6993,BRANCH-WEST,Hardware,57.68,12.3,0.0,Credit Card,0,NONE
TX-100649,2026-07-04 13:50:59,EMP-003,CUST-8613,BRANCH-WEST,Services,77.1,0.0,0.0,Cash,0,NONE
TX-100650,2026-07-04 13:51:19,EMP-004,CUST-3717,BRANCH-WEST,Services,47.65,4.9,0.0,Mobile Money,0,NONE
TX-100651,2026-07-04 13:51:44,EMP-008,CUST-6878,BRANCH-EAST,Groceries,86.42,8.9,0.0,Credit Card,0,NONE
TX-100652,2026-07-04 13:54:23,EMP-004,CUST-1701,BRANCH-WEST,Electronics,35.06,0.0,0.0,Debit Card,0,NONE
TX-100653,2026-07-04 13:55:51,EMP-008,CUST-8448,BRANCH-EAST,Groceries,43.27,10.8,0.0,Credit Card,0,NONE
TX-100654,2026-07-04 14:02:20,EMP-005,CUST-9918,BRANCH-CENTRAL,Services,18.74,10.8,0.0,Cash,0,NONE
TX-100655,2026-07-04 14:06:06,EMP-005,CUST-7165,BRANCH-CENTRAL,Electronics,52.97,0.0,0.0,Credit Card,0,NONE
TX-100656,2026-07-04 14:11:08,EMP-008,CUST-8898,BRANCH-EAST,Services,51.36,13.6,0.0,Mobile Money,0,NONE
TX-100657,2026-07-04 14:11:39,EMP-002,CUST-9430,BRANCH-CENTRAL,Apparel,21.51,5.2,0.0,Cash,0,NONE
TX-100658,2026-07-04 14:12:26,EMP-004,CUST-7793,BRANCH-WEST,Apparel,33.54,0.0,0.0,Debit Card,0,NONE
TX-100659,2026-07-04 14:15:24,EMP-008,CUST-4452,BRANCH-EAST,Services,86.34,13.0,8.24,Mobile Money,0,NONE
TX-100660,2026-07-04 14:20:20,EMP-003,CUST-9399,BRANCH-WEST,Groceries,69.47,0.0,0.0,Mobile Money,0,NONE
TX-100661,2026-07-04 14:21:31,EMP-005,CUST-3949,BRANCH-CENTRAL,Services,29.06,0.0,0.0,Cash,0,NONE
TX-100662,2026-07-04 14:34:41,EMP-005,CUST-2404,BRANCH-CENTRAL,Electronics,83.09,0.0,0.0,Debit Card,0,NONE
TX-100663,2026-07-04 14:37:52,EMP-003,CUST-4594,BRANCH-WEST,Hardware,62.48,0.0,0.0,Mobile Money,0,NONE
TX-100664,2026-07-04 14:38:12,EMP-005,CUST-3747,BRANCH-CENTRAL,Apparel,54.79,0.0,0.0,Cash,0,NONE
TX-100665,2026-07-04 14:41:52,EMP-004,CUST-7196,BRANCH-WEST,Hardware,55.23,3.2,0.0,Debit Card,0,NONE
TX-100666,2026-07-04 14:48:42,EMP-003,CUST-2577,BRANCH-WEST,Electronics,56.87,0.0,0.0,Cash,0,NONE
TX-100667,2026-07-04 14:49:39,EMP-002,CUST-2526,BRANCH-CENTRAL,Hardware,52.62,0.0,0.0,Cash,0,NONE
TX-100668,2026-07-04 14:53:25,EMP-007,CUST-9553,BRANCH-WEST,Hardware,86.86,0.0,0.0,Debit Card,0,NONE
TX-100669,2026-07-04 15:02:37,EMP-004,CUST-8899,BRANCH-WEST,Hardware,45.31,0.0,0.0,Cash,0,NONE
TX-100670,2026-07-04 15:04:21,EMP-007,CUST-3193,BRANCH-WEST,Apparel,72.48,0.0,0.0,Cash,0,NONE
TX-100671,2026-07-04 15:05:38,EMP-005,CUST-9908,BRANCH-CENTRAL,Hardware,32.32,0.0,25.32,Cash,0,NONE
TX-100672,2026-07-04 15:12:33,EMP-002,CUST-9515,BRANCH-CENTRAL,Groceries,99.62,0.0,0.0,Credit Card,0,NONE
TX-100673,2026-07-04 15:12:57,EMP-007,CUST-6935,BRANCH-WEST,Groceries,35.67,10.8,0.0,Debit Card,0,NONE
TX-100674,2026-07-04 15:16:51,EMP-006,CUST-5514,BRANCH-WEST,Hardware,116.78,0.0,0.0,Debit Card,0,NONE
TX-100675,2026-07-04 15:17:35,EMP-003,CUST-7065,BRANCH-WEST,Services,37.03,0.0,0.0,Credit Card,0,NONE
TX-100676,2026-07-04 15:22:55,EMP-006,CUST-7522,BRANCH-WEST,Electronics,36.63,0.0,0.0,Mobile Money,0,NONE
TX-100677,2026-07-04 15:23:19,EMP-008,CUST-3650,BRANCH-EAST,Groceries,82.63,7.8,0.0,Cash,0,NONE
TX-100678,2026-07-04 15:23:39,EMP-003,CUST-7375,BRANCH-WEST,Groceries,112.13,0.0,0.0,Debit Card,0,NONE
TX-100679,2026-07-04 15:26:48,EMP-007,CUST-2444,BRANCH-WEST,Groceries,107.51,0.0,0.0,Cash,0,NONE
TX-100680,2026-07-04 15:27:51,EMP-007,CUST-7564,BRANCH-WEST,Services,99.86,0.0,0.0,Cash,0,NONE
TX-100681,2026-07-04 15:30:35,EMP-003,CUST-9099,BRANCH-WEST,Hardware,30.27,13.2,0.0,Credit Card,0,NONE
TX-100682,2026-07-04 15:48:12,EMP-004,CUST-1550,BRANCH-WEST,Services,62.52,0.0,0.0,Mobile Money,0,NONE
TX-100683,2026-07-04 15:50:16,EMP-001,CUST-6893,BRANCH-WEST,Electronics,27.87,0.0,0.0,Cash,0,NONE
TX-100684,2026-07-04 15:52:30,EMP-005,CUST-7544,BRANCH-CENTRAL,Apparel,68.75,0.0,0.0,Mobile Money,0,NONE
TX-100685,2026-07-04 16:11:27,EMP-001,CUST-2124,BRANCH-WEST,Groceries,64.84,0.0,0.0,Credit Card,0,NONE
TX-100686,2026-07-04 16:11:59,EMP-006,CUST-5530,BRANCH-WEST,Electronics,49.22,0.0,0.0,Debit Card,0,NONE
TX-100687,2026-07-04 16:15:26,EMP-001,CUST-5277,BRANCH-WEST,Electronics,31.02,0.0,0.0,Cash,0,NONE
TX-100688,2026-07-04 16:16:42,EMP-005,CUST-6570,BRANCH-CENTRAL,Groceries,27.0,0.0,0.0,Credit Card,0,NONE
TX-100689,2026-07-04 16:18:27,EMP-008,CUST-7178,BRANCH-EAST,Services,48.92,0.0,0.0,Credit Card,0,NONE
TX-100690,2026-07-04 16:18:47,EMP-008,CUST-8548,BRANCH-EAST,Services,47.88,0.0,0.0,Credit Card,0,NONE
TX-100691,2026-07-04 16:25:13,EMP-002,CUST-7269,BRANCH-CENTRAL,Electronics,44.59,0.0,0.0,Credit Card,0,NONE
TX-100692,2026-07-04 16:26:16,EMP-007,CUST-6785,BRANCH-WEST,Services,82.35,0.0,0.0,Credit Card,0,NONE
TX-100693,2026-07-04 16:30:28,EMP-004,CUST-5706,BRANCH-WEST,Groceries,54.47,0.0,0.0,Credit Card,0,NONE
TX-100694,2026-07-04 16:33:30,EMP-002,CUST-3924,BRANCH-CENTRAL,Hardware,25.92,0.0,0.0,Credit Card,0,NONE
TX-100695,2026-07-04 16:37:55,EMP-003,CUST-4115,BRANCH-WEST,Hardware,37.1,0.0,0.0,Mobile Money,0,NONE
TX-100696,2026-07-04 16:58:28,EMP-005,CUST-4387,BRANCH-CENTRAL,Electronics,60.57,6.0,0.0,Mobile Money,0,NONE
TX-100697,2026-07-04 17:03:42,EMP-002,CUST-2964,BRANCH-CENTRAL,Groceries,105.48,0.0,0.0,Cash,0,NONE
TX-100698,2026-07-04 17:06:12,EMP-001,CUST-8901,BRANCH-WEST,Apparel,41.2,0.0,0.0,Credit Card,0,NONE
TX-100699,2026-07-04 17:18:50,EMP-008,CUST-3996,BRANCH-EAST,Services,49.6,0.0,0.0,Mobile Money,0,NONE
TX-100700,2026-07-04 17:19:36,EMP-001,CUST-9613,BRANCH-WEST,Hardware,25.26,0.0,0.0,Credit Card,0,NONE
TX-100701,2026-07-04 17:22:40,EMP-007,CUST-3863,BRANCH-WEST,Hardware,68.73,0.0,0.0,Debit Card,0,NONE
TX-100702,2026-07-04 17:23:04,EMP-006,CUST-1137,BRANCH-WEST,Groceries,87.59,0.0,0.0,Cash,0,NONE
TX-100703,2026-07-04 17:24:46,EMP-006,CUST-6924,BRANCH-WEST,Services,37.41,0.0,0.0,Credit Card,0,NONE
TX-100704,2026-07-04 17:29:08,EMP-004,CUST-5413,BRANCH-WEST,Hardware,40.8,0.0,0.0,Mobile Money,0,NONE
TX-100705,2026-07-04 17:29:47,EMP-008,CUST-7945,BRANCH-EAST,Electronics,35.77,0.0,0.0,Credit Card,0,NONE
TX-100706,2026-07-04 17:49:20,EMP-007,CUST-5581,BRANCH-WEST,Hardware,53.51,4.6,0.0,Mobile Money,0,NONE
TX-100707,2026-07-04 17:56:42,EMP-002,CUST-5422,BRANCH-CENTRAL,Electronics,62.4,0.0,0.0,Mobile Money,0,NONE
TX-100708,2026-07-04 17:59:38,EMP-003,CUST-3450,BRANCH-WEST,Hardware,46.13,0.0,0.0,Debit Card,0,NONE
TX-100709,2026-07-04 18:05:15,EMP-003,CUST-9470,BRANCH-WEST,Services,71.52,0.0,0.0,Credit Card,0,NONE
TX-100710,2026-07-04 18:05:47,EMP-005,CUST-1781,BRANCH-CENTRAL,Hardware,55.58,5.0,0.0,Credit Card,0,NONE
TX-100711,2026-07-04 18:10:43,EMP-008,CUST-2577,BRANCH-EAST,Hardware,87.57,0.0,0.0,Credit Card,0,NONE
TX-100712,2026-07-04 18:11:03,EMP-005,CUST-6638,BRANCH-CENTRAL,Groceries,27.37,0.0,0.0,Mobile Money,0,NONE
TX-100713,2026-07-04 18:12:50,EMP-003,CUST-5663,BRANCH-WEST,Apparel,43.3,0.0,0.0,Debit Card,0,NONE
TX-100714,2026-07-04 18:13:12,EMP-002,CUST-7243,BRANCH-CENTRAL,Services,45.69,0.0,0.0,Mobile Money,0,NONE
TX-100715,2026-07-04 18:14:39,EMP-003,CUST-6527,BRANCH-WEST,Hardware,88.88,0.0,0.0,Cash,0,NONE
TX-100716,2026-07-04 18:16:40,EMP-002,CUST-3654,BRANCH-CENTRAL,Apparel,115.89,6.8,0.0,Credit Card,0,NONE
TX-100717,2026-07-04 18:19:34,EMP-007,CUST-5444,BRANCH-WEST,Hardware,31.12,0.0,0.0,Debit Card,0,NONE
TX-100718,2026-07-04 18:29:38,EMP-007,CUST-3741,BRANCH-WEST,Electronics,57.98,0.0,0.0,Mobile Money,0,NONE
TX-100719,2026-07-04 18:37:15,EMP-005,CUST-2311,BRANCH-CENTRAL,Electronics,44.28,4.2,0.0,Debit Card,0,NONE
TX-100720,2026-07-04 18:38:11,EMP-001,CUST-1431,BRANCH-WEST,Hardware,32.39,0.0,0.0,Cash,0,NONE
TX-100721,2026-07-04 18:46:35,EMP-005,CUST-3544,BRANCH-CENTRAL,Groceries,74.89,0.0,0.0,Credit Card,0,NONE
TX-100722,2026-07-04 18:54:41,EMP-004,CUST-5053,BRANCH-WEST,Apparel,67.0,0.0,0.0,Mobile Money,0,NONE
TX-100723,2026-07-04 18:56:08,EMP-001,CUST-1575,BRANCH-WEST,Apparel,51.67,0.0,0.0,Debit Card,0,NONE
TX-100724,2026-07-04 18:56:28,EMP-008,CUST-9856,BRANCH-EAST,Apparel,39.48,0.0,0.0,Mobile Money,0,NONE
TX-100725,2026-07-04 19:01:12,EMP-008,CUST-8126,BRANCH-EAST,Services,57.48,0.0,0.0,Credit Card,0,NONE
TX-100726,2026-07-04 19:02:53,EMP-008,CUST-9841,BRANCH-EAST,Electronics,68.93,0.0,0.0,Credit Card,0,NONE
TX-100727,2026-07-04 19:09:47,EMP-007,CUST-5256,BRANCH-WEST,Electronics,55.91,0.0,46.51,Mobile Money,0,NONE
TX-100728,2026-07-04 19:10:21,EMP-006,CUST-5698,BRANCH-WEST,Hardware,130.23,0.0,0.0,Debit Card,0,NONE
TX-100729,2026-07-04 19:16:08,EMP-008,CUST-5908,BRANCH-EAST,Groceries,58.86,0.0,0.0,Mobile Money,0,NONE
TX-100730,2026-07-04 19:16:54,EMP-001,CUST-9981,BRANCH-WEST,Apparel,12.66,13.6,0.0,Mobile Money,0,NONE
TX-100731,2026-07-04 19:17:31,EMP-003,CUST-7385,BRANCH-WEST,Hardware,66.51,4.0,0.0,Credit Card,0,NONE
TX-100732,2026-07-04 19:19:20,EMP-005,CUST-9715,BRANCH-CENTRAL,Apparel,55.68,0.0,0.0,Mobile Money,0,NONE
TX-100733,2026-07-04 19:21:35,EMP-003,CUST-5744,BRANCH-WEST,Groceries,66.22,0.0,0.0,Credit Card,0,NONE
TX-100734,2026-07-04 19:23:04,EMP-008,CUST-4076,BRANCH-EAST,Apparel,18.37,3.6,0.0,Mobile Money,0,NONE
TX-100735,2026-07-04 19:23:30,EMP-002,CUST-5622,BRANCH-CENTRAL,Apparel,50.13,8.3,9.07,Cash,0,NONE
TX-100736,2026-07-04 19:27:35,EMP-008,CUST-4558,BRANCH-EAST,Apparel,85.91,0.0,0.0,Debit Card,0,NONE
TX-100737,2026-07-04 19:31:47,EMP-006,CUST-8597,BRANCH-WEST,Groceries,24.12,0.0,0.0,Mobile Money,0,NONE
TX-100738,2026-07-04 19:32:26,EMP-001,CUST-5366,BRANCH-WEST,Hardware,28.94,8.6,0.0,Credit Card,0,NONE
TX-100739,2026-07-04 19:53:31,EMP-007,CUST-1206,BRANCH-WEST,Groceries,50.34,0.0,0.0,Debit Card,0,NONE
TX-100740,2026-07-04 19:53:51,EMP-008,CUST-5049,BRANCH-EAST,Groceries,52.28,11.8,0.0,Mobile Money,0,NONE
TX-100741,2026-07-04 19:54:22,EMP-008,CUST-7375,BRANCH-EAST,Apparel,56.0,0.0,0.0,Cash,0,NONE
TX-100742,2026-07-04 19:55:48,EMP-002,CUST-5150,BRANCH-CENTRAL,Hardware,50.33,0.0,0.0,Cash,0,NONE
TX-100743,2026-07-04 19:56:08,EMP-004,CUST-2850,BRANCH-WEST,Electronics,39.11,0.0,0.0,Mobile Money,0,NONE
TX-100744,2026-07-04 19:58:58,EMP-005,CUST-2960,BRANCH-CENTRAL,Hardware,22.21,0.0,5.72,Debit Card,0,NONE
TX-100745,2026-07-04 20:02:52,EMP-003,CUST-7084,BRANCH-WEST,Groceries,97.44,9.0,0.0,Credit Card,0,NONE
TX-100746,2026-07-04 20:05:51,EMP-001,CUST-1979,BRANCH-WEST,Apparel,24.66,0.0,0.0,Cash,0,NONE
TX-100747,2026-07-04 20:14:33,EMP-003,CUST-8992,BRANCH-WEST,Electronics,58.83,0.0,0.0,Credit Card,0,NONE
TX-100748,2026-07-04 20:16:56,EMP-008,CUST-4161,BRANCH-EAST,Groceries,53.63,0.0,0.0,Mobile Money,0,NONE
TX-100749,2026-07-04 20:19:04,EMP-005,CUST-1646,BRANCH-CENTRAL,Hardware,26.16,0.0,0.0,Debit Card,0,NONE
TX-100750,2026-07-04 20:26:05,EMP-004,CUST-4057,BRANCH-WEST,Services,77.04,0.0,0.0,Credit Card,0,NONE
TX-100751,2026-07-04 20:26:25,EMP-003,CUST-2128,BRANCH-WEST,Services,91.07,6.5,0.0,Credit Card,0,NONE
TX-100752,2026-07-04 20:28:34,EMP-008,CUST-1011,BRANCH-EAST,Services,56.49,0.0,0.0,Cash,0,NONE
TX-100753,2026-07-04 20:29:46,EMP-006,CUST-4912,BRANCH-WEST,Apparel,42.66,0.0,0.0,Debit Card,0,NONE
TX-100754,2026-07-04 20:35:28,EMP-004,CUST-9586,BRANCH-WEST,Hardware,54.48,0.0,0.0,Credit Card,0,NONE
TX-100755,2026-07-04 20:36:26,EMP-006,CUST-7714,BRANCH-WEST,Apparel,25.96,9.3,0.0,Mobile Money,0,NONE
TX-100756,2026-07-04 20:36:46,EMP-003,CUST-1512,BRANCH-WEST,Electronics,41.32,5.3,0.0,Debit Card,0,NONE
TX-100757,2026-07-04 20:39:56,EMP-008,CUST-9615,BRANCH-EAST,Services,66.45,0.0,0.0,Credit Card,0,NONE
TX-100758,2026-07-04 20:42:21,EMP-004,CUST-2161,BRANCH-WEST,Groceries,30.33,0.0,0.0,Debit Card,0,NONE
TX-100759,2026-07-04 20:43:55,EMP-002,CUST-8668,BRANCH-CENTRAL,Groceries,43.14,0.0,0.0,Debit Card,0,NONE
TX-100760,2026-07-04 20:49:15,EMP-006,CUST-1955,BRANCH-WEST,Services,15.24,0.0,0.0,Cash,0,NONE
TX-100761,2026-07-04 20:51:15,EMP-005,CUST-2276,BRANCH-CENTRAL,Electronics,36.27,0.0,0.0,Mobile Money,0,NONE
TX-100762,2026-07-04 20:53:42,EMP-007,CUST-4104,BRANCH-WEST,Electronics,58.86,0.0,0.0,Mobile Money,0,NONE
TX-100763,2026-07-05 08:22:47,EMP-007,CUST-2728,BRANCH-WEST,Services,56.84,0.0,0.0,Debit Card,0,NONE
TX-100764,2026-07-05 08:28:58,EMP-002,CUST-3733,BRANCH-CENTRAL,Electronics,73.45,0.0,0.0,Mobile Money,0,NONE
TX-100765,2026-07-05 08:31:16,EMP-008,CUST-6772,BRANCH-EAST,Apparel,40.69,0.0,0.0,Credit Card,0,NONE
TX-100766,2026-07-05 08:32:26,EMP-007,CUST-8054,BRANCH-WEST,Apparel,49.76,0.0,0.0,Mobile Money,0,NONE
TX-100767,2026-07-05 08:36:29,EMP-007,CUST-5162,BRANCH-WEST,Apparel,78.38,0.0,0.0,Debit Card,0,NONE
TX-100768,2026-07-05 08:40:47,EMP-001,CUST-1567,BRANCH-WEST,Apparel,44.68,0.0,0.0,Credit Card,0,NONE
TX-100769,2026-07-05 08:44:35,EMP-001,CUST-5920,BRANCH-WEST,Electronics,56.54,6.8,0.0,Credit Card,0,NONE
TX-100770,2026-07-05 08:44:55,EMP-003,CUST-2544,BRANCH-WEST,Groceries,37.81,0.0,0.0,Credit Card,0,NONE
TX-100771,2026-07-05 08:50:15,EMP-006,CUST-5093,BRANCH-WEST,Electronics,44.18,0.0,0.0,Debit Card,0,NONE
TX-100772,2026-07-05 08:53:07,EMP-004,CUST-2264,BRANCH-WEST,Apparel,46.8,0.0,0.0,Cash,0,NONE
TX-100773,2026-07-05 08:53:28,EMP-005,CUST-1612,BRANCH-CENTRAL,Services,46.14,0.0,0.0,Credit Card,0,NONE
TX-100774,2026-07-05 08:58:30,EMP-006,CUST-8115,BRANCH-WEST,Hardware,29.93,0.0,0.0,Mobile Money,0,NONE
TX-100775,2026-07-05 08:59:54,EMP-001,CUST-7266,BRANCH-WEST,Groceries,70.78,0.0,0.0,Mobile Money,0,NONE
TX-100776,2026-07-05 09:01:37,EMP-006,CUST-9231,BRANCH-WEST,Electronics,58.34,11.1,0.0,Debit Card,0,NONE
TX-100777,2026-07-05 09:02:26,EMP-002,CUST-4638,BRANCH-CENTRAL,Hardware,73.96,0.0,0.0,Mobile Money,0,NONE
TX-100778,2026-07-05 09:03:11,EMP-006,CUST-2352,BRANCH-WEST,Hardware,48.78,0.0,0.0,Debit Card,0,NONE
TX-100779,2026-07-05 09:08:57,EMP-005,CUST-2393,BRANCH-CENTRAL,Hardware,32.22,0.0,0.0,Mobile Money,0,NONE
TX-100780,2026-07-05 09:10:10,EMP-003,CUST-8879,BRANCH-WEST,Services,84.93,7.7,0.0,Mobile Money,0,NONE
TX-100781,2026-07-05 09:12:05,EMP-004,CUST-2173,BRANCH-WEST,Apparel,93.59,0.0,0.0,Cash,0,NONE
TX-100782,2026-07-05 09:13:00,EMP-002,CUST-7776,BRANCH-CENTRAL,Hardware,49.85,0.0,0.0,Credit Card,0,NONE
TX-100783,2026-07-05 09:18:57,EMP-001,CUST-5994,BRANCH-WEST,Electronics,26.01,0.0,0.0,Debit Card,0,NONE
TX-100784,2026-07-05 09:23:04,EMP-003,CUST-8216,BRANCH-WEST,Groceries,49.71,0.0,0.0,Credit Card,0,NONE
TX-100785,2026-07-05 09:36:53,EMP-003,CUST-2405,BRANCH-WEST,Groceries,65.76,0.0,0.0,Mobile Money,0,NONE
TX-100786,2026-07-05 09:43:17,EMP-005,CUST-1225,BRANCH-CENTRAL,Apparel,85.3,0.0,0.0,Debit Card,0,NONE
TX-100787,2026-07-05 09:48:47,EMP-008,CUST-1372,BRANCH-EAST,Apparel,151.41,9.5,0.0,Credit Card,0,NONE
TX-100788,2026-07-05 09:55:27,EMP-008,CUST-3315,BRANCH-EAST,Groceries,45.88,0.0,0.0,Cash,0,NONE
TX-100789,2026-07-05 09:57:06,EMP-005,CUST-3790,BRANCH-CENTRAL,Groceries,52.08,0.0,0.0,Credit Card,0,NONE
TX-100790,2026-07-05 10:07:37,EMP-001,CUST-8617,BRANCH-WEST,Groceries,30.19,10.9,0.0,Credit Card,0,NONE
TX-100791,2026-07-05 10:09:52,EMP-002,CUST-1312,BRANCH-CENTRAL,Apparel,24.68,0.0,0.0,Mobile Money,0,NONE
TX-100792,2026-07-05 10:12:10,EMP-007,CUST-9331,BRANCH-WEST,Groceries,67.21,0.0,0.0,Cash,0,NONE
TX-100793,2026-07-05 10:13:16,EMP-003,CUST-4258,BRANCH-WEST,Services,69.07,0.0,0.0,Cash,0,NONE
TX-100794,2026-07-05 10:13:47,EMP-001,CUST-5053,BRANCH-WEST,Services,43.37,0.0,0.0,Mobile Money,0,NONE
TX-100795,2026-07-05 10:17:56,EMP-001,CUST-6681,BRANCH-WEST,Apparel,36.64,0.0,0.0,Credit Card,0,NONE
TX-100796,2026-07-05 10:19:16,EMP-001,CUST-5221,BRANCH-WEST,Hardware,45.24,0.0,0.0,Cash,0,NONE
TX-100797,2026-07-05 10:26:45,EMP-005,CUST-4695,BRANCH-CENTRAL,Electronics,49.94,0.0,0.0,Mobile Money,0,NONE
TX-100798,2026-07-05 10:36:47,EMP-002,CUST-7262,BRANCH-CENTRAL,Services,64.04,0.0,0.0,Mobile Money,0,NONE
TX-100799,2026-07-05 10:39:15,EMP-007,CUST-4938,BRANCH-WEST,Services,35.91,14.6,0.0,Credit Card,0,NONE
TX-100800,2026-07-05 10:46:37,EMP-008,CUST-9883,BRANCH-EAST,Electronics,100.5,4.7,0.0,Mobile Money,0,NONE
TX-100801,2026-07-05 10:50:53,EMP-003,CUST-6062,BRANCH-WEST,Services,89.94,0.0,0.0,Mobile Money,0,NONE
TX-100802,2026-07-05 10:51:39,EMP-003,CUST-6201,BRANCH-WEST,Groceries,74.85,0.0,0.0,Cash,0,NONE
TX-100803,2026-07-05 11:02:43,EMP-003,CUST-6203,BRANCH-WEST,Electronics,65.51,0.0,0.0,Debit Card,0,NONE
TX-100804,2026-07-05 11:03:03,EMP-007,CUST-5970,BRANCH-WEST,Hardware,49.63,0.0,0.0,Credit Card,0,NONE
TX-100805,2026-07-05 11:08:13,EMP-003,CUST-4079,BRANCH-WEST,Groceries,62.18,3.3,0.0,Credit Card,0,NONE
TX-100806,2026-07-05 11:15:01,EMP-004,CUST-4804,BRANCH-WEST,Electronics,52.59,0.0,0.0,Debit Card,0,NONE
TX-100807,2026-07-05 11:22:21,EMP-003,CUST-9230,BRANCH-WEST,Services,33.02,0.0,0.0,Mobile Money,0,NONE
TX-100808,2026-07-05 11:27:37,EMP-007,CUST-9051,BRANCH-WEST,Hardware,145.8,5.3,0.0,Cash,0,NONE
TX-100809,2026-07-05 11:30:27,EMP-005,CUST-7767,BRANCH-CENTRAL,Electronics,71.89,0.0,0.0,Mobile Money,0,NONE
TX-100810,2026-07-05 11:31:51,EMP-002,CUST-3901,BRANCH-CENTRAL,Hardware,99.25,0.0,0.0,Credit Card,0,NONE
TX-100811,2026-07-05 11:40:06,EMP-008,CUST-5043,BRANCH-EAST,Hardware,89.2,0.0,0.0,Debit Card,0,NONE
TX-100812,2026-07-05 11:44:08,EMP-006,CUST-7457,BRANCH-WEST,Services,32.46,0.0,0.0,Cash,0,NONE
TX-100813,2026-07-05 11:46:36,EMP-002,CUST-8399,BRANCH-CENTRAL,Hardware,54.47,0.0,0.0,Mobile Money,0,NONE
TX-100814,2026-07-05 11:46:56,EMP-007,CUST-1643,BRANCH-WEST,Services,75.18,0.0,0.0,Cash,0,NONE
TX-100815,2026-07-05 12:06:09,EMP-004,CUST-5770,BRANCH-WEST,Hardware,34.19,0.0,0.0,Credit Card,0,NONE
TX-100816,2026-07-05 12:06:34,EMP-008,CUST-3727,BRANCH-EAST,Hardware,120.29,0.0,0.0,Mobile Money,0,NONE
TX-100817,2026-07-05 12:07:28,EMP-008,CUST-8400,BRANCH-EAST,Groceries,55.7,0.0,0.0,Mobile Money,0,NONE
TX-100818,2026-07-05 12:10:42,EMP-007,CUST-7775,BRANCH-WEST,Apparel,71.59,0.0,0.0,Mobile Money,0,NONE
TX-100819,2026-07-05 12:11:31,EMP-008,CUST-2477,BRANCH-EAST,Apparel,129.18,0.0,0.0,Mobile Money,0,NONE
TX-100820,2026-07-05 12:13:16,EMP-002,CUST-2494,BRANCH-CENTRAL,Groceries,49.78,0.0,0.0,Cash,0,NONE
TX-100821,2026-07-05 12:13:36,EMP-007,CUST-9383,BRANCH-WEST,Services,99.65,0.0,0.0,Debit Card,0,NONE
TX-100822,2026-07-05 12:19:19,EMP-001,CUST-3799,BRANCH-WEST,Apparel,20.55,0.0,0.0,Mobile Money,0,NONE
TX-100823,2026-07-05 12:19:57,EMP-003,CUST-3369,BRANCH-WEST,Electronics,39.28,0.0,0.0,Credit Card,0,NONE
TX-100824,2026-07-05 12:21:24,EMP-005,CUST-8311,BRANCH-CENTRAL,Apparel,30.67,0.0,0.0,Mobile Money,0,NONE
TX-100825,2026-07-05 12:26:31,EMP-004,CUST-1057,BRANCH-WEST,Services,20.22,0.0,12.57,Debit Card,0,NONE
TX-100826,2026-07-05 12:35:12,EMP-001,CUST-9084,BRANCH-WEST,Electronics,18.37,10.9,0.0,Debit Card,0,NONE
TX-100827,2026-07-05 12:37:19,EMP-002,CUST-1107,BRANCH-CENTRAL,Electronics,84.63,0.0,0.0,Mobile Money,0,NONE
TX-100828,2026-07-05 12:42:04,EMP-001,CUST-4028,BRANCH-WEST,Electronics,66.69,7.2,0.0,Cash,0,NONE
TX-100829,2026-07-05 12:42:27,EMP-005,CUST-6424,BRANCH-CENTRAL,Groceries,34.24,8.0,0.0,Credit Card,0,NONE
TX-100830,2026-07-05 12:45:59,EMP-003,CUST-8460,BRANCH-WEST,Services,175.04,0.0,0.0,Credit Card,0,NONE
TX-100831,2026-07-05 12:46:19,EMP-006,CUST-7038,BRANCH-WEST,Hardware,37.6,0.0,0.0,Cash,0,NONE
TX-100832,2026-07-05 12:49:47,EMP-005,CUST-8713,BRANCH-CENTRAL,Electronics,102.38,13.3,0.0,Debit Card,0,NONE
TX-100833,2026-07-05 12:53:29,EMP-004,CUST-4425,BRANCH-WEST,Services,121.25,9.9,0.0,Cash,0,NONE
TX-100834,2026-07-05 12:57:59,EMP-008,CUST-5705,BRANCH-EAST,Hardware,50.86,0.0,0.0,Credit Card,0,NONE
TX-100835,2026-07-05 13:04:57,EMP-003,CUST-9132,BRANCH-WEST,Services,93.8,0.0,0.0,Mobile Money,0,NONE
TX-100836,2026-07-05 13:07:42,EMP-004,CUST-5759,BRANCH-WEST,Electronics,85.72,3.3,0.0,Cash,0,NONE
TX-100837,2026-07-05 13:12:37,EMP-004,CUST-7793,BRANCH-WEST,Hardware,38.73,7.2,0.0,Mobile Money,0,NONE
TX-100838,2026-07-05 13:18:49,EMP-001,CUST-4296,BRANCH-WEST,Apparel,11.33,0.0,0.0,Credit Card,0,NONE
TX-100839,2026-07-05 13:19:27,EMP-006,CUST-1100,BRANCH-WEST,Groceries,61.59,0.0,0.0,Cash,0,NONE
TX-100840,2026-07-05 13:21:02,EMP-003,CUST-4178,BRANCH-WEST,Apparel,44.22,0.0,0.0,Debit Card,0,NONE
TX-100841,2026-07-05 13:22:01,EMP-008,CUST-1582,BRANCH-EAST,Electronics,63.4,0.0,0.0,Credit Card,0,NONE
TX-100842,2026-07-05 13:25:39,EMP-008,CUST-7782,BRANCH-EAST,Groceries,73.39,0.0,0.0,Credit Card,0,NONE
TX-100843,2026-07-05 13:27:50,EMP-001,CUST-4412,BRANCH-WEST,Services,51.14,0.0,0.0,Credit Card,0,NONE
TX-100844,2026-07-05 13:31:52,EMP-002,CUST-3446,BRANCH-CENTRAL,Apparel,37.53,0.0,0.0,Debit Card,0,NONE
TX-100845,2026-07-05 13:33:58,EMP-003,CUST-7382,BRANCH-WEST,Electronics,72.7,0.0,0.0,Credit Card,0,NONE
TX-100846,2026-07-05 13:41:17,EMP-006,CUST-1518,BRANCH-WEST,Apparel,73.66,0.0,0.0,Mobile Money,0,NONE
TX-100847,2026-07-05 13:44:49,EMP-006,CUST-8404,BRANCH-WEST,Apparel,17.96,6.6,0.0,Cash,0,NONE
TX-100848,2026-07-05 13:45:37,EMP-004,CUST-2517,BRANCH-WEST,Hardware,27.49,0.0,0.0,Mobile Money,0,NONE
TX-100849,2026-07-05 13:45:57,EMP-004,CUST-6572,BRANCH-WEST,Hardware,30.58,0.0,0.0,Credit Card,0,NONE
TX-100850,2026-07-05 13:46:17,EMP-003,CUST-2609,BRANCH-WEST,Services,50.96,0.0,0.0,Cash,0,NONE
TX-100851,2026-07-05 13:49:12,EMP-008,CUST-7350,BRANCH-EAST,Services,95.34,6.7,0.0,Cash,0,NONE
TX-100852,2026-07-05 13:50:37,EMP-006,CUST-8649,BRANCH-WEST,Groceries,68.37,12.2,0.0,Cash,0,NONE
TX-100853,2026-07-05 13:57:59,EMP-005,CUST-4438,BRANCH-CENTRAL,Apparel,40.59,6.4,0.0,Debit Card,0,NONE
TX-100854,2026-07-05 13:58:48,EMP-002,CUST-5467,BRANCH-CENTRAL,Electronics,40.29,4.4,0.0,Cash,0,NONE
TX-100855,2026-07-05 14:01:26,EMP-004,CUST-9888,BRANCH-WEST,Apparel,96.99,0.0,0.0,Credit Card,0,NONE
TX-100856,2026-07-05 14:02:00,EMP-004,CUST-3806,BRANCH-WEST,Groceries,56.91,0.0,0.0,Debit Card,0,NONE
TX-100857,2026-07-05 14:04:44,EMP-001,CUST-3131,BRANCH-WEST,Groceries,33.28,0.0,0.0,Cash,0,NONE
TX-100858,2026-07-05 14:07:01,EMP-007,CUST-1881,BRANCH-WEST,Groceries,77.64,0.0,0.0,Debit Card,0,NONE
TX-100859,2026-07-05 14:07:42,EMP-006,CUST-6119,BRANCH-WEST,Apparel,60.96,0.0,0.0,Cash,0,NONE
TX-100860,2026-07-05 14:11:28,EMP-008,CUST-3159,BRANCH-EAST,Groceries,80.5,0.0,0.0,Debit Card,0,NONE
TX-100861,2026-07-05 14:15:44,EMP-002,CUST-8464,BRANCH-CENTRAL,Apparel,33.94,0.0,0.0,Debit Card,0,NONE
TX-100862,2026-07-05 14:28:17,EMP-008,CUST-4796,BRANCH-EAST,Electronics,43.42,13.7,0.0,Credit Card,0,NONE
TX-100863,2026-07-05 14:29:25,EMP-007,CUST-4004,BRANCH-WEST,Apparel,34.65,0.0,0.0,Debit Card,0,NONE
TX-100864,2026-07-05 14:38:53,EMP-008,CUST-1495,BRANCH-EAST,Groceries,46.16,0.0,0.0,Debit Card,0,NONE
TX-100865,2026-07-05 14:44:34,EMP-003,CUST-5624,BRANCH-WEST,Apparel,42.66,0.0,0.0,Cash,0,NONE
TX-100866,2026-07-05 14:46:57,EMP-007,CUST-2752,BRANCH-WEST,Apparel,40.87,0.0,0.0,Credit Card,0,NONE
TX-100867,2026-07-05 14:47:17,EMP-008,CUST-7566,BRANCH-EAST,Services,66.95,0.0,0.0,Mobile Money,0,NONE
TX-100868,2026-07-05 14:56:45,EMP-008,CUST-7288,BRANCH-EAST,Groceries,70.53,0.0,0.0,Debit Card,0,NONE
TX-100869,2026-07-05 14:58:52,EMP-007,CUST-6606,BRANCH-WEST,Services,31.13,0.0,0.0,Cash,0,NONE
TX-100870,2026-07-05 15:00:34,EMP-008,CUST-2873,BRANCH-EAST,Services,75.3,0.0,0.0,Cash,0,NONE
TX-100871,2026-07-05 15:03:51,EMP-008,CUST-3886,BRANCH-EAST,Apparel,70.08,0.0,0.0,Cash,0,NONE
TX-100872,2026-07-05 15:14:53,EMP-007,CUST-6364,BRANCH-WEST,Hardware,49.29,0.0,0.0,Mobile Money,0,NONE
TX-100873,2026-07-05 15:16:05,EMP-003,CUST-1003,BRANCH-WEST,Electronics,49.25,0.0,0.0,Credit Card,0,NONE
TX-100874,2026-07-05 15:21:19,EMP-007,CUST-8326,BRANCH-WEST,Electronics,31.42,13.5,0.0,Credit Card,0,NONE
TX-100875,2026-07-05 15:24:38,EMP-007,CUST-6640,BRANCH-WEST,Groceries,66.83,0.0,0.0,Debit Card,0,NONE
TX-100876,2026-07-05 15:27:07,EMP-003,CUST-5819,BRANCH-WEST,Groceries,67.0,0.0,0.0,Cash,0,NONE
TX-100877,2026-07-05 15:28:50,EMP-001,CUST-6885,BRANCH-WEST,Groceries,46.14,0.0,0.0,Mobile Money,0,NONE
TX-100878,2026-07-05 15:29:19,EMP-007,CUST-7459,BRANCH-WEST,Apparel,42.73,0.0,0.0,Debit Card,0,NONE
TX-100879,2026-07-05 15:30:28,EMP-004,CUST-3841,BRANCH-WEST,Hardware,40.65,9.7,0.0,Credit Card,0,NONE
TX-100880,2026-07-05 15:38:04,EMP-007,CUST-3527,BRANCH-WEST,Apparel,81.85,0.0,0.0,Mobile Money,0,NONE
TX-100881,2026-07-05 15:38:33,EMP-001,CUST-2175,BRANCH-WEST,Groceries,130.78,13.6,0.0,Mobile Money,0,NONE
TX-100882,2026-07-05 15:46:25,EMP-002,CUST-3248,BRANCH-CENTRAL,Hardware,38.46,0.0,0.0,Debit Card,0,NONE
TX-100883,2026-07-05 15:51:20,EMP-003,CUST-8444,BRANCH-WEST,Services,69.21,0.0,0.0,Debit Card,0,NONE
TX-100884,2026-07-05 15:54:28,EMP-006,CUST-4698,BRANCH-WEST,Electronics,41.39,0.0,23.13,Mobile Money,0,NONE
TX-100885,2026-07-05 15:57:07,EMP-005,CUST-7731,BRANCH-CENTRAL,Services,30.51,0.0,0.0,Cash,0,NONE
TX-100886,2026-07-05 15:57:50,EMP-008,CUST-7038,BRANCH-EAST,Groceries,55.07,0.0,0.0,Cash,0,NONE
TX-100887,2026-07-05 15:59:57,EMP-003,CUST-9624,BRANCH-WEST,Apparel,159.67,0.0,0.0,Cash,0,NONE
TX-100888,2026-07-05 16:04:09,EMP-004,CUST-8740,BRANCH-WEST,Groceries,37.68,0.0,0.0,Credit Card,0,NONE
TX-100889,2026-07-05 16:07:01,EMP-001,CUST-6628,BRANCH-WEST,Services,40.78,0.0,0.0,Debit Card,0,NONE
TX-100890,2026-07-05 16:13:35,EMP-006,CUST-7897,BRANCH-WEST,Apparel,32.1,0.0,0.0,Credit Card,0,NONE
TX-100891,2026-07-05 16:19:45,EMP-003,CUST-1578,BRANCH-WEST,Services,62.94,0.0,0.0,Credit Card,0,NONE
TX-100892,2026-07-05 16:20:38,EMP-001,CUST-8752,BRANCH-WEST,Services,28.68,3.6,0.0,Cash,0,NONE
TX-100893,2026-07-05 16:22:14,EMP-005,CUST-8942,BRANCH-CENTRAL,Groceries,35.21,3.9,0.0,Credit Card,0,NONE
TX-100894,2026-07-05 16:27:53,EMP-003,CUST-5603,BRANCH-WEST,Apparel,33.71,0.0,8.2,Mobile Money,0,NONE
TX-100895,2026-07-05 16:36:17,EMP-003,CUST-8317,BRANCH-WEST,Apparel,67.45,0.0,0.0,Mobile Money,0,NONE
TX-100896,2026-07-05 16:44:45,EMP-008,CUST-3962,BRANCH-EAST,Services,57.29,0.0,0.0,Cash,0,NONE
TX-100897,2026-07-05 16:47:09,EMP-003,CUST-3525,BRANCH-WEST,Hardware,81.35,0.0,0.0,Debit Card,0,NONE
TX-100898,2026-07-05 17:03:56,EMP-004,CUST-8211,BRANCH-WEST,Electronics,50.47,11.8,0.0,Credit Card,0,NONE
TX-100899,2026-07-05 17:13:31,EMP-002,CUST-1860,BRANCH-CENTRAL,Electronics,31.55,0.0,0.0,Debit Card,0,NONE
TX-100900,2026-07-05 17:16:36,EMP-004,CUST-7222,BRANCH-WEST,Hardware,33.48,0.0,0.0,Debit Card,0,NONE
TX-100901,2026-07-05 17:20:52,EMP-001,CUST-5731,BRANCH-WEST,Hardware,39.36,0.0,0.0,Cash,0,NONE
TX-100902,2026-07-05 17:27:46,EMP-002,CUST-9704,BRANCH-CENTRAL,Apparel,79.19,0.0,0.0,Credit Card,0,NONE
TX-100903,2026-07-05 17:41:07,EMP-006,CUST-5429,BRANCH-WEST,Apparel,33.26,0.0,0.0,Debit Card,0,NONE
TX-100904,2026-07-05 17:42:01,EMP-008,CUST-4961,BRANCH-EAST,Services,29.56,0.0,0.0,Mobile Money,0,NONE
TX-100905,2026-07-05 17:48:18,EMP-006,CUST-9972,BRANCH-WEST,Groceries,47.01,0.0,0.0,Cash,0,NONE
TX-100906,2026-07-05 17:51:44,EMP-007,CUST-2600,BRANCH-WEST,Services,88.38,8.4,0.0,Credit Card,0,NONE
TX-100907,2026-07-05 17:53:44,EMP-005,CUST-4163,BRANCH-CENTRAL,Groceries,56.41,4.1,0.0,Mobile Money,0,NONE
TX-100908,2026-07-05 18:03:35,EMP-002,CUST-2965,BRANCH-CENTRAL,Groceries,25.38,0.0,0.0,Mobile Money,0,NONE
TX-100909,2026-07-05 18:08:20,EMP-002,CUST-4018,BRANCH-CENTRAL,Apparel,46.32,0.0,0.0,Cash,0,NONE
TX-100910,2026-07-05 18:14:38,EMP-008,CUST-5528,BRANCH-EAST,Hardware,98.05,0.0,0.0,Credit Card,0,NONE
TX-100911,2026-07-05 18:24:05,EMP-005,CUST-3653,BRANCH-CENTRAL,Groceries,36.55,0.0,0.0,Debit Card,0,NONE
TX-100912,2026-07-05 18:25:22,EMP-006,CUST-1984,BRANCH-WEST,Apparel,33.59,0.0,0.0,Debit Card,0,NONE
TX-100913,2026-07-05 18:34:20,EMP-002,CUST-9056,BRANCH-CENTRAL,Electronics,34.83,0.0,0.0,Debit Card,0,NONE
TX-100914,2026-07-05 18:38:34,EMP-002,CUST-3357,BRANCH-CENTRAL,Services,40.16,0.0,0.0,Cash,0,NONE
TX-100915,2026-07-05 18:42:23,EMP-008,CUST-5243,BRANCH-EAST,Groceries,39.92,3.8,0.0,Debit Card,0,NONE
TX-100916,2026-07-05 18:42:43,EMP-001,CUST-9154,BRANCH-WEST,Electronics,43.0,0.0,6.44,Debit Card,0,NONE
TX-100917,2026-07-05 18:45:31,EMP-005,CUST-3483,BRANCH-CENTRAL,Apparel,49.39,0.0,0.0,Debit Card,0,NONE
TX-100918,2026-07-05 18:59:10,EMP-008,CUST-8144,BRANCH-EAST,Hardware,75.91,0.0,0.0,Cash,0,NONE
TX-100919,2026-07-05 19:03:34,EMP-004,CUST-1054,BRANCH-WEST,Hardware,50.84,0.0,0.0,Debit Card,0,NONE
TX-100920,2026-07-05 19:07:35,EMP-002,CUST-9770,BRANCH-CENTRAL,Apparel,25.73,0.0,0.0,Cash,0,NONE
TX-100921,2026-07-05 19:07:55,EMP-002,CUST-6985,BRANCH-CENTRAL,Services,39.16,0.0,0.0,Debit Card,0,NONE
TX-100922,2026-07-05 19:11:11,EMP-005,CUST-4327,BRANCH-CENTRAL,Electronics,99.28,0.0,0.0,Mobile Money,0,NONE
TX-100923,2026-07-05 19:20:01,EMP-005,CUST-7391,BRANCH-CENTRAL,Groceries,49.0,0.0,0.0,Cash,0,NONE
TX-100924,2026-07-05 19:20:21,EMP-008,CUST-4104,BRANCH-EAST,Electronics,46.89,3.3,0.0,Mobile Money,0,NONE
TX-100925,2026-07-05 19:28:09,EMP-008,CUST-7369,BRANCH-EAST,Groceries,88.12,0.0,0.0,Debit Card,0,NONE
TX-100926,2026-07-05 19:34:59,EMP-008,CUST-1268,BRANCH-EAST,Groceries,152.0,0.0,0.0,Cash,0,NONE
TX-100927,2026-07-05 19:36:29,EMP-007,CUST-2936,BRANCH-WEST,Electronics,60.64,0.0,0.0,Debit Card,0,NONE
TX-100928,2026-07-05 19:39:01,EMP-003,CUST-4817,BRANCH-WEST,Groceries,59.99,4.7,0.0,Debit Card,0,NONE
TX-100929,2026-07-05 19:40:47,EMP-001,CUST-4976,BRANCH-WEST,Electronics,71.01,10.6,0.0,Cash,0,NONE
TX-100930,2026-07-05 19:43:30,EMP-008,CUST-3796,BRANCH-EAST,Services,53.84,12.8,0.0,Mobile Money,0,NONE
TX-100931,2026-07-05 19:44:15,EMP-002,CUST-4320,BRANCH-CENTRAL,Hardware,68.67,0.0,0.0,Debit Card,0,NONE
TX-100932,2026-07-05 19:49:13,EMP-006,CUST-2979,BRANCH-WEST,Services,33.31,0.0,0.0,Mobile Money,0,NONE
TX-100933,2026-07-05 19:50:55,EMP-001,CUST-3841,BRANCH-WEST,Apparel,32.8,6.3,0.0,Mobile Money,0,NONE
TX-100934,2026-07-05 19:53:18,EMP-006,CUST-3703,BRANCH-WEST,Hardware,60.57,10.0,0.0,Debit Card,0,NONE
TX-100935,2026-07-05 19:57:10,EMP-003,CUST-1256,BRANCH-WEST,Hardware,113.78,3.1,0.0,Credit Card,0,NONE
TX-100936,2026-07-05 19:58:54,EMP-007,CUST-8798,BRANCH-WEST,Electronics,49.44,10.7,0.0,Debit Card,0,NONE
TX-100937,2026-07-05 20:14:22,EMP-004,CUST-3859,BRANCH-WEST,Services,90.03,0.0,0.0,Debit Card,0,NONE
TX-100938,2026-07-05 20:18:23,EMP-002,CUST-5934,BRANCH-CENTRAL,Apparel,51.94,0.0,0.0,Mobile Money,0,NONE
TX-100939,2026-07-05 20:19:57,EMP-002,CUST-9686,BRANCH-CENTRAL,Groceries,30.79,0.0,0.0,Mobile Money,0,NONE
TX-100940,2026-07-05 20:24:35,EMP-008,CUST-4409,BRANCH-EAST,Apparel,56.23,4.4,0.0,Debit Card,0,NONE
TX-100941,2026-07-05 20:31:50,EMP-008,CUST-3888,BRANCH-EAST,Electronics,85.3,0.0,0.0,Credit Card,0,NONE
TX-100942,2026-07-05 20:33:08,EMP-005,CUST-4433,BRANCH-CENTRAL,Hardware,82.29,0.0,0.0,Debit Card,0,NONE
TX-100943,2026-07-05 20:36:00,EMP-001,CUST-2710,BRANCH-WEST,Groceries,62.23,0.0,0.0,Cash,0,NONE
TX-100944,2026-07-05 20:37:27,EMP-008,CUST-9436,BRANCH-EAST,Groceries,107.04,5.8,0.0,Credit Card,0,NONE
TX-100945,2026-07-05 20:48:35,EMP-007,CUST-4256,BRANCH-WEST,Apparel,28.63,4.3,0.0,Mobile Money,0,NONE
TX-100946,2026-07-05 20:56:46,EMP-007,CUST-4276,BRANCH-WEST,Hardware,71.71,0.0,0.0,Debit Card,0,NONE
TX-100947,2026-07-06 08:06:56,EMP-007,CUST-3374,BRANCH-WEST,Electronics,69.92,0.0,0.0,Debit Card,0,NONE
TX-100948,2026-07-06 08:08:08,EMP-006,CUST-3234,BRANCH-WEST,Hardware,48.56,0.0,0.0,Credit Card,0,NONE
TX-100949,2026-07-06 08:11:25,EMP-004,CUST-6503,BRANCH-WEST,Electronics,69.52,9.8,0.0,Cash,0,NONE
TX-100950,2026-07-06 08:11:53,EMP-008,CUST-8513,BRANCH-EAST,Hardware,31.28,7.1,0.0,Mobile Money,0,NONE
TX-100951,2026-07-06 08:19:52,EMP-003,CUST-4763,BRANCH-WEST,Groceries,23.2,0.0,0.0,Mobile Money,0,NONE
TX-100952,2026-07-06 08:23:01,EMP-008,CUST-8581,BRANCH-EAST,Apparel,75.5,8.1,0.0,Mobile Money,0,NONE
TX-100953,2026-07-06 08:23:29,EMP-006,CUST-8114,BRANCH-WEST,Services,41.74,14.1,0.0,Cash,0,NONE
TX-100954,2026-07-06 08:25:40,EMP-007,CUST-1724,BRANCH-WEST,Groceries,46.86,0.0,0.0,Cash,0,NONE
TX-100955,2026-07-06 08:33:29,EMP-007,CUST-9701,BRANCH-WEST,Hardware,62.6,0.0,0.0,Cash,0,NONE
TX-100956,2026-07-06 08:34:51,EMP-008,CUST-9114,BRANCH-EAST,Electronics,73.59,12.0,0.0,Debit Card,0,NONE
TX-100957,2026-07-06 08:41:23,EMP-004,CUST-3174,BRANCH-WEST,Apparel,59.83,0.0,0.0,Cash,0,NONE
TX-100958,2026-07-06 08:41:43,EMP-001,CUST-8860,BRANCH-WEST,Apparel,58.85,8.5,0.0,Cash,0,NONE
TX-100959,2026-07-06 08:43:02,EMP-008,CUST-8598,BRANCH-EAST,Electronics,53.16,0.0,0.0,Credit Card,0,NONE
TX-100960,2026-07-06 08:51:16,EMP-008,CUST-1022,BRANCH-EAST,Groceries,78.5,0.0,0.0,Cash,0,NONE
TX-100961,2026-07-06 08:54:22,EMP-005,CUST-7977,BRANCH-CENTRAL,Apparel,33.13,0.0,0.0,Mobile Money,0,NONE
TX-100962,2026-07-06 08:54:46,EMP-002,CUST-6500,BRANCH-CENTRAL,Groceries,18.81,0.0,0.0,Credit Card,0,NONE
TX-100963,2026-07-06 08:58:24,EMP-001,CUST-2818,BRANCH-WEST,Hardware,34.53,0.0,0.0,Credit Card,0,NONE
TX-100964,2026-07-06 08:59:48,EMP-006,CUST-3871,BRANCH-WEST,Services,68.9,0.0,0.0,Mobile Money,0,NONE
TX-100965,2026-07-06 09:00:08,EMP-003,CUST-6487,BRANCH-WEST,Electronics,43.81,0.0,0.0,Mobile Money,0,NONE
TX-100966,2026-07-06 09:09:27,EMP-004,CUST-6250,BRANCH-WEST,Apparel,62.9,0.0,0.0,Debit Card,0,NONE
TX-100967,2026-07-06 09:13:02,EMP-005,CUST-1892,BRANCH-CENTRAL,Groceries,66.4,0.0,0.0,Cash,0,NONE
TX-100968,2026-07-06 09:21:56,EMP-008,CUST-9714,BRANCH-EAST,Services,93.76,0.0,0.0,Credit Card,0,NONE
TX-100969,2026-07-06 09:22:16,EMP-002,CUST-4085,BRANCH-CENTRAL,Hardware,32.8,7.7,0.0,Cash,0,NONE
TX-100970,2026-07-06 09:25:45,EMP-002,CUST-3699,BRANCH-CENTRAL,Apparel,31.57,4.8,0.0,Mobile Money,0,NONE
TX-100971,2026-07-06 09:32:52,EMP-001,CUST-5803,BRANCH-WEST,Hardware,40.1,0.0,0.0,Mobile Money,0,NONE
TX-100972,2026-07-06 09:36:31,EMP-008,CUST-6680,BRANCH-EAST,Hardware,75.92,0.0,0.0,Credit Card,0,NONE
TX-100973,2026-07-06 09:43:35,EMP-004,CUST-2031,BRANCH-WEST,Groceries,69.25,0.0,0.0,Credit Card,0,NONE
TX-100974,2026-07-06 09:52:01,EMP-007,CUST-6616,BRANCH-WEST,Apparel,69.48,0.0,0.0,Debit Card,0,NONE
TX-100975,2026-07-06 09:54:16,EMP-008,CUST-5982,BRANCH-EAST,Services,225.81,12.5,0.0,Credit Card,0,NONE
TX-100976,2026-07-06 09:55:47,EMP-004,CUST-8933,BRANCH-WEST,Apparel,100.71,0.0,0.0,Cash,0,NONE
TX-100977,2026-07-06 09:59:28,EMP-003,CUST-6785,BRANCH-WEST,Apparel,55.16,0.0,0.0,Mobile Money,0,NONE
TX-100978,2026-07-06 10:08:23,EMP-005,CUST-3986,BRANCH-CENTRAL,Electronics,114.26,0.0,0.0,Mobile Money,0,NONE
TX-100979,2026-07-06 10:12:22,EMP-003,CUST-4897,BRANCH-WEST,Groceries,39.16,6.8,0.0,Credit Card,0,NONE
TX-100980,2026-07-06 10:15:56,EMP-006,CUST-4022,BRANCH-WEST,Electronics,27.21,0.0,0.0,Credit Card,0,NONE
TX-100981,2026-07-06 10:18:48,EMP-006,CUST-3423,BRANCH-WEST,Apparel,61.09,0.0,0.0,Credit Card,0,NONE
TX-100982,2026-07-06 10:19:14,EMP-002,CUST-1408,BRANCH-CENTRAL,Hardware,39.14,0.0,0.0,Debit Card,0,NONE
TX-100983,2026-07-06 10:23:27,EMP-006,CUST-3556,BRANCH-WEST,Groceries,14.57,0.0,0.0,Credit Card,0,NONE
TX-100984,2026-07-06 10:35:28,EMP-005,CUST-8764,BRANCH-CENTRAL,Apparel,86.2,0.0,0.0,Mobile Money,0,NONE
TX-100985,2026-07-06 10:38:17,EMP-008,CUST-6549,BRANCH-EAST,Groceries,88.71,0.0,0.0,Mobile Money,0,NONE
TX-100986,2026-07-06 10:42:18,EMP-002,CUST-6047,BRANCH-CENTRAL,Groceries,41.89,0.0,0.0,Debit Card,0,NONE
TX-100987,2026-07-06 10:44:05,EMP-006,CUST-2515,BRANCH-WEST,Apparel,39.53,10.7,0.0,Mobile Money,0,NONE
TX-100988,2026-07-06 10:46:38,EMP-005,CUST-4206,BRANCH-CENTRAL,Groceries,40.13,13.2,0.0,Cash,0,NONE
TX-100989,2026-07-06 10:47:30,EMP-007,CUST-4185,BRANCH-WEST,Hardware,20.42,0.0,0.0,Cash,0,NONE
TX-100990,2026-07-06 10:51:16,EMP-006,CUST-7513,BRANCH-WEST,Electronics,28.72,0.0,0.0,Debit Card,0,NONE
TX-100991,2026-07-06 10:54:10,EMP-006,CUST-1199,BRANCH-WEST,Apparel,31.78,0.0,0.0,Debit Card,0,NONE
TX-100992,2026-07-06 10:54:30,EMP-002,CUST-4533,BRANCH-CENTRAL,Hardware,71.56,0.0,0.0,Debit Card,0,NONE
TX-100993,2026-07-06 10:57:53,EMP-005,CUST-3683,BRANCH-CENTRAL,Hardware,34.17,0.0,0.0,Cash,0,NONE
TX-100994,2026-07-06 11:00:45,EMP-003,CUST-4404,BRANCH-WEST,Apparel,76.59,0.0,0.0,Credit Card,0,NONE
TX-100995,2026-07-06 11:02:46,EMP-002,CUST-7156,BRANCH-CENTRAL,Groceries,40.5,10.7,0.0,Mobile Money,0,NONE
TX-100996,2026-07-06 11:03:07,EMP-008,CUST-3243,BRANCH-EAST,Electronics,45.22,7.6,0.0,Cash,0,NONE
TX-100997,2026-07-06 11:04:48,EMP-005,CUST-5979,BRANCH-CENTRAL,Hardware,50.0,0.0,0.0,Cash,0,NONE
TX-100998,2026-07-06 11:07:37,EMP-001,CUST-3523,BRANCH-WEST,Apparel,39.13,0.0,0.0,Debit Card,0,NONE
TX-100999,2026-07-06 11:12:27,EMP-002,CUST-5713,BRANCH-CENTRAL,Hardware,71.3,13.9,0.0,Cash,0,NONE
TX-101000,2026-07-06 11:32:11,EMP-002,CUST-5541,BRANCH-CENTRAL,Hardware,36.71,0.0,0.0,Credit Card,0,NONE
TX-101001,2026-07-06 11:34:11,EMP-008,CUST-8144,BRANCH-EAST,Apparel,50.22,0.0,0.0,Cash,0,NONE
TX-101002,2026-07-06 11:36:22,EMP-006,CUST-9397,BRANCH-WEST,Services,62.44,6.1,0.0,Mobile Money,0,NONE
TX-101003,2026-07-06 11:41:22,EMP-006,CUST-8553,BRANCH-WEST,Electronics,39.59,0.0,0.0,Credit Card,0,NONE
TX-101004,2026-07-06 11:45:06,EMP-007,CUST-6832,BRANCH-WEST,Groceries,78.38,0.0,0.0,Cash,0,NONE
TX-101005,2026-07-06 11:57:30,EMP-004,CUST-4002,BRANCH-WEST,Groceries,40.64,0.0,0.0,Credit Card,0,NONE
TX-101006,2026-07-06 12:04:23,EMP-006,CUST-5932,BRANCH-WEST,Apparel,45.85,0.0,0.0,Cash,0,NONE
TX-101007,2026-07-06 12:09:01,EMP-006,CUST-3354,BRANCH-WEST,Groceries,32.57,6.4,0.0,Debit Card,0,NONE
TX-101008,2026-07-06 12:09:30,EMP-006,CUST-3671,BRANCH-WEST,Groceries,29.54,9.0,0.0,Cash,0,NONE
TX-101009,2026-07-06 12:11:20,EMP-007,CUST-8544,BRANCH-WEST,Groceries,19.16,4.6,9.93,Credit Card,0,NONE
TX-101010,2026-07-06 12:11:50,EMP-003,CUST-8240,BRANCH-WEST,Services,128.16,0.0,0.0,Mobile Money,0,NONE
TX-101011,2026-07-06 12:12:10,EMP-005,CUST-1471,BRANCH-CENTRAL,Groceries,35.52,13.3,0.0,Mobile Money,0,NONE
TX-101012,2026-07-06 12:12:30,EMP-005,CUST-3053,BRANCH-CENTRAL,Electronics,55.78,3.9,0.0,Cash,0,NONE
TX-101013,2026-07-06 12:16:55,EMP-002,CUST-1308,BRANCH-CENTRAL,Hardware,40.72,0.0,0.0,Cash,0,NONE
TX-101014,2026-07-06 12:21:27,EMP-001,CUST-9412,BRANCH-WEST,Services,66.98,4.4,0.0,Cash,0,NONE
TX-101015,2026-07-06 12:21:47,EMP-005,CUST-1168,BRANCH-CENTRAL,Groceries,20.3,0.0,0.0,Mobile Money,0,NONE
TX-101016,2026-07-06 12:25:49,EMP-004,CUST-4027,BRANCH-WEST,Apparel,56.93,4.7,0.0,Credit Card,0,NONE
TX-101017,2026-07-06 12:34:05,EMP-006,CUST-6770,BRANCH-WEST,Electronics,60.44,0.0,0.0,Mobile Money,0,NONE
TX-101018,2026-07-06 12:39:13,EMP-002,CUST-2623,BRANCH-CENTRAL,Services,45.1,0.0,0.0,Mobile Money,0,NONE
TX-101019,2026-07-06 12:39:49,EMP-005,CUST-3814,BRANCH-CENTRAL,Services,31.69,11.7,0.0,Debit Card,0,NONE
TX-101020,2026-07-06 12:40:09,EMP-006,CUST-4033,BRANCH-WEST,Hardware,20.01,0.0,0.0,Credit Card,0,NONE
TX-101021,2026-07-06 12:42:48,EMP-007,CUST-7948,BRANCH-WEST,Electronics,38.73,0.0,0.0,Credit Card,0,NONE
TX-101022,2026-07-06 12:46:14,EMP-002,CUST-8633,BRANCH-CENTRAL,Groceries,18.19,0.0,0.0,Credit Card,0,NONE
TX-101023,2026-07-06 12:51:27,EMP-005,CUST-1665,BRANCH-CENTRAL,Groceries,61.61,0.0,0.0,Credit Card,0,NONE
TX-101024,2026-07-06 12:55:40,EMP-008,CUST-6111,BRANCH-EAST,Hardware,83.28,7.9,0.0,Debit Card,0,NONE
TX-101025,2026-07-06 12:57:54,EMP-004,CUST-2140,BRANCH-WEST,Hardware,75.9,0.0,0.0,Cash,0,NONE
TX-101026,2026-07-06 13:02:22,EMP-008,CUST-2723,BRANCH-EAST,Hardware,44.06,0.0,0.0,Cash,0,NONE
TX-101027,2026-07-06 13:08:35,EMP-002,CUST-3348,BRANCH-CENTRAL,Hardware,26.84,0.0,0.0,Cash,0,NONE
TX-101028,2026-07-06 13:10:56,EMP-003,CUST-2060,BRANCH-WEST,Apparel,81.96,0.0,0.0,Debit Card,0,NONE
TX-101029,2026-07-06 13:18:43,EMP-002,CUST-4815,BRANCH-CENTRAL,Hardware,54.73,0.0,0.0,Credit Card,0,NONE
TX-101030,2026-07-06 13:28:39,EMP-007,CUST-6834,BRANCH-WEST,Hardware,22.84,0.0,0.0,Debit Card,0,NONE
TX-101031,2026-07-06 13:32:08,EMP-005,CUST-3414,BRANCH-CENTRAL,Hardware,32.43,6.0,0.0,Mobile Money,0,NONE
TX-101032,2026-07-06 13:33:59,EMP-001,CUST-2631,BRANCH-WEST,Groceries,80.53,0.0,0.0,Cash,0,NONE
TX-101033,2026-07-06 13:38:38,EMP-003,CUST-7269,BRANCH-WEST,Services,91.78,0.0,0.0,Cash,0,NONE
TX-101034,2026-07-06 13:40:30,EMP-002,CUST-9518,BRANCH-CENTRAL,Hardware,39.2,0.0,0.0,Debit Card,0,NONE
TX-101035,2026-07-06 13:41:06,EMP-008,CUST-9270,BRANCH-EAST,Apparel,39.01,0.0,0.0,Cash,0,NONE
TX-101036,2026-07-06 13:49:55,EMP-001,CUST-8051,BRANCH-WEST,Groceries,25.56,0.0,0.0,Debit Card,0,NONE
TX-101037,2026-07-06 13:50:15,EMP-008,CUST-8531,BRANCH-EAST,Groceries,55.52,9.7,0.0,Credit Card,0,NONE
TX-101038,2026-07-06 13:54:24,EMP-003,CUST-9052,BRANCH-WEST,Hardware,34.22,11.6,0.0,Cash,0,NONE
TX-101039,2026-07-06 13:54:44,EMP-008,CUST-9837,BRANCH-EAST,Services,116.31,0.0,0.0,Mobile Money,0,NONE
TX-101040,2026-07-06 13:56:50,EMP-001,CUST-7412,BRANCH-WEST,Apparel,65.02,0.0,0.0,Credit Card,0,NONE
TX-101041,2026-07-06 14:00:33,EMP-005,CUST-6250,BRANCH-CENTRAL,Groceries,26.01,3.5,0.0,Credit Card,0,NONE
TX-101042,2026-07-06 14:02:21,EMP-001,CUST-6591,BRANCH-WEST,Hardware,92.41,7.1,0.0,Credit Card,0,NONE
TX-101043,2026-07-06 14:02:57,EMP-001,CUST-5001,BRANCH-WEST,Electronics,32.05,6.7,0.0,Cash,0,NONE
TX-101044,2026-07-06 14:05:36,EMP-005,CUST-2875,BRANCH-CENTRAL,Apparel,44.42,9.5,0.0,Debit Card,0,NONE
TX-101045,2026-07-06 14:18:53,EMP-007,CUST-5368,BRANCH-WEST,Groceries,41.8,0.0,0.0,Credit Card,0,NONE
TX-101046,2026-07-06 14:20:49,EMP-007,CUST-7394,BRANCH-WEST,Apparel,31.59,0.0,0.0,Cash,0,NONE
TX-101047,2026-07-06 14:21:09,EMP-004,CUST-6504,BRANCH-WEST,Hardware,44.08,0.0,0.0,Credit Card,0,NONE
TX-101048,2026-07-06 14:26:47,EMP-003,CUST-5907,BRANCH-WEST,Apparel,28.7,0.0,0.0,Cash,0,NONE
TX-101049,2026-07-06 14:35:59,EMP-004,CUST-5708,BRANCH-WEST,Apparel,44.22,15.0,0.0,Mobile Money,0,NONE
TX-101050,2026-07-06 14:36:28,EMP-002,CUST-2552,BRANCH-CENTRAL,Services,42.12,0.0,0.0,Debit Card,0,NONE
TX-101051,2026-07-06 14:45:14,EMP-007,CUST-4436,BRANCH-WEST,Apparel,57.4,0.0,0.0,Credit Card,0,NONE
TX-101052,2026-07-06 14:48:55,EMP-005,CUST-8092,BRANCH-CENTRAL,Services,22.16,0.0,0.0,Credit Card,0,NONE
TX-101053,2026-07-06 14:50:34,EMP-008,CUST-9971,BRANCH-EAST,Electronics,34.52,0.0,0.0,Mobile Money,0,NONE
TX-101054,2026-07-06 14:53:41,EMP-008,CUST-4489,BRANCH-EAST,Hardware,73.17,0.0,0.0,Debit Card,0,NONE
TX-101055,2026-07-06 14:56:48,EMP-001,CUST-9556,BRANCH-WEST,Electronics,23.2,0.0,0.0,Mobile Money,0,NONE
TX-101056,2026-07-06 15:02:32,EMP-005,CUST-8133,BRANCH-CENTRAL,Hardware,40.15,0.0,0.0,Cash,0,NONE
TX-101057,2026-07-06 15:03:58,EMP-004,CUST-7757,BRANCH-WEST,Apparel,90.14,0.0,0.0,Credit Card,0,NONE
TX-101058,2026-07-06 15:05:10,EMP-004,CUST-7649,BRANCH-WEST,Electronics,29.41,5.3,0.0,Credit Card,0,NONE
TX-101059,2026-07-06 15:18:44,EMP-008,CUST-8952,BRANCH-EAST,Services,45.65,0.0,0.0,Cash,0,NONE
TX-101060,2026-07-06 15:21:59,EMP-004,CUST-3610,BRANCH-WEST,Apparel,79.96,6.1,0.0,Mobile Money,0,NONE
TX-101061,2026-07-06 15:22:34,EMP-001,CUST-8960,BRANCH-WEST,Groceries,17.36,13.8,0.0,Credit Card,0,NONE
TX-101062,2026-07-06 15:24:54,EMP-002,CUST-7668,BRANCH-CENTRAL,Apparel,40.05,0.0,0.0,Debit Card,0,NONE
TX-101063,2026-07-06 15:26:57,EMP-003,CUST-4867,BRANCH-WEST,Groceries,184.75,0.0,0.0,Cash,0,NONE
TX-101064,2026-07-06 15:47:18,EMP-005,CUST-9133,BRANCH-CENTRAL,Groceries,50.52,4.5,0.0,Credit Card,0,NONE
TX-101065,2026-07-06 15:50:40,EMP-007,CUST-4865,BRANCH-WEST,Hardware,77.62,4.3,0.0,Credit Card,0,NONE
TX-101066,2026-07-06 15:54:32,EMP-008,CUST-7690,BRANCH-EAST,Apparel,55.08,0.0,0.0,Credit Card,0,NONE
TX-101067,2026-07-06 15:54:52,EMP-002,CUST-6185,BRANCH-CENTRAL,Services,24.74,0.0,0.0,Credit Card,0,NONE
TX-101068,2026-07-06 15:57:26,EMP-003,CUST-6947,BRANCH-WEST,Hardware,32.54,0.0,0.0,Cash,0,NONE
TX-101069,2026-07-06 16:10:44,EMP-001,CUST-1895,BRANCH-WEST,Electronics,43.97,0.0,0.0,Credit Card,0,NONE
TX-101070,2026-07-06 16:20:20,EMP-002,CUST-9763,BRANCH-CENTRAL,Electronics,49.51,0.0,0.0,Debit Card,0,NONE
TX-101071,2026-07-06 16:28:29,EMP-005,CUST-5929,BRANCH-CENTRAL,Groceries,98.22,0.0,0.0,Credit Card,0,NONE
TX-101072,2026-07-06 16:29:02,EMP-004,CUST-3625,BRANCH-WEST,Hardware,44.08,0.0,0.0,Debit Card,0,NONE
TX-101073,2026-07-06 16:35:21,EMP-001,CUST-5489,BRANCH-WEST,Groceries,44.75,0.0,0.0,Debit Card,0,NONE
TX-101074,2026-07-06 16:36:38,EMP-007,CUST-6451,BRANCH-WEST,Hardware,48.96,0.0,0.0,Mobile Money,0,NONE
TX-101075,2026-07-06 16:52:29,EMP-005,CUST-9295,BRANCH-CENTRAL,Groceries,26.14,0.0,0.0,Credit Card,0,NONE
TX-101076,2026-07-06 16:55:07,EMP-008,CUST-1448,BRANCH-EAST,Groceries,75.58,0.0,0.0,Debit Card,0,NONE
TX-101077,2026-07-06 16:56:59,EMP-003,CUST-1050,BRANCH-WEST,Hardware,103.47,6.7,0.0,Cash,0,NONE
TX-101078,2026-07-06 16:58:19,EMP-003,CUST-5089,BRANCH-WEST,Services,86.19,0.0,0.0,Mobile Money,0,NONE
TX-101079,2026-07-06 17:00:16,EMP-007,CUST-6233,BRANCH-WEST,Hardware,37.36,0.0,0.0,Credit Card,0,NONE
TX-101080,2026-07-06 17:03:07,EMP-003,CUST-6367,BRANCH-WEST,Apparel,219.38,8.0,0.0,Debit Card,0,NONE
TX-101081,2026-07-06 17:11:08,EMP-004,CUST-1339,BRANCH-WEST,Groceries,45.95,0.0,0.0,Mobile Money,0,NONE
TX-101082,2026-07-06 17:26:55,EMP-002,CUST-8576,BRANCH-CENTRAL,Electronics,75.18,0.0,0.0,Cash,0,NONE
TX-101083,2026-07-06 17:32:42,EMP-007,CUST-8027,BRANCH-WEST,Services,44.5,0.0,0.0,Credit Card,0,NONE
TX-101084,2026-07-06 17:36:06,EMP-003,CUST-2922,BRANCH-WEST,Groceries,109.21,0.0,0.0,Debit Card,0,NONE
TX-101085,2026-07-06 17:45:02,EMP-008,CUST-2941,BRANCH-EAST,Electronics,61.45,0.0,0.0,Credit Card,0,NONE
TX-101086,2026-07-06 17:45:22,EMP-005,CUST-9096,BRANCH-CENTRAL,Hardware,41.69,13.3,0.0,Credit Card,0,NONE
TX-101087,2026-07-06 17:48:13,EMP-004,CUST-7853,BRANCH-WEST,Electronics,81.49,0.0,0.0,Credit Card,0,NONE
TX-101088,2026-07-06 17:52:09,EMP-005,CUST-4858,BRANCH-CENTRAL,Services,106.89,0.0,0.0,Debit Card,0,NONE
TX-101089,2026-07-06 17:57:16,EMP-002,CUST-1169,BRANCH-CENTRAL,Hardware,39.41,6.9,0.0,Mobile Money,0,NONE
TX-101090,2026-07-06 18:01:59,EMP-007,CUST-7935,BRANCH-WEST,Services,43.06,0.0,0.0,Cash,0,NONE
TX-101091,2026-07-06 18:03:45,EMP-001,CUST-6453,BRANCH-WEST,Electronics,28.19,0.0,0.0,Cash,0,NONE
TX-101092,2026-07-06 18:10:16,EMP-001,CUST-5155,BRANCH-WEST,Services,26.38,0.0,0.0,Debit Card,0,NONE
TX-101093,2026-07-06 18:22:53,EMP-006,CUST-3166,BRANCH-WEST,Services,31.57,5.2,0.0,Debit Card,0,NONE
TX-101094,2026-07-06 18:23:13,EMP-006,CUST-8669,BRANCH-WEST,Electronics,33.75,11.5,0.0,Credit Card,0,NONE
TX-101095,2026-07-06 18:23:33,EMP-002,CUST-6132,BRANCH-CENTRAL,Groceries,64.59,0.0,0.0,Credit Card,0,NONE
TX-101096,2026-07-06 18:28:54,EMP-006,CUST-8046,BRANCH-WEST,Apparel,54.16,0.0,0.0,Credit Card,0,NONE
TX-101097,2026-07-06 18:29:30,EMP-006,CUST-8139,BRANCH-WEST,Electronics,59.27,0.0,0.0,Mobile Money,0,NONE
TX-101098,2026-07-06 18:35:06,EMP-008,CUST-1871,BRANCH-EAST,Electronics,92.2,5.8,0.0,Credit Card,0,NONE
TX-101099,2026-07-06 18:40:54,EMP-003,CUST-8653,BRANCH-WEST,Hardware,110.03,13.7,0.0,Debit Card,0,NONE
TX-101100,2026-07-06 18:48:22,EMP-006,CUST-8949,BRANCH-WEST,Hardware,30.42,0.0,0.0,Mobile Money,0,NONE
TX-101101,2026-07-06 18:51:02,EMP-002,CUST-6727,BRANCH-CENTRAL,Groceries,48.32,6.4,0.0,Credit Card,0,NONE
TX-101102,2026-07-06 18:51:22,EMP-004,CUST-1067,BRANCH-WEST,Services,24.8,0.0,0.0,Cash,0,NONE
TX-101103,2026-07-06 18:51:42,EMP-004,CUST-9161,BRANCH-WEST,Groceries,24.88,0.0,0.0,Cash,0,NONE
TX-101104,2026-07-06 18:53:24,EMP-007,CUST-7120,BRANCH-WEST,Services,54.33,0.0,0.0,Credit Card,0,NONE
TX-101105,2026-07-06 19:05:12,EMP-003,CUST-1473,BRANCH-WEST,Groceries,60.82,0.0,0.0,Debit Card,0,NONE
TX-101106,2026-07-06 19:05:32,EMP-008,CUST-5412,BRANCH-EAST,Services,68.3,0.0,0.0,Cash,0,NONE
TX-101107,2026-07-06 19:06:57,EMP-008,CUST-6323,BRANCH-EAST,Services,88.6,13.4,0.0,Credit Card,0,NONE
TX-101108,2026-07-06 19:07:17,EMP-006,CUST-1909,BRANCH-WEST,Groceries,82.67,0.0,0.0,Cash,0,NONE
TX-101109,2026-07-06 19:12:11,EMP-007,CUST-5180,BRANCH-WEST,Electronics,51.85,12.3,0.0,Cash,0,NONE
TX-101110,2026-07-06 19:12:31,EMP-004,CUST-3669,BRANCH-WEST,Hardware,48.24,0.0,0.0,Mobile Money,0,NONE
TX-101111,2026-07-06 19:13:54,EMP-002,CUST-5891,BRANCH-CENTRAL,Hardware,31.92,0.0,0.0,Credit Card,0,NONE
TX-101112,2026-07-06 19:14:57,EMP-003,CUST-6882,BRANCH-WEST,Groceries,95.72,0.0,0.0,Debit Card,0,NONE
TX-101113,2026-07-06 19:25:32,EMP-008,CUST-7358,BRANCH-EAST,Hardware,50.75,0.0,0.0,Cash,0,NONE
TX-101114,2026-07-06 19:27:36,EMP-007,CUST-7033,BRANCH-WEST,Services,45.68,10.6,0.0,Credit Card,0,NONE
TX-101115,2026-07-06 19:30:11,EMP-008,CUST-4673,BRANCH-EAST,Electronics,89.6,0.0,0.0,Cash,0,NONE
TX-101116,2026-07-06 19:31:12,EMP-005,CUST-8671,BRANCH-CENTRAL,Hardware,45.91,12.6,0.0,Mobile Money,0,NONE
TX-101117,2026-07-06 19:34:54,EMP-005,CUST-5073,BRANCH-CENTRAL,Services,44.77,0.0,0.0,Cash,0,NONE
TX-101118,2026-07-06 19:36:40,EMP-001,CUST-9411,BRANCH-WEST,Groceries,26.86,0.0,0.0,Debit Card,0,NONE
TX-101119,2026-07-06 19:45:26,EMP-005,CUST-6823,BRANCH-CENTRAL,Apparel,51.52,0.0,0.0,Cash,0,NONE
TX-101120,2026-07-06 19:48:13,EMP-002,CUST-8583,BRANCH-CENTRAL,Electronics,117.56,0.0,0.0,Cash,0,NONE
TX-101121,2026-07-06 19:52:08,EMP-002,CUST-7819,BRANCH-CENTRAL,Apparel,24.58,0.0,0.0,Debit Card,0,NONE
TX-101122,2026-07-06 19:52:28,EMP-005,CUST-6592,BRANCH-CENTRAL,Electronics,26.94,3.9,0.0,Credit Card,0,NONE
TX-101123,2026-07-06 19:57:28,EMP-002,CUST-8107,BRANCH-CENTRAL,Services,62.46,7.7,42.68,Debit Card,0,NONE
TX-101124,2026-07-06 20:04:22,EMP-007,CUST-8974,BRANCH-WEST,Apparel,57.6,0.0,0.0,Credit Card,0,NONE
TX-101125,2026-07-06 20:07:18,EMP-007,CUST-5958,BRANCH-WEST,Groceries,95.91,3.2,0.0,Cash,0,NONE
TX-101126,2026-07-06 20:07:55,EMP-004,CUST-1439,BRANCH-WEST,Electronics,37.2,0.0,0.0,Mobile Money,0,NONE
TX-101127,2026-07-06 20:10:39,EMP-007,CUST-9824,BRANCH-WEST,Electronics,77.28,12.2,0.0,Debit Card,0,NONE
TX-101128,2026-07-06 20:11:59,EMP-001,CUST-2908,BRANCH-WEST,Electronics,45.88,0.0,0.0,Debit Card,0,NONE
TX-101129,2026-07-06 20:12:19,EMP-008,CUST-8724,BRANCH-EAST,Groceries,43.99,0.0,0.0,Mobile Money,0,NONE
TX-101130,2026-07-06 20:17:50,EMP-005,CUST-7418,BRANCH-CENTRAL,Groceries,33.43,0.0,0.0,Debit Card,0,NONE
TX-101131,2026-07-06 20:19:07,EMP-007,CUST-9121,BRANCH-WEST,Services,52.14,0.0,0.0,Credit Card,0,NONE
TX-101132,2026-07-06 20:24:01,EMP-001,CUST-8987,BRANCH-WEST,Hardware,26.81,0.0,0.0,Debit Card,0,NONE
TX-101133,2026-07-06 20:24:26,EMP-004,CUST-1994,BRANCH-WEST,Services,86.09,9.9,0.0,Credit Card,0,NONE
TX-101134,2026-07-06 20:26:13,EMP-007,CUST-8755,BRANCH-WEST,Groceries,71.87,0.0,0.0,Credit Card,0,NONE
TX-101135,2026-07-06 20:27:43,EMP-008,CUST-8147,BRANCH-EAST,Groceries,54.09,11.7,0.0,Debit Card,0,NONE
TX-101136,2026-07-06 20:33:56,EMP-004,CUST-9317,BRANCH-WEST,Electronics,48.28,0.0,0.0,Debit Card,0,NONE
TX-101137,2026-07-06 20:43:33,EMP-003,CUST-5806,BRANCH-WEST,Hardware,98.88,0.0,0.0,Credit Card,0,NONE
TX-101138,2026-07-06 20:45:26,EMP-008,CUST-3654,BRANCH-EAST,Services,65.42,11.3,0.0,Debit Card,0,NONE
TX-101139,2026-07-06 20:47:23,EMP-003,CUST-3839,BRANCH-WEST,Electronics,157.65,8.9,0.0,Debit Card,0,NONE
TX-101140,2026-07-06 20:51:23,EMP-005,CUST-4845,BRANCH-CENTRAL,Electronics,56.04,0.0,0.0,Credit Card,0,NONE
TX-101141,2026-07-06 20:55:46,EMP-005,CUST-6849,BRANCH-CENTRAL,Electronics,30.68,13.3,0.0,Cash,0,NONE
TX-101142,2026-07-07 08:15:27,EMP-002,CUST-4714,BRANCH-CENTRAL,Groceries,27.32,0.0,0.0,Credit Card,0,NONE
TX-101143,2026-07-07 08:15:53,EMP-006,CUST-1764,BRANCH-WEST,Services,69.16,0.0,0.0,Cash,0,NONE
TX-101144,2026-07-07 08:21:58,EMP-001,CUST-8173,BRANCH-WEST,Hardware,32.39,0.0,0.0,Cash,0,NONE
TX-101145,2026-07-07 08:23:45,EMP-002,CUST-1687,BRANCH-CENTRAL,Services,46.78,10.6,0.0,Credit Card,0,NONE
TX-101146,2026-07-07 08:36:19,EMP-003,CUST-5786,BRANCH-WEST,Hardware,18.07,0.0,0.0,Cash,0,NONE
TX-101147,2026-07-07 08:38:45,EMP-003,CUST-6959,BRANCH-WEST,Apparel,65.12,0.0,0.0,Mobile Money,0,NONE
TX-101148,2026-07-07 08:39:41,EMP-008,CUST-7811,BRANCH-EAST,Groceries,35.81,12.7,0.0,Mobile Money,0,NONE
TX-101149,2026-07-07 08:40:01,EMP-002,CUST-5358,BRANCH-CENTRAL,Apparel,23.22,0.0,0.0,Mobile Money,0,NONE
TX-101150,2026-07-07 08:45:51,EMP-003,CUST-9677,BRANCH-WEST,Hardware,112.67,0.0,0.0,Debit Card,0,NONE
TX-101151,2026-07-07 08:53:26,EMP-007,CUST-7706,BRANCH-WEST,Hardware,44.83,0.0,0.0,Credit Card,0,NONE
TX-101152,2026-07-07 08:54:23,EMP-001,CUST-8251,BRANCH-WEST,Electronics,33.39,0.0,0.0,Cash,0,NONE
TX-101153,2026-07-07 09:02:52,EMP-002,CUST-6542,BRANCH-CENTRAL,Apparel,113.21,0.0,0.0,Debit Card,0,NONE
TX-101154,2026-07-07 09:03:50,EMP-001,CUST-7443,BRANCH-WEST,Groceries,61.07,0.0,0.0,Cash,0,NONE
TX-101155,2026-07-07 09:05:13,EMP-005,CUST-7869,BRANCH-CENTRAL,Hardware,91.12,0.0,0.0,Credit Card,0,NONE
TX-101156,2026-07-07 09:05:48,EMP-006,CUST-6638,BRANCH-WEST,Groceries,76.22,0.0,0.0,Mobile Money,0,NONE
TX-101157,2026-07-07 09:07:19,EMP-007,CUST-8310,BRANCH-WEST,Electronics,74.56,0.0,0.0,Debit Card,0,NONE
TX-101158,2026-07-07 09:11:27,EMP-006,CUST-7627,BRANCH-WEST,Electronics,86.2,0.0,0.0,Credit Card,0,NONE
TX-101159,2026-07-07 09:12:20,EMP-007,CUST-3064,BRANCH-WEST,Services,36.76,0.0,0.0,Cash,0,NONE
TX-101160,2026-07-07 09:21:10,EMP-005,CUST-9541,BRANCH-CENTRAL,Apparel,29.84,0.0,0.0,Cash,0,NONE
TX-101161,2026-07-07 09:21:30,EMP-005,CUST-4954,BRANCH-CENTRAL,Apparel,23.46,0.0,0.0,Cash,0,NONE
TX-101162,2026-07-07 09:21:58,EMP-001,CUST-7110,BRANCH-WEST,Apparel,18.0,0.0,0.0,Cash,0,NONE
TX-101163,2026-07-07 09:29:11,EMP-002,CUST-8352,BRANCH-CENTRAL,Apparel,46.35,0.0,19.02,Mobile Money,0,NONE
TX-101164,2026-07-07 09:29:31,EMP-004,CUST-6739,BRANCH-WEST,Apparel,26.11,0.0,0.0,Mobile Money,0,NONE
TX-101165,2026-07-07 09:29:51,EMP-007,CUST-9514,BRANCH-WEST,Electronics,31.09,9.2,0.0,Credit Card,0,NONE
TX-101166,2026-07-07 09:30:22,EMP-008,CUST-2605,BRANCH-EAST,Electronics,61.08,0.0,0.0,Cash,0,NONE
TX-101167,2026-07-07 09:32:26,EMP-002,CUST-2018,BRANCH-CENTRAL,Hardware,13.4,0.0,0.0,Debit Card,0,NONE
TX-101168,2026-07-07 09:35:27,EMP-002,CUST-7050,BRANCH-CENTRAL,Services,42.43,0.0,0.0,Debit Card,0,NONE
TX-101169,2026-07-07 09:37:56,EMP-005,CUST-9172,BRANCH-CENTRAL,Hardware,44.61,0.0,0.0,Debit Card,0,NONE
TX-101170,2026-07-07 09:51:10,EMP-007,CUST-3668,BRANCH-WEST,Electronics,128.39,0.0,0.0,Debit Card,0,NONE
TX-101171,2026-07-07 09:52:39,EMP-003,CUST-9408,BRANCH-WEST,Services,71.23,5.6,0.0,Mobile Money,0,NONE
TX-101172,2026-07-07 09:58:35,EMP-006,CUST-2945,BRANCH-WEST,Services,45.35,0.0,0.0,Credit Card,0,NONE
TX-101173,2026-07-07 10:13:30,EMP-005,CUST-1659,BRANCH-CENTRAL,Services,88.9,7.5,0.0,Credit Card,0,NONE
TX-101174,2026-07-07 10:14:02,EMP-005,CUST-8961,BRANCH-CENTRAL,Groceries,39.81,0.0,0.0,Debit Card,0,NONE
TX-101175,2026-07-07 10:15:16,EMP-001,CUST-5999,BRANCH-WEST,Apparel,43.02,12.8,0.0,Cash,0,NONE
TX-101176,2026-07-07 10:15:36,EMP-006,CUST-2106,BRANCH-WEST,Groceries,66.79,0.0,0.0,Debit Card,0,NONE
TX-101177,2026-07-07 10:18:31,EMP-006,CUST-7181,BRANCH-WEST,Hardware,30.76,0.0,0.0,Mobile Money,0,NONE
TX-101178,2026-07-07 10:20:13,EMP-003,CUST-9270,BRANCH-WEST,Hardware,100.84,0.0,0.0,Mobile Money,0,NONE
TX-101179,2026-07-07 10:34:50,EMP-006,CUST-2463,BRANCH-WEST,Services,23.38,0.0,0.0,Mobile Money,0,NONE
TX-101180,2026-07-07 10:42:20,EMP-007,CUST-6554,BRANCH-WEST,Services,70.01,11.0,0.0,Credit Card,0,NONE
TX-101181,2026-07-07 10:44:46,EMP-002,CUST-3713,BRANCH-CENTRAL,Groceries,59.57,0.0,0.0,Credit Card,0,NONE
TX-101182,2026-07-07 10:46:47,EMP-002,CUST-2395,BRANCH-CENTRAL,Electronics,36.76,0.0,0.0,Cash,0,NONE
TX-101183,2026-07-07 10:47:49,EMP-004,CUST-8796,BRANCH-WEST,Services,47.85,0.0,0.0,Mobile Money,0,NONE
TX-101184,2026-07-07 10:48:56,EMP-001,CUST-5504,BRANCH-WEST,Electronics,83.7,11.5,0.0,Debit Card,0,NONE
TX-101185,2026-07-07 10:51:30,EMP-002,CUST-9741,BRANCH-CENTRAL,Services,41.85,0.0,0.0,Debit Card,0,NONE
TX-101186,2026-07-07 10:51:50,EMP-001,CUST-6569,BRANCH-WEST,Hardware,50.24,3.3,0.0,Debit Card,0,NONE
TX-101187,2026-07-07 10:52:10,EMP-005,CUST-2491,BRANCH-CENTRAL,Groceries,45.35,0.0,0.0,Credit Card,0,NONE
TX-101188,2026-07-07 10:53:59,EMP-003,CUST-3992,BRANCH-WEST,Apparel,47.97,0.0,0.0,Debit Card,0,NONE
TX-101189,2026-07-07 10:54:35,EMP-003,CUST-1965,BRANCH-WEST,Services,49.38,0.0,0.0,Cash,0,NONE
TX-101190,2026-07-07 10:58:28,EMP-005,CUST-7388,BRANCH-CENTRAL,Groceries,52.88,0.0,0.0,Credit Card,0,NONE
TX-101191,2026-07-07 10:59:06,EMP-005,CUST-7152,BRANCH-CENTRAL,Groceries,83.68,5.9,0.0,Mobile Money,0,NONE
TX-101192,2026-07-07 11:05:45,EMP-008,CUST-9333,BRANCH-EAST,Services,37.57,0.0,0.0,Cash,0,NONE
TX-101193,2026-07-07 11:10:14,EMP-006,CUST-8615,BRANCH-WEST,Services,87.38,0.0,0.0,Debit Card,0,NONE
TX-101194,2026-07-07 11:11:26,EMP-004,CUST-1305,BRANCH-WEST,Apparel,69.15,0.0,0.0,Cash,0,NONE
TX-101195,2026-07-07 11:12:48,EMP-004,CUST-3057,BRANCH-WEST,Apparel,46.63,0.0,0.0,Mobile Money,0,NONE
TX-101196,2026-07-07 11:15:20,EMP-003,CUST-7116,BRANCH-WEST,Services,74.98,0.0,0.0,Debit Card,0,NONE
TX-101197,2026-07-07 11:15:40,EMP-008,CUST-1684,BRANCH-EAST,Groceries,89.06,0.0,0.0,Credit Card,0,NONE
TX-101198,2026-07-07 11:16:18,EMP-003,CUST-1008,BRANCH-WEST,Groceries,39.59,0.0,0.0,Credit Card,0,NONE
TX-101199,2026-07-07 11:28:58,EMP-007,CUST-6757,BRANCH-WEST,Electronics,48.27,0.0,0.0,Cash,0,NONE
TX-101200,2026-07-07 11:31:59,EMP-003,CUST-9750,BRANCH-WEST,Services,64.74,4.1,0.0,Mobile Money,0,NONE
TX-101201,2026-07-07 11:36:32,EMP-005,CUST-8077,BRANCH-CENTRAL,Electronics,21.31,0.0,0.0,Credit Card,0,NONE
TX-101202,2026-07-07 11:36:52,EMP-006,CUST-5282,BRANCH-WEST,Hardware,62.73,0.0,0.0,Credit Card,0,NONE
TX-101203,2026-07-07 11:39:19,EMP-006,CUST-4450,BRANCH-WEST,Hardware,32.53,0.0,0.0,Mobile Money,0,NONE
TX-101204,2026-07-07 11:42:28,EMP-001,CUST-8807,BRANCH-WEST,Groceries,30.61,0.0,0.0,Debit Card,0,NONE
TX-101205,2026-07-07 11:43:11,EMP-008,CUST-7435,BRANCH-EAST,Services,64.91,13.5,0.0,Cash,0,NONE
TX-101206,2026-07-07 11:45:32,EMP-008,CUST-3022,BRANCH-EAST,Apparel,82.42,0.0,0.0,Credit Card,0,NONE
TX-101207,2026-07-07 11:46:38,EMP-007,CUST-3903,BRANCH-WEST,Groceries,61.19,7.4,0.0,Cash,0,NONE
TX-101208,2026-07-07 11:59:34,EMP-004,CUST-1324,BRANCH-WEST,Apparel,53.01,0.0,0.0,Mobile Money,0,NONE
TX-101209,2026-07-07 12:00:46,EMP-002,CUST-5967,BRANCH-CENTRAL,Electronics,51.0,8.9,0.0,Credit Card,0,NONE
TX-101210,2026-07-07 12:03:03,EMP-008,CUST-4425,BRANCH-EAST,Groceries,48.8,12.9,0.0,Credit Card,0,NONE
TX-101211,2026-07-07 12:06:56,EMP-008,CUST-3793,BRANCH-EAST,Services,72.31,11.9,0.0,Mobile Money,0,NONE
TX-101212,2026-07-07 12:22:49,EMP-002,CUST-3101,BRANCH-CENTRAL,Groceries,56.23,14.2,0.0,Credit Card,0,NONE
TX-101213,2026-07-07 12:32:21,EMP-004,CUST-1378,BRANCH-WEST,Services,39.94,0.0,0.0,Debit Card,0,NONE
TX-101214,2026-07-07 12:43:51,EMP-001,CUST-7997,BRANCH-WEST,Groceries,39.93,0.0,0.0,Debit Card,0,NONE
TX-101215,2026-07-07 12:58:59,EMP-005,CUST-2994,BRANCH-CENTRAL,Services,57.32,0.0,0.0,Cash,0,NONE
TX-101216,2026-07-07 13:04:38,EMP-004,CUST-1769,BRANCH-WEST,Apparel,49.93,0.0,0.0,Credit Card,0,NONE
TX-101217,2026-07-07 13:09:42,EMP-001,CUST-7420,BRANCH-WEST,Electronics,22.55,0.0,0.0,Cash,0,NONE
TX-101218,2026-07-07 13:10:50,EMP-004,CUST-7943,BRANCH-WEST,Groceries,97.08,0.0,0.0,Credit Card,0,NONE
TX-101219,2026-07-07 13:11:32,EMP-005,CUST-2029,BRANCH-CENTRAL,Groceries,75.19,8.2,60.96,Credit Card,0,NONE
TX-101220,2026-07-07 13:14:51,EMP-005,CUST-5049,BRANCH-CENTRAL,Groceries,44.18,0.0,0.0,Cash,0,NONE
TX-101221,2026-07-07 13:15:11,EMP-006,CUST-9514,BRANCH-WEST,Electronics,86.76,0.0,0.0,Debit Card,0,NONE
TX-101222,2026-07-07 13:15:31,EMP-002,CUST-8314,BRANCH-CENTRAL,Services,58.03,14.7,0.0,Debit Card,0,NONE
TX-101223,2026-07-07 13:16:33,EMP-006,CUST-2065,BRANCH-WEST,Electronics,39.12,12.6,0.0,Debit Card,0,NONE
TX-101224,2026-07-07 13:20:34,EMP-002,CUST-2668,BRANCH-CENTRAL,Groceries,32.12,0.0,0.0,Debit Card,0,NONE
TX-101225,2026-07-07 13:28:06,EMP-007,CUST-2570,BRANCH-WEST,Services,31.79,0.0,0.0,Cash,0,NONE
TX-101226,2026-07-07 13:33:19,EMP-008,CUST-7290,BRANCH-EAST,Hardware,62.87,0.0,0.0,Cash,0,NONE
TX-101227,2026-07-07 13:33:39,EMP-006,CUST-1425,BRANCH-WEST,Hardware,29.0,0.0,0.0,Cash,0,NONE
TX-101228,2026-07-07 13:36:16,EMP-002,CUST-1201,BRANCH-CENTRAL,Services,30.7,0.0,0.0,Mobile Money,0,NONE
TX-101229,2026-07-07 13:37:37,EMP-003,CUST-9337,BRANCH-WEST,Apparel,75.28,0.0,0.0,Debit Card,0,NONE
TX-101230,2026-07-07 13:39:38,EMP-003,CUST-4983,BRANCH-WEST,Electronics,35.3,0.0,0.0,Credit Card,0,NONE
TX-101231,2026-07-07 13:45:14,EMP-007,CUST-9407,BRANCH-WEST,Apparel,25.17,0.0,0.0,Mobile Money,0,NONE
TX-101232,2026-07-07 13:55:15,EMP-003,CUST-8692,BRANCH-WEST,Apparel,67.62,0.0,0.0,Cash,0,NONE
TX-101233,2026-07-07 13:57:01,EMP-003,CUST-1939,BRANCH-WEST,Electronics,84.19,0.0,0.0,Cash,0,NONE
TX-101234,2026-07-07 14:03:12,EMP-007,CUST-6633,BRANCH-WEST,Electronics,62.17,0.0,0.0,Mobile Money,0,NONE
TX-101235,2026-07-07 14:04:58,EMP-002,CUST-6595,BRANCH-CENTRAL,Electronics,21.58,0.0,0.0,Debit Card,0,NONE
TX-101236,2026-07-07 14:09:14,EMP-006,CUST-6499,BRANCH-WEST,Services,31.21,0.0,0.0,Cash,0,NONE
TX-101237,2026-07-07 14:19:14,EMP-008,CUST-1691,BRANCH-EAST,Hardware,51.49,3.0,0.0,Mobile Money,0,NONE
TX-101238,2026-07-07 14:19:39,EMP-008,CUST-4492,BRANCH-EAST,Electronics,33.9,0.0,0.0,Credit Card,0,NONE
TX-101239,2026-07-07 14:19:59,EMP-007,CUST-4363,BRANCH-WEST,Hardware,52.55,14.9,0.0,Cash,0,NONE
TX-101240,2026-07-07 14:20:19,EMP-006,CUST-1491,BRANCH-WEST,Services,47.29,6.5,0.0,Credit Card,0,NONE
TX-101241,2026-07-07 14:21:38,EMP-001,CUST-1486,BRANCH-WEST,Electronics,36.23,5.1,0.0,Mobile Money,0,NONE
TX-101242,2026-07-07 14:33:39,EMP-006,CUST-5029,BRANCH-WEST,Electronics,21.48,5.1,0.0,Cash,0,NONE
TX-101243,2026-07-07 14:37:07,EMP-001,CUST-3248,BRANCH-WEST,Hardware,96.32,0.0,0.0,Credit Card,0,NONE
TX-101244,2026-07-07 14:40:01,EMP-004,CUST-5998,BRANCH-WEST,Hardware,36.11,12.7,0.0,Debit Card,0,NONE
TX-101245,2026-07-07 14:41:45,EMP-002,CUST-2941,BRANCH-CENTRAL,Electronics,67.6,0.0,0.0,Mobile Money,0,NONE
TX-101246,2026-07-07 14:50:43,EMP-004,CUST-9725,BRANCH-WEST,Hardware,97.89,0.0,0.0,Debit Card,0,NONE
TX-101247,2026-07-07 14:53:18,EMP-004,CUST-1756,BRANCH-WEST,Services,43.23,0.0,0.0,Credit Card,0,NONE
TX-101248,2026-07-07 14:56:03,EMP-003,CUST-6368,BRANCH-WEST,Electronics,77.69,12.5,0.0,Debit Card,0,NONE
TX-101249,2026-07-07 14:56:52,EMP-004,CUST-2333,BRANCH-WEST,Hardware,28.57,0.0,0.0,Mobile Money,0,NONE
TX-101250,2026-07-07 14:58:28,EMP-007,CUST-9342,BRANCH-WEST,Apparel,43.91,0.0,0.0,Credit Card,0,NONE
TX-101251,2026-07-07 14:58:48,EMP-006,CUST-9609,BRANCH-WEST,Hardware,52.45,0.0,0.0,Credit Card,0,NONE
TX-101252,2026-07-07 14:59:08,EMP-007,CUST-1599,BRANCH-WEST,Electronics,52.04,5.4,0.0,Debit Card,0,NONE
TX-101253,2026-07-07 15:01:14,EMP-004,CUST-6013,BRANCH-WEST,Hardware,71.39,0.0,0.0,Credit Card,0,NONE
TX-101254,2026-07-07 15:07:53,EMP-005,CUST-2388,BRANCH-CENTRAL,Electronics,35.72,0.0,0.0,Credit Card,0,NONE
TX-101255,2026-07-07 15:12:36,EMP-004,CUST-1674,BRANCH-WEST,Hardware,79.83,0.0,0.0,Debit Card,0,NONE
TX-101256,2026-07-07 15:18:29,EMP-008,CUST-8086,BRANCH-EAST,Hardware,43.9,0.0,0.0,Credit Card,0,NONE
TX-101257,2026-07-07 15:26:49,EMP-007,CUST-1404,BRANCH-WEST,Electronics,62.63,0.0,0.0,Cash,0,NONE
TX-101258,2026-07-07 15:29:54,EMP-006,CUST-2350,BRANCH-WEST,Apparel,33.19,0.0,0.0,Cash,0,NONE
TX-101259,2026-07-07 15:30:14,EMP-005,CUST-4731,BRANCH-CENTRAL,Groceries,20.93,7.3,0.0,Credit Card,0,NONE
TX-101260,2026-07-07 15:30:46,EMP-004,CUST-6394,BRANCH-WEST,Apparel,70.77,0.0,0.0,Credit Card,0,NONE
TX-101261,2026-07-07 15:31:06,EMP-004,CUST-3258,BRANCH-WEST,Services,16.41,0.0,8.42,Credit Card,0,NONE
TX-101262,2026-07-07 15:45:33,EMP-007,CUST-7647,BRANCH-WEST,Services,37.26,0.0,26.1,Mobile Money,0,NONE
TX-101263,2026-07-07 15:46:59,EMP-007,CUST-4728,BRANCH-WEST,Electronics,32.67,0.0,0.0,Mobile Money,0,NONE
TX-101264,2026-07-07 15:48:01,EMP-008,CUST-8559,BRANCH-EAST,Apparel,116.53,0.0,0.0,Mobile Money,0,NONE
TX-101265,2026-07-07 15:55:33,EMP-007,CUST-7843,BRANCH-WEST,Electronics,74.91,0.0,0.0,Cash,0,NONE
TX-101266,2026-07-07 15:57:44,EMP-006,CUST-3276,BRANCH-WEST,Services,26.63,0.0,0.0,Cash,0,NONE
TX-101267,2026-07-07 16:02:43,EMP-008,CUST-6810,BRANCH-EAST,Apparel,39.29,8.1,0.0,Credit Card,0,NONE
TX-101268,2026-07-07 16:09:30,EMP-006,CUST-1380,BRANCH-WEST,Services,34.92,0.0,0.0,Mobile Money,0,NONE
TX-101269,2026-07-07 16:18:47,EMP-006,CUST-7404,BRANCH-WEST,Hardware,25.77,7.7,0.0,Mobile Money,0,NONE
TX-101270,2026-07-07 16:25:21,EMP-008,CUST-2779,BRANCH-EAST,Apparel,129.95,0.0,0.0,Credit Card,0,NONE
TX-101271,2026-07-07 16:29:40,EMP-002,CUST-3808,BRANCH-CENTRAL,Groceries,20.26,0.0,0.0,Debit Card,0,NONE
TX-101272,2026-07-07 16:30:00,EMP-001,CUST-4058,BRANCH-WEST,Electronics,88.77,14.6,0.0,Mobile Money,0,NONE
TX-101273,2026-07-07 16:30:43,EMP-005,CUST-9591,BRANCH-CENTRAL,Groceries,52.64,0.0,0.0,Cash,0,NONE
TX-101274,2026-07-07 16:36:47,EMP-003,CUST-6353,BRANCH-WEST,Hardware,83.47,0.0,0.0,Mobile Money,0,NONE
TX-101275,2026-07-07 16:37:07,EMP-007,CUST-8835,BRANCH-WEST,Groceries,54.29,0.0,0.0,Mobile Money,0,NONE
TX-101276,2026-07-07 16:38:20,EMP-003,CUST-4369,BRANCH-WEST,Apparel,31.62,0.0,0.0,Debit Card,0,NONE
TX-101277,2026-07-07 16:43:20,EMP-003,CUST-6084,BRANCH-WEST,Services,92.34,11.6,0.0,Mobile Money,0,NONE
TX-101278,2026-07-07 16:49:01,EMP-001,CUST-3337,BRANCH-WEST,Hardware,40.05,7.8,0.0,Credit Card,0,NONE
TX-101279,2026-07-07 16:51:51,EMP-008,CUST-8539,BRANCH-EAST,Hardware,43.82,0.0,0.0,Credit Card,0,NONE
TX-101280,2026-07-07 16:53:41,EMP-008,CUST-6681,BRANCH-EAST,Apparel,109.64,0.0,0.0,Mobile Money,0,NONE
TX-101281,2026-07-07 16:56:09,EMP-007,CUST-5081,BRANCH-WEST,Electronics,81.05,0.0,0.0,Debit Card,0,NONE
TX-101282,2026-07-07 17:06:18,EMP-007,CUST-4005,BRANCH-WEST,Services,84.47,11.4,0.0,Mobile Money,0,NONE
TX-101283,2026-07-07 17:14:12,EMP-005,CUST-9810,BRANCH-CENTRAL,Apparel,67.15,0.0,0.0,Mobile Money,0,NONE
TX-101284,2026-07-07 17:15:28,EMP-008,CUST-7738,BRANCH-EAST,Services,52.94,7.4,0.0,Credit Card,0,NONE
TX-101285,2026-07-07 17:17:09,EMP-007,CUST-8388,BRANCH-WEST,Electronics,66.02,0.0,0.0,Debit Card,0,NONE
TX-101286,2026-07-07 17:18:47,EMP-001,CUST-2199,BRANCH-WEST,Hardware,63.52,0.0,0.0,Mobile Money,0,NONE
TX-101287,2026-07-07 17:22:05,EMP-007,CUST-1618,BRANCH-WEST,Groceries,78.96,0.0,0.0,Mobile Money,0,NONE
TX-101288,2026-07-07 17:33:50,EMP-006,CUST-8606,BRANCH-WEST,Hardware,14.64,0.0,0.0,Mobile Money,0,NONE
TX-101289,2026-07-07 17:34:32,EMP-008,CUST-3297,BRANCH-EAST,Hardware,65.14,0.0,0.0,Mobile Money,0,NONE
TX-101290,2026-07-07 17:40:42,EMP-001,CUST-2646,BRANCH-WEST,Electronics,28.63,0.0,0.0,Debit Card,0,NONE
TX-101291,2026-07-07 17:41:02,EMP-003,CUST-2271,BRANCH-WEST,Groceries,123.79,0.0,0.0,Credit Card,0,NONE
TX-101292,2026-07-07 17:48:20,EMP-003,CUST-4549,BRANCH-WEST,Groceries,62.9,0.0,0.0,Debit Card,0,NONE
TX-101293,2026-07-07 17:49:24,EMP-001,CUST-9566,BRANCH-WEST,Groceries,48.41,0.0,0.0,Cash,0,NONE
TX-101294,2026-07-07 17:54:16,EMP-001,CUST-1797,BRANCH-WEST,Hardware,43.04,0.0,0.0,Credit Card,0,NONE
TX-101295,2026-07-07 18:07:54,EMP-004,CUST-4276,BRANCH-WEST,Groceries,93.95,3.3,66.54,Cash,0,NONE
TX-101296,2026-07-07 18:08:14,EMP-004,CUST-2582,BRANCH-WEST,Electronics,117.63,0.0,0.0,Cash,0,NONE
TX-101297,2026-07-07 18:16:10,EMP-006,CUST-6286,BRANCH-WEST,Services,43.73,0.0,0.0,Debit Card,0,NONE
TX-101298,2026-07-07 18:16:57,EMP-007,CUST-2979,BRANCH-WEST,Electronics,57.78,7.3,0.0,Debit Card,0,NONE
TX-101299,2026-07-07 18:18:58,EMP-006,CUST-1196,BRANCH-WEST,Hardware,80.17,5.6,0.0,Credit Card,0,NONE
TX-101300,2026-07-07 18:19:31,EMP-006,CUST-1719,BRANCH-WEST,Groceries,25.98,0.0,0.0,Debit Card,0,NONE
TX-101301,2026-07-07 18:27:43,EMP-002,CUST-9784,BRANCH-CENTRAL,Services,27.86,14.5,0.0,Debit Card,0,NONE
TX-101302,2026-07-07 18:32:11,EMP-003,CUST-6440,BRANCH-WEST,Electronics,48.25,0.0,0.0,Credit Card,0,NONE
TX-101303,2026-07-07 18:36:06,EMP-008,CUST-2106,BRANCH-EAST,Apparel,95.37,13.9,0.0,Mobile Money,0,NONE
TX-101304,2026-07-07 18:39:29,EMP-001,CUST-4811,BRANCH-WEST,Groceries,40.71,0.0,0.0,Credit Card,0,NONE
TX-101305,2026-07-07 18:40:50,EMP-004,CUST-8020,BRANCH-WEST,Electronics,38.9,0.0,0.0,Credit Card,0,NONE
TX-101306,2026-07-07 18:42:17,EMP-008,CUST-5859,BRANCH-EAST,Electronics,118.24,5.5,0.0,Debit Card,0,NONE
TX-101307,2026-07-07 18:43:54,EMP-006,CUST-3199,BRANCH-WEST,Apparel,21.72,0.0,0.0,Cash,0,NONE
TX-101308,2026-07-07 18:49:10,EMP-007,CUST-5726,BRANCH-WEST,Groceries,38.04,11.8,0.0,Mobile Money,0,NONE
TX-101309,2026-07-07 18:55:17,EMP-001,CUST-5068,BRANCH-WEST,Electronics,36.85,0.0,0.0,Credit Card,0,NONE
TX-101310,2026-07-07 18:56:37,EMP-003,CUST-8247,BRANCH-WEST,Groceries,146.15,8.9,0.0,Cash,0,NONE
TX-101311,2026-07-07 18:58:13,EMP-003,CUST-4345,BRANCH-WEST,Electronics,48.08,10.1,0.0,Mobile Money,0,NONE
TX-101312,2026-07-07 18:58:33,EMP-004,CUST-9313,BRANCH-WEST,Groceries,66.18,0.0,0.0,Mobile Money,0,NONE
TX-101313,2026-07-07 19:02:39,EMP-004,CUST-5012,BRANCH-WEST,Hardware,48.41,6.0,0.0,Debit Card,0,NONE
TX-101314,2026-07-07 19:07:06,EMP-004,CUST-5454,BRANCH-WEST,Hardware,30.43,14.7,0.0,Mobile Money,0,NONE
TX-101315,2026-07-07 19:09:16,EMP-008,CUST-8231,BRANCH-EAST,Hardware,85.18,0.0,0.0,Mobile Money,0,NONE
TX-101316,2026-07-07 19:14:49,EMP-008,CUST-1324,BRANCH-EAST,Hardware,59.02,0.0,0.0,Credit Card,0,NONE
TX-101317,2026-07-07 19:16:06,EMP-003,CUST-3878,BRANCH-WEST,Apparel,50.96,0.0,0.0,Credit Card,0,NONE
TX-101318,2026-07-07 19:18:21,EMP-007,CUST-8878,BRANCH-WEST,Groceries,28.48,0.0,0.0,Mobile Money,0,NONE
TX-101319,2026-07-07 19:32:28,EMP-003,CUST-4106,BRANCH-WEST,Groceries,66.92,9.0,0.0,Debit Card,0,NONE
TX-101320,2026-07-07 19:32:56,EMP-007,CUST-7812,BRANCH-WEST,Hardware,102.32,0.0,0.0,Debit Card,0,NONE
TX-101321,2026-07-07 19:37:48,EMP-005,CUST-2167,BRANCH-CENTRAL,Hardware,33.62,0.0,0.0,Cash,0,NONE
TX-101322,2026-07-07 19:39:59,EMP-007,CUST-3660,BRANCH-WEST,Electronics,31.45,0.0,0.0,Credit Card,0,NONE
TX-101323,2026-07-07 19:41:12,EMP-008,CUST-7032,BRANCH-EAST,Groceries,31.9,0.0,0.0,Mobile Money,0,NONE
TX-101324,2026-07-07 19:42:07,EMP-004,CUST-8827,BRANCH-WEST,Groceries,23.63,0.0,0.0,Cash,0,NONE
TX-101325,2026-07-07 19:43:28,EMP-003,CUST-5281,BRANCH-WEST,Services,61.01,0.0,0.0,Credit Card,0,NONE
TX-101326,2026-07-07 19:47:44,EMP-004,CUST-3644,BRANCH-WEST,Groceries,53.96,4.1,0.0,Debit Card,0,NONE
TX-101327,2026-07-07 19:48:04,EMP-007,CUST-2316,BRANCH-WEST,Services,61.88,0.0,0.0,Mobile Money,0,NONE
TX-101328,2026-07-07 19:48:24,EMP-007,CUST-5143,BRANCH-WEST,Apparel,49.87,0.0,0.0,Debit Card,0,NONE
TX-101329,2026-07-07 19:48:47,EMP-005,CUST-7743,BRANCH-CENTRAL,Groceries,48.17,9.9,0.0,Mobile Money,0,NONE
TX-101330,2026-07-07 19:52:26,EMP-005,CUST-4432,BRANCH-CENTRAL,Hardware,86.96,0.0,17.63,Debit Card,0,NONE
TX-101331,2026-07-07 19:53:40,EMP-001,CUST-2587,BRANCH-WEST,Groceries,69.17,0.0,0.0,Debit Card,0,NONE
TX-101332,2026-07-07 19:54:00,EMP-005,CUST-8060,BRANCH-CENTRAL,Electronics,75.69,5.2,0.0,Debit Card,0,NONE
TX-101333,2026-07-07 19:57:45,EMP-003,CUST-9234,BRANCH-WEST,Groceries,101.98,0.0,0.0,Mobile Money,0,NONE
TX-101334,2026-07-07 19:59:15,EMP-004,CUST-1966,BRANCH-WEST,Electronics,69.68,0.0,0.0,Debit Card,0,NONE
TX-101335,2026-07-07 20:07:17,EMP-008,CUST-2789,BRANCH-EAST,Electronics,33.75,4.0,0.0,Cash,0,NONE
TX-101336,2026-07-07 20:19:00,EMP-006,CUST-1486,BRANCH-WEST,Services,38.99,8.8,0.0,Cash,0,NONE
TX-101337,2026-07-07 20:22:32,EMP-001,CUST-5359,BRANCH-WEST,Groceries,44.69,0.0,0.0,Cash,0,NONE
TX-101338,2026-07-07 20:27:21,EMP-002,CUST-4458,BRANCH-CENTRAL,Services,29.77,0.0,0.0,Credit Card,0,NONE
TX-101339,2026-07-07 20:27:41,EMP-008,CUST-8753,BRANCH-EAST,Apparel,144.49,0.0,0.0,Credit Card,0,NONE
TX-101340,2026-07-07 20:31:10,EMP-006,CUST-4925,BRANCH-WEST,Apparel,37.07,0.0,0.0,Cash,0,NONE
TX-101341,2026-07-07 20:43:48,EMP-006,CUST-6410,BRANCH-WEST,Groceries,20.69,13.4,0.0,Mobile Money,0,NONE
TX-101342,2026-07-07 20:45:50,EMP-001,CUST-3013,BRANCH-WEST,Services,33.17,0.0,0.0,Mobile Money,0,NONE
TX-101343,2026-07-07 20:50:17,EMP-006,CUST-8404,BRANCH-WEST,Services,51.9,0.0,0.0,Debit Card,0,NONE
TX-101344,2026-07-08 08:26:12,EMP-001,CUST-6278,BRANCH-WEST,Groceries,26.74,0.0,0.0,Credit Card,0,NONE
TX-101345,2026-07-08 08:31:43,EMP-008,CUST-4826,BRANCH-EAST,Services,63.24,0.0,0.0,Cash,0,NONE
TX-101346,2026-07-08 08:41:33,EMP-006,CUST-8010,BRANCH-WEST,Hardware,20.86,0.0,0.0,Cash,0,NONE
TX-101347,2026-07-08 08:43:49,EMP-007,CUST-5814,BRANCH-WEST,Services,42.5,4.7,0.0,Cash,0,NONE
TX-101348,2026-07-08 08:48:57,EMP-003,CUST-9158,BRANCH-WEST,Groceries,65.09,0.0,0.0,Debit Card,0,NONE
TX-101349,2026-07-08 08:52:45,EMP-003,CUST-8311,BRANCH-WEST,Groceries,62.15,0.0,0.0,Mobile Money,0,NONE
TX-101350,2026-07-08 08:56:48,EMP-004,CUST-3792,BRANCH-WEST,Groceries,74.61,14.9,0.0,Credit Card,0,NONE
TX-101351,2026-07-08 08:57:11,EMP-007,CUST-5593,BRANCH-WEST,Electronics,33.42,0.0,0.0,Cash,0,NONE
TX-101352,2026-07-08 08:58:04,EMP-003,CUST-9757,BRANCH-WEST,Hardware,75.96,11.3,0.0,Cash,0,NONE
TX-101353,2026-07-08 08:58:24,EMP-006,CUST-7176,BRANCH-WEST,Hardware,55.46,0.0,0.0,Debit Card,0,NONE
TX-101354,2026-07-08 08:59:32,EMP-004,CUST-4662,BRANCH-WEST,Apparel,37.88,4.1,0.0,Mobile Money,0,NONE
TX-101355,2026-07-08 09:00:40,EMP-002,CUST-7025,BRANCH-CENTRAL,Electronics,29.69,0.0,0.0,Cash,0,NONE
TX-101356,2026-07-08 09:01:00,EMP-005,CUST-2013,BRANCH-CENTRAL,Services,95.43,0.0,0.0,Debit Card,0,NONE
TX-101357,2026-07-08 09:04:43,EMP-006,CUST-6980,BRANCH-WEST,Electronics,37.52,0.0,0.0,Mobile Money,0,NONE
TX-101358,2026-07-08 09:09:11,EMP-002,CUST-7476,BRANCH-CENTRAL,Groceries,52.78,0.0,0.0,Mobile Money,0,NONE
TX-101359,2026-07-08 09:16:06,EMP-005,CUST-4586,BRANCH-CENTRAL,Hardware,54.31,0.0,0.0,Credit Card,0,NONE
TX-101360,2026-07-08 09:26:53,EMP-003,CUST-1562,BRANCH-WEST,Services,34.41,0.0,0.0,Cash,0,NONE
TX-101361,2026-07-08 09:30:43,EMP-005,CUST-8836,BRANCH-CENTRAL,Electronics,48.63,0.0,0.0,Debit Card,0,NONE
TX-101362,2026-07-08 09:36:08,EMP-001,CUST-6458,BRANCH-WEST,Electronics,42.29,0.0,0.0,Mobile Money,0,NONE
TX-101363,2026-07-08 09:36:28,EMP-001,CUST-3933,BRANCH-WEST,Hardware,85.24,0.0,0.0,Mobile Money,0,NONE
TX-101364,2026-07-08 09:38:19,EMP-001,CUST-9977,BRANCH-WEST,Hardware,42.28,0.0,0.0,Credit Card,0,NONE
TX-101365,2026-07-08 09:41:24,EMP-007,CUST-7407,BRANCH-WEST,Groceries,73.11,0.0,0.0,Mobile Money,0,NONE
TX-101366,2026-07-08 09:42:39,EMP-007,CUST-2594,BRANCH-WEST,Electronics,74.57,0.0,0.0,Cash,0,NONE
TX-101367,2026-07-08 09:47:02,EMP-005,CUST-8496,BRANCH-CENTRAL,Electronics,39.24,0.0,0.0,Debit Card,0,NONE
TX-101368,2026-07-08 09:53:13,EMP-005,CUST-3372,BRANCH-CENTRAL,Electronics,116.13,12.0,0.0,Cash,0,NONE
TX-101369,2026-07-08 09:54:21,EMP-006,CUST-2670,BRANCH-WEST,Electronics,30.64,0.0,0.0,Mobile Money,0,NONE
TX-101370,2026-07-08 09:59:14,EMP-001,CUST-2573,BRANCH-WEST,Apparel,19.07,0.0,0.0,Cash,0,NONE
TX-101371,2026-07-08 10:03:25,EMP-002,CUST-9444,BRANCH-CENTRAL,Apparel,17.58,0.0,0.0,Debit Card,0,NONE
TX-101372,2026-07-08 10:14:25,EMP-004,CUST-1556,BRANCH-WEST,Groceries,41.82,8.9,0.0,Mobile Money,0,NONE
TX-101373,2026-07-08 10:14:45,EMP-007,CUST-2468,BRANCH-WEST,Hardware,23.31,0.0,0.0,Credit Card,0,NONE
TX-101374,2026-07-08 10:16:10,EMP-008,CUST-7018,BRANCH-EAST,Groceries,49.38,4.0,0.0,Mobile Money,0,NONE
TX-101375,2026-07-08 10:18:52,EMP-001,CUST-8856,BRANCH-WEST,Apparel,39.53,0.0,0.0,Mobile Money,0,NONE
TX-101376,2026-07-08 10:29:20,EMP-007,CUST-8932,BRANCH-WEST,Hardware,58.0,0.0,0.0,Credit Card,0,NONE
TX-101377,2026-07-08 10:31:26,EMP-002,CUST-9806,BRANCH-CENTRAL,Electronics,37.09,0.0,0.0,Debit Card,0,NONE
TX-101378,2026-07-08 10:35:41,EMP-008,CUST-2047,BRANCH-EAST,Services,49.19,0.0,0.0,Cash,0,NONE
TX-101379,2026-07-08 10:36:22,EMP-004,CUST-2922,BRANCH-WEST,Electronics,41.57,0.0,0.0,Cash,0,NONE
TX-101380,2026-07-08 10:36:42,EMP-008,CUST-6149,BRANCH-EAST,Groceries,86.02,9.9,0.0,Cash,0,NONE
TX-101381,2026-07-08 10:45:14,EMP-005,CUST-1573,BRANCH-CENTRAL,Groceries,27.76,0.0,0.0,Credit Card,0,NONE
TX-101382,2026-07-08 10:51:57,EMP-003,CUST-7931,BRANCH-WEST,Groceries,47.28,3.6,0.0,Credit Card,0,NONE
TX-101383,2026-07-08 10:53:18,EMP-008,CUST-3291,BRANCH-EAST,Services,78.16,0.0,0.0,Credit Card,0,NONE
TX-101384,2026-07-08 10:54:46,EMP-004,CUST-2622,BRANCH-WEST,Groceries,54.26,5.3,0.0,Mobile Money,0,NONE
TX-101385,2026-07-08 10:57:50,EMP-003,CUST-4539,BRANCH-WEST,Services,30.62,0.0,0.0,Debit Card,0,NONE
TX-101386,2026-07-08 10:59:35,EMP-002,CUST-5177,BRANCH-CENTRAL,Apparel,70.43,0.0,0.0,Debit Card,0,NONE
TX-101387,2026-07-08 11:05:48,EMP-008,CUST-2364,BRANCH-EAST,Apparel,54.61,0.0,0.0,Mobile Money,0,NONE
TX-101388,2026-07-08 11:07:16,EMP-004,CUST-2156,BRANCH-WEST,Apparel,30.98,0.0,0.0,Mobile Money,0,NONE
TX-101389,2026-07-08 11:10:05,EMP-006,CUST-9379,BRANCH-WEST,Services,23.26,12.9,0.0,Debit Card,0,NONE
TX-101390,2026-07-08 11:21:24,EMP-007,CUST-1424,BRANCH-WEST,Services,83.61,6.2,0.0,Debit Card,0,NONE
TX-101391,2026-07-08 11:24:11,EMP-002,CUST-6396,BRANCH-CENTRAL,Groceries,16.77,0.0,0.0,Credit Card,0,NONE
TX-101392,2026-07-08 11:25:02,EMP-003,CUST-4698,BRANCH-WEST,Apparel,77.99,7.5,0.0,Debit Card,0,NONE
TX-101393,2026-07-08 11:32:18,EMP-002,CUST-3023,BRANCH-CENTRAL,Electronics,64.31,0.0,0.0,Debit Card,0,NONE
TX-101394,2026-07-08 11:40:07,EMP-002,CUST-9666,BRANCH-CENTRAL,Apparel,36.87,0.0,0.0,Credit Card,0,NONE
TX-101395,2026-07-08 11:43:53,EMP-002,CUST-1785,BRANCH-CENTRAL,Electronics,89.88,0.0,0.0,Mobile Money,0,NONE
TX-101396,2026-07-08 11:44:34,EMP-006,CUST-9711,BRANCH-WEST,Services,27.54,0.0,0.0,Debit Card,0,NONE
TX-101397,2026-07-08 11:49:18,EMP-003,CUST-5244,BRANCH-WEST,Groceries,82.21,0.0,0.0,Mobile Money,0,NONE
TX-101398,2026-07-08 11:50:20,EMP-003,CUST-7206,BRANCH-WEST,Services,67.97,0.0,0.0,Credit Card,0,NONE
TX-101399,2026-07-08 11:51:02,EMP-004,CUST-7852,BRANCH-WEST,Hardware,113.75,14.8,0.0,Credit Card,0,NONE
TX-101400,2026-07-08 11:51:22,EMP-005,CUST-8008,BRANCH-CENTRAL,Services,39.04,0.0,0.0,Mobile Money,0,NONE
TX-101401,2026-07-08 11:53:06,EMP-005,CUST-2424,BRANCH-CENTRAL,Apparel,53.64,0.0,0.0,Cash,0,NONE
TX-101402,2026-07-08 11:53:32,EMP-002,CUST-2256,BRANCH-CENTRAL,Electronics,46.07,0.0,0.0,Cash,0,NONE
TX-101403,2026-07-08 11:57:16,EMP-002,CUST-5683,BRANCH-CENTRAL,Services,22.09,0.0,0.0,Cash,0,NONE
TX-101404,2026-07-08 11:58:23,EMP-007,CUST-9334,BRANCH-WEST,Electronics,48.49,0.0,0.0,Cash,0,NONE
TX-101405,2026-07-08 11:59:27,EMP-007,CUST-1227,BRANCH-WEST,Services,39.65,13.0,19.73,Credit Card,0,NONE
TX-101406,2026-07-08 12:00:26,EMP-004,CUST-9652,BRANCH-WEST,Services,54.57,8.4,0.0,Mobile Money,0,NONE
TX-101407,2026-07-08 12:03:41,EMP-003,CUST-2230,BRANCH-WEST,Apparel,78.96,0.0,0.0,Cash,0,NONE
TX-101408,2026-07-08 12:05:49,EMP-007,CUST-9118,BRANCH-WEST,Hardware,94.71,14.6,0.0,Mobile Money,0,NONE
TX-101409,2026-07-08 12:10:35,EMP-002,CUST-5752,BRANCH-CENTRAL,Apparel,15.39,0.0,0.0,Cash,0,NONE
TX-101410,2026-07-08 12:15:25,EMP-007,CUST-4562,BRANCH-WEST,Apparel,51.79,0.0,0.0,Cash,0,NONE
TX-101411,2026-07-08 12:17:32,EMP-008,CUST-8999,BRANCH-EAST,Groceries,37.58,0.0,0.0,Credit Card,0,NONE
TX-101412,2026-07-08 12:25:42,EMP-005,CUST-6798,BRANCH-CENTRAL,Groceries,56.72,13.7,0.0,Credit Card,0,NONE
TX-101413,2026-07-08 12:26:11,EMP-001,CUST-2660,BRANCH-WEST,Hardware,107.1,0.0,0.0,Mobile Money,0,NONE
TX-101414,2026-07-08 12:29:54,EMP-007,CUST-3029,BRANCH-WEST,Hardware,44.52,12.2,0.0,Debit Card,0,NONE
TX-101415,2026-07-08 12:30:30,EMP-007,CUST-7132,BRANCH-WEST,Apparel,36.3,0.0,0.0,Credit Card,0,NONE
TX-101416,2026-07-08 12:35:12,EMP-002,CUST-8185,BRANCH-CENTRAL,Hardware,35.51,7.2,0.0,Credit Card,0,NONE
TX-101417,2026-07-08 12:44:14,EMP-004,CUST-2813,BRANCH-WEST,Electronics,29.1,0.0,0.0,Debit Card,0,NONE
TX-101418,2026-07-08 12:45:08,EMP-006,CUST-1517,BRANCH-WEST,Electronics,12.83,0.0,0.0,Credit Card,0,NONE
TX-101419,2026-07-08 12:45:28,EMP-002,CUST-7899,BRANCH-CENTRAL,Hardware,49.37,0.0,0.0,Mobile Money,0,NONE
TX-101420,2026-07-08 12:51:45,EMP-006,CUST-7551,BRANCH-WEST,Services,42.08,0.0,0.0,Debit Card,0,NONE
TX-101421,2026-07-08 12:55:02,EMP-003,CUST-2797,BRANCH-WEST,Groceries,45.8,0.0,0.0,Credit Card,0,NONE
TX-101422,2026-07-08 12:58:59,EMP-001,CUST-4874,BRANCH-WEST,Groceries,24.09,0.0,0.0,Cash,0,NONE
TX-101423,2026-07-08 12:59:19,EMP-007,CUST-8867,BRANCH-WEST,Apparel,75.51,0.0,0.0,Debit Card,0,NONE
TX-101424,2026-07-08 13:04:27,EMP-004,CUST-3498,BRANCH-WEST,Services,90.82,6.4,0.0,Credit Card,0,NONE
TX-101425,2026-07-08 13:11:20,EMP-004,CUST-8031,BRANCH-WEST,Electronics,55.05,0.0,0.0,Cash,0,NONE
TX-101426,2026-07-08 13:18:44,EMP-003,CUST-4091,BRANCH-WEST,Services,25.28,0.0,0.0,Cash,0,NONE
TX-101427,2026-07-08 13:25:00,EMP-003,CUST-7574,BRANCH-WEST,Groceries,59.41,0.0,0.0,Mobile Money,0,NONE
TX-101428,2026-07-08 13:27:24,EMP-007,CUST-1289,BRANCH-WEST,Services,60.17,13.4,0.0,Credit Card,0,NONE
TX-101429,2026-07-08 13:35:58,EMP-004,CUST-4633,BRANCH-WEST,Apparel,45.37,0.0,0.0,Debit Card,0,NONE
TX-101430,2026-07-08 13:38:28,EMP-001,CUST-5985,BRANCH-WEST,Groceries,36.31,0.0,0.0,Credit Card,0,NONE
TX-101431,2026-07-08 13:44:58,EMP-007,CUST-5046,BRANCH-WEST,Apparel,37.82,0.0,0.0,Cash,0,NONE
TX-101432,2026-07-08 13:54:14,EMP-001,CUST-6269,BRANCH-WEST,Electronics,34.85,0.0,0.0,Cash,0,NONE
TX-101433,2026-07-08 13:57:21,EMP-007,CUST-4028,BRANCH-WEST,Apparel,79.07,0.0,0.0,Credit Card,0,NONE
TX-101434,2026-07-08 14:11:07,EMP-002,CUST-2587,BRANCH-CENTRAL,Groceries,47.88,0.0,0.0,Mobile Money,0,NONE
TX-101435,2026-07-08 14:11:27,EMP-006,CUST-6907,BRANCH-WEST,Apparel,33.39,0.0,0.0,Credit Card,0,NONE
TX-101436,2026-07-08 14:13:19,EMP-004,CUST-5521,BRANCH-WEST,Electronics,45.43,0.0,0.0,Cash,0,NONE
TX-101437,2026-07-08 14:36:48,EMP-003,CUST-2971,BRANCH-WEST,Groceries,118.44,0.0,0.0,Mobile Money,0,NONE
TX-101438,2026-07-08 14:40:04,EMP-004,CUST-8303,BRANCH-WEST,Groceries,31.94,9.6,0.0,Debit Card,0,NONE
TX-101439,2026-07-08 14:41:47,EMP-004,CUST-9741,BRANCH-WEST,Electronics,38.05,5.3,0.0,Credit Card,0,NONE
TX-101440,2026-07-08 14:43:38,EMP-006,CUST-6996,BRANCH-WEST,Hardware,39.49,0.0,0.0,Debit Card,0,NONE
TX-101441,2026-07-08 14:46:07,EMP-002,CUST-8910,BRANCH-CENTRAL,Hardware,33.27,0.0,0.0,Cash,0,NONE
TX-101442,2026-07-08 14:51:14,EMP-003,CUST-5491,BRANCH-WEST,Electronics,115.45,0.0,0.0,Cash,0,NONE
TX-101443,2026-07-08 14:51:34,EMP-004,CUST-7512,BRANCH-WEST,Hardware,80.2,0.0,0.0,Cash,0,NONE
TX-101444,2026-07-08 14:52:32,EMP-003,CUST-8172,BRANCH-WEST,Services,58.83,0.0,0.0,Debit Card,0,NONE
TX-101445,2026-07-08 14:52:52,EMP-005,CUST-4390,BRANCH-CENTRAL,Electronics,114.51,9.9,0.0,Cash,0,NONE
TX-101446,2026-07-08 14:59:23,EMP-008,CUST-9254,BRANCH-EAST,Services,76.03,0.0,0.0,Credit Card,0,NONE
TX-101447,2026-07-08 14:59:43,EMP-005,CUST-2951,BRANCH-CENTRAL,Electronics,87.53,9.4,0.0,Mobile Money,0,NONE
TX-101448,2026-07-08 15:05:32,EMP-005,CUST-3178,BRANCH-CENTRAL,Apparel,83.06,0.0,0.0,Mobile Money,0,NONE
TX-101449,2026-07-08 15:11:06,EMP-004,CUST-9758,BRANCH-WEST,Groceries,62.52,7.2,0.0,Credit Card,0,NONE
TX-101450,2026-07-08 15:17:35,EMP-006,CUST-2363,BRANCH-WEST,Services,25.67,0.0,0.0,Credit Card,0,NONE
TX-101451,2026-07-08 15:22:01,EMP-006,CUST-1938,BRANCH-WEST,Groceries,44.08,0.0,0.0,Credit Card,0,NONE
TX-101452,2026-07-08 15:25:53,EMP-003,CUST-5194,BRANCH-WEST,Groceries,46.73,0.0,0.0,Cash,0,NONE
TX-101453,2026-07-08 15:26:45,EMP-007,CUST-5216,BRANCH-WEST,Services,65.69,0.0,0.0,Mobile Money,0,NONE
TX-101454,2026-07-08 15:35:35,EMP-006,CUST-5403,BRANCH-WEST,Electronics,50.42,0.0,0.0,Debit Card,0,NONE
TX-101455,2026-07-08 15:41:16,EMP-003,CUST-8308,BRANCH-WEST,Electronics,71.29,0.0,0.0,Mobile Money,0,NONE
TX-101456,2026-07-08 15:44:54,EMP-008,CUST-2535,BRANCH-EAST,Hardware,95.89,5.2,0.0,Mobile Money,0,NONE
TX-101457,2026-07-08 15:48:21,EMP-008,CUST-3955,BRANCH-EAST,Apparel,77.48,5.0,0.0,Debit Card,0,NONE
TX-101458,2026-07-08 15:52:21,EMP-004,CUST-2137,BRANCH-WEST,Electronics,49.76,5.9,0.0,Debit Card,0,NONE
TX-101459,2026-07-08 15:57:23,EMP-002,CUST-9630,BRANCH-CENTRAL,Electronics,25.4,0.0,0.0,Cash,0,NONE
TX-101460,2026-07-08 15:58:38,EMP-007,CUST-7291,BRANCH-WEST,Groceries,38.99,3.2,0.0,Cash,0,NONE
TX-101461,2026-07-08 15:59:44,EMP-003,CUST-5068,BRANCH-WEST,Groceries,41.06,0.0,0.0,Cash,0,NONE
TX-101462,2026-07-08 16:00:42,EMP-001,CUST-2742,BRANCH-WEST,Services,57.85,0.0,0.0,Cash,0,NONE
TX-101463,2026-07-08 16:03:31,EMP-004,CUST-3281,BRANCH-WEST,Hardware,48.34,0.0,0.0,Mobile Money,0,NONE
TX-101464,2026-07-08 16:04:20,EMP-005,CUST-6435,BRANCH-CENTRAL,Hardware,48.97,3.7,0.0,Cash,0,NONE
TX-101465,2026-07-08 16:06:15,EMP-001,CUST-1729,BRANCH-WEST,Groceries,31.8,0.0,0.0,Debit Card,0,NONE
TX-101466,2026-07-08 16:13:09,EMP-003,CUST-1019,BRANCH-WEST,Electronics,106.42,8.1,0.0,Credit Card,0,NONE
TX-101467,2026-07-08 16:14:25,EMP-004,CUST-7303,BRANCH-WEST,Groceries,67.86,0.0,0.0,Mobile Money,0,NONE
TX-101468,2026-07-08 16:19:07,EMP-002,CUST-5617,BRANCH-CENTRAL,Apparel,45.92,7.0,0.0,Cash,0,NONE
TX-101469,2026-07-08 16:23:09,EMP-001,CUST-3475,BRANCH-WEST,Electronics,38.53,0.0,0.0,Mobile Money,0,NONE
TX-101470,2026-07-08 16:24:43,EMP-007,CUST-3461,BRANCH-WEST,Apparel,35.84,0.0,0.0,Cash,0,NONE
TX-101471,2026-07-08 16:29:27,EMP-005,CUST-9179,BRANCH-CENTRAL,Apparel,33.68,0.0,0.0,Cash,0,NONE
TX-101472,2026-07-08 16:30:26,EMP-001,CUST-3435,BRANCH-WEST,Electronics,19.85,0.0,0.0,Debit Card,0,NONE
TX-101473,2026-07-08 16:34:46,EMP-002,CUST-2854,BRANCH-CENTRAL,Services,58.01,0.0,0.0,Mobile Money,0,NONE
TX-101474,2026-07-08 16:41:30,EMP-002,CUST-6292,BRANCH-CENTRAL,Electronics,60.54,7.6,0.0,Debit Card,0,NONE
TX-101475,2026-07-08 16:42:19,EMP-008,CUST-7782,BRANCH-EAST,Services,94.83,0.0,0.0,Mobile Money,0,NONE
TX-101476,2026-07-08 16:42:41,EMP-007,CUST-7859,BRANCH-WEST,Services,33.78,0.0,0.0,Mobile Money,0,NONE
TX-101477,2026-07-08 16:44:56,EMP-007,CUST-2369,BRANCH-WEST,Services,98.76,0.0,0.0,Mobile Money,0,NONE
TX-101478,2026-07-08 16:45:16,EMP-002,CUST-4853,BRANCH-CENTRAL,Apparel,37.82,14.9,23.33,Mobile Money,0,NONE
TX-101479,2026-07-08 16:48:31,EMP-002,CUST-1976,BRANCH-CENTRAL,Apparel,54.8,0.0,0.0,Mobile Money,0,NONE
TX-101480,2026-07-08 16:48:51,EMP-005,CUST-8543,BRANCH-CENTRAL,Electronics,25.41,0.0,0.0,Debit Card,0,NONE
TX-101481,2026-07-08 16:57:58,EMP-004,CUST-4452,BRANCH-WEST,Electronics,87.62,4.7,0.0,Mobile Money,0,NONE
TX-101482,2026-07-08 17:06:43,EMP-007,CUST-1431,BRANCH-WEST,Hardware,70.03,0.0,0.0,Cash,0,NONE
TX-101483,2026-07-08 17:28:57,EMP-008,CUST-3591,BRANCH-EAST,Groceries,59.07,4.7,0.0,Cash,0,NONE
TX-101484,2026-07-08 17:35:55,EMP-007,CUST-3452,BRANCH-WEST,Electronics,41.93,0.0,0.0,Credit Card,0,NONE
TX-101485,2026-07-08 17:39:21,EMP-008,CUST-7742,BRANCH-EAST,Apparel,90.05,0.0,0.0,Cash,0,NONE
TX-101486,2026-07-08 17:39:41,EMP-005,CUST-2822,BRANCH-CENTRAL,Electronics,74.72,10.7,0.0,Mobile Money,0,NONE
TX-101487,2026-07-08 17:46:15,EMP-003,CUST-1178,BRANCH-WEST,Hardware,44.86,0.0,0.0,Debit Card,0,NONE
TX-101488,2026-07-08 17:54:03,EMP-005,CUST-9222,BRANCH-CENTRAL,Apparel,42.41,0.0,0.0,Mobile Money,0,NONE
TX-101489,2026-07-08 17:54:36,EMP-005,CUST-2506,BRANCH-CENTRAL,Services,35.32,0.0,0.0,Mobile Money,0,NONE
TX-101490,2026-07-08 17:54:56,EMP-007,CUST-1917,BRANCH-WEST,Electronics,89.45,0.0,0.0,Cash,0,NONE
TX-101491,2026-07-08 17:58:16,EMP-008,CUST-8821,BRANCH-EAST,Apparel,51.49,0.0,0.0,Debit Card,0,NONE
TX-101492,2026-07-08 17:59:46,EMP-003,CUST-1895,BRANCH-WEST,Apparel,37.64,0.0,0.0,Cash,0,NONE
TX-101493,2026-07-08 18:00:06,EMP-002,CUST-2274,BRANCH-CENTRAL,Apparel,59.97,0.0,0.0,Cash,0,NONE
TX-101494,2026-07-08 18:05:52,EMP-004,CUST-5623,BRANCH-WEST,Electronics,94.59,0.0,0.0,Cash,0,NONE
TX-101495,2026-07-08 18:06:12,EMP-005,CUST-4075,BRANCH-CENTRAL,Services,58.82,14.2,0.0,Cash,0,NONE
TX-101496,2026-07-08 18:13:27,EMP-001,CUST-8926,BRANCH-WEST,Groceries,63.9,4.1,0.0,Credit Card,0,NONE
TX-101497,2026-07-08 18:17:22,EMP-005,CUST-7523,BRANCH-CENTRAL,Services,109.96,12.0,0.0,Mobile Money,0,NONE
TX-101498,2026-07-08 18:25:21,EMP-002,CUST-6428,BRANCH-CENTRAL,Hardware,91.64,0.0,0.0,Mobile Money,0,NONE
TX-101499,2026-07-08 18:44:03,EMP-001,CUST-7260,BRANCH-WEST,Hardware,86.9,0.0,0.0,Credit Card,0,NONE
TX-101500,2026-07-08 18:49:42,EMP-003,CUST-3482,BRANCH-WEST,Hardware,143.25,10.5,0.0,Mobile Money,0,NONE
TX-101501,2026-07-08 18:51:40,EMP-004,CUST-3307,BRANCH-WEST,Electronics,41.57,0.0,0.0,Credit Card,0,NONE
TX-101502,2026-07-08 18:52:42,EMP-008,CUST-3149,BRANCH-EAST,Apparel,92.48,0.0,0.0,Debit Card,0,NONE
TX-101503,2026-07-08 19:03:17,EMP-001,CUST-7350,BRANCH-WEST,Electronics,42.38,10.3,0.0,Mobile Money,0,NONE
TX-101504,2026-07-08 19:04:57,EMP-008,CUST-2595,BRANCH-EAST,Groceries,34.76,13.4,0.0,Cash,0,NONE
TX-101505,2026-07-08 19:26:40,EMP-008,CUST-2541,BRANCH-EAST,Hardware,71.8,0.0,0.0,Mobile Money,0,NONE
TX-101506,2026-07-08 19:42:32,EMP-002,CUST-5589,BRANCH-CENTRAL,Services,72.67,0.0,0.0,Mobile Money,0,NONE
TX-101507,2026-07-08 19:47:33,EMP-008,CUST-5226,BRANCH-EAST,Hardware,86.27,0.0,0.0,Debit Card,0,NONE
TX-101508,2026-07-08 19:51:08,EMP-003,CUST-3031,BRANCH-WEST,Services,62.73,0.0,0.0,Credit Card,0,NONE
TX-101509,2026-07-08 19:55:37,EMP-007,CUST-7701,BRANCH-WEST,Services,38.6,0.0,0.0,Credit Card,0,NONE
TX-101510,2026-07-08 20:00:08,EMP-006,CUST-7122,BRANCH-WEST,Groceries,55.22,0.0,0.0,Credit Card,0,NONE
TX-101511,2026-07-08 20:00:51,EMP-001,CUST-1934,BRANCH-WEST,Electronics,36.71,0.0,0.0,Mobile Money,0,NONE
TX-101512,2026-07-08 20:03:37,EMP-002,CUST-5762,BRANCH-CENTRAL,Hardware,72.49,7.8,0.0,Debit Card,0,NONE
TX-101513,2026-07-08 20:07:48,EMP-008,CUST-2531,BRANCH-EAST,Apparel,109.43,0.0,0.0,Debit Card,0,NONE
TX-101514,2026-07-08 20:09:05,EMP-002,CUST-2406,BRANCH-CENTRAL,Electronics,52.69,0.0,0.0,Debit Card,0,NONE
TX-101515,2026-07-08 20:12:44,EMP-007,CUST-4268,BRANCH-WEST,Hardware,32.69,0.0,0.0,Debit Card,0,NONE
TX-101516,2026-07-08 20:13:31,EMP-004,CUST-8802,BRANCH-WEST,Groceries,43.38,0.0,0.0,Mobile Money,0,NONE
TX-101517,2026-07-08 20:17:55,EMP-008,CUST-3384,BRANCH-EAST,Electronics,152.82,0.0,0.0,Debit Card,0,NONE
TX-101518,2026-07-08 20:25:10,EMP-001,CUST-6922,BRANCH-WEST,Hardware,49.92,0.0,0.0,Mobile Money,0,NONE
TX-101519,2026-07-08 20:29:58,EMP-001,CUST-7929,BRANCH-WEST,Apparel,71.81,0.0,0.0,Mobile Money,0,NONE
TX-101520,2026-07-08 20:37:15,EMP-002,CUST-5487,BRANCH-CENTRAL,Hardware,28.26,13.5,0.0,Debit Card,0,NONE
TX-101521,2026-07-08 20:39:18,EMP-004,CUST-5250,BRANCH-WEST,Electronics,205.77,0.0,0.0,Debit Card,0,NONE
TX-101522,2026-07-08 20:39:58,EMP-006,CUST-5864,BRANCH-WEST,Electronics,20.4,14.3,0.0,Mobile Money,0,NONE
TX-101523,2026-07-08 20:50:08,EMP-007,CUST-6811,BRANCH-WEST,Services,65.99,0.0,52.76,Mobile Money,0,NONE
TX-101524,2026-07-08 20:53:38,EMP-002,CUST-3369,BRANCH-CENTRAL,Apparel,20.09,0.0,0.0,Credit Card,0,NONE
TX-101525,2026-07-08 20:53:58,EMP-001,CUST-3465,BRANCH-WEST,Hardware,65.1,0.0,0.0,Credit Card,0,NONE
TX-101526,2026-07-08 20:54:18,EMP-002,CUST-7658,BRANCH-CENTRAL,Apparel,30.55,0.0,16.51,Mobile Money,0,NONE
TX-101527,2026-07-08 20:58:02,EMP-008,CUST-2596,BRANCH-EAST,Groceries,63.01,14.7,0.0,Mobile Money,0,NONE
TX-101528,2026-07-09 08:24:24,EMP-004,CUST-6703,BRANCH-WEST,Electronics,60.23,0.0,0.0,Cash,0,NONE
TX-101529,2026-07-09 08:25:20,EMP-006,CUST-6960,BRANCH-WEST,Groceries,61.54,0.0,0.0,Cash,0,NONE
TX-101530,2026-07-09 08:33:17,EMP-008,CUST-8471,BRANCH-EAST,Hardware,62.51,0.0,0.0,Debit Card,0,NONE
TX-101531,2026-07-09 08:38:37,EMP-006,CUST-2857,BRANCH-WEST,Electronics,47.25,0.0,0.0,Mobile Money,0,NONE
TX-101532,2026-07-09 08:39:58,EMP-007,CUST-7251,BRANCH-WEST,Apparel,58.96,0.0,0.0,Debit Card,0,NONE
TX-101533,2026-07-09 08:42:28,EMP-005,CUST-2625,BRANCH-CENTRAL,Groceries,45.82,0.0,0.0,Cash,0,NONE
TX-101534,2026-07-09 08:49:59,EMP-007,CUST-2698,BRANCH-WEST,Hardware,47.7,0.0,0.0,Cash,0,NONE
TX-101535,2026-07-09 08:50:19,EMP-008,CUST-9247,BRANCH-EAST,Services,54.18,0.0,0.0,Debit Card,0,NONE
TX-101536,2026-07-09 09:05:07,EMP-004,CUST-4651,BRANCH-WEST,Hardware,60.54,0.0,0.0,Debit Card,0,NONE
TX-101537,2026-07-09 09:16:14,EMP-002,CUST-6744,BRANCH-CENTRAL,Hardware,50.47,0.0,0.0,Debit Card,0,NONE
TX-101538,2026-07-09 09:16:35,EMP-001,CUST-7138,BRANCH-WEST,Electronics,29.23,0.0,0.0,Credit Card,0,NONE
TX-101539,2026-07-09 09:17:31,EMP-005,CUST-7794,BRANCH-CENTRAL,Electronics,40.9,13.9,0.0,Cash,0,NONE
TX-101540,2026-07-09 09:18:33,EMP-003,CUST-7134,BRANCH-WEST,Services,29.67,0.0,0.0,Credit Card,0,NONE
TX-101541,2026-07-09 09:18:58,EMP-003,CUST-8045,BRANCH-WEST,Electronics,58.25,0.0,0.0,Debit Card,0,NONE
TX-101542,2026-07-09 09:19:41,EMP-001,CUST-8030,BRANCH-WEST,Electronics,18.34,0.0,0.0,Mobile Money,0,NONE
TX-101543,2026-07-09 09:26:05,EMP-007,CUST-6212,BRANCH-WEST,Services,42.05,5.8,0.0,Mobile Money,0,NONE
TX-101544,2026-07-09 09:27:39,EMP-002,CUST-7422,BRANCH-CENTRAL,Apparel,27.82,0.0,0.0,Credit Card,0,NONE
TX-101545,2026-07-09 09:28:12,EMP-004,CUST-2527,BRANCH-WEST,Groceries,36.83,3.1,0.0,Mobile Money,0,NONE
TX-101546,2026-07-09 09:29:23,EMP-001,CUST-9907,BRANCH-WEST,Groceries,73.06,0.0,0.0,Mobile Money,0,NONE
TX-101547,2026-07-09 09:29:43,EMP-008,CUST-6867,BRANCH-EAST,Electronics,40.36,13.8,0.0,Mobile Money,0,NONE
TX-101548,2026-07-09 09:30:39,EMP-007,CUST-5267,BRANCH-WEST,Groceries,43.65,0.0,0.0,Cash,0,NONE
TX-101549,2026-07-09 09:32:19,EMP-002,CUST-2817,BRANCH-CENTRAL,Hardware,51.01,0.0,0.0,Mobile Money,0,NONE
TX-101550,2026-07-09 09:40:18,EMP-005,CUST-5292,BRANCH-CENTRAL,Electronics,18.69,8.9,0.0,Mobile Money,0,NONE
TX-101551,2026-07-09 09:43:36,EMP-007,CUST-2649,BRANCH-WEST,Hardware,48.4,0.0,0.0,Debit Card,0,NONE
TX-101552,2026-07-09 09:50:06,EMP-002,CUST-4445,BRANCH-CENTRAL,Hardware,48.86,0.0,0.0,Debit Card,0,NONE
TX-101553,2026-07-09 09:52:55,EMP-003,CUST-3945,BRANCH-WEST,Apparel,40.06,5.1,0.0,Cash,0,NONE
TX-101554,2026-07-09 09:53:32,EMP-002,CUST-6616,BRANCH-CENTRAL,Apparel,23.12,0.0,0.0,Cash,0,NONE
TX-101555,2026-07-09 09:56:12,EMP-003,CUST-9548,BRANCH-WEST,Apparel,91.86,0.0,0.0,Cash,0,NONE
TX-101556,2026-07-09 09:56:32,EMP-001,CUST-9486,BRANCH-WEST,Services,16.89,0.0,0.0,Credit Card,0,NONE
TX-101557,2026-07-09 10:03:26,EMP-002,CUST-4554,BRANCH-CENTRAL,Groceries,36.79,0.0,0.0,Mobile Money,0,NONE
TX-101558,2026-07-09 10:03:46,EMP-005,CUST-5483,BRANCH-CENTRAL,Hardware,25.98,4.1,0.0,Credit Card,0,NONE
TX-101559,2026-07-09 10:08:55,EMP-008,CUST-9123,BRANCH-EAST,Hardware,23.7,0.0,0.0,Mobile Money,0,NONE
TX-101560,2026-07-09 10:12:19,EMP-005,CUST-3833,BRANCH-CENTRAL,Electronics,73.66,0.0,0.0,Credit Card,0,NONE
TX-101561,2026-07-09 10:20:14,EMP-007,CUST-2685,BRANCH-WEST,Services,70.37,0.0,0.0,Mobile Money,0,NONE
TX-101562,2026-07-09 10:21:44,EMP-004,CUST-8992,BRANCH-WEST,Hardware,89.98,0.0,0.0,Credit Card,0,NONE
TX-101563,2026-07-09 10:39:56,EMP-006,CUST-2762,BRANCH-WEST,Services,45.68,0.0,0.0,Credit Card,0,NONE
TX-101564,2026-07-09 10:48:44,EMP-006,CUST-2052,BRANCH-WEST,Hardware,25.21,3.4,0.0,Debit Card,0,NONE
TX-101565,2026-07-09 10:51:25,EMP-005,CUST-9691,BRANCH-CENTRAL,Apparel,35.39,0.0,0.0,Credit Card,0,NONE
TX-101566,2026-07-09 10:56:49,EMP-007,CUST-4046,BRANCH-WEST,Apparel,11.6,5.6,0.0,Mobile Money,0,NONE
TX-101567,2026-07-09 11:04:06,EMP-006,CUST-3003,BRANCH-WEST,Groceries,22.18,0.0,10.65,Debit Card,0,NONE
TX-101568,2026-07-09 11:05:53,EMP-006,CUST-4811,BRANCH-WEST,Services,37.99,6.4,0.0,Mobile Money,0,NONE
TX-101569,2026-07-09 11:07:28,EMP-002,CUST-5555,BRANCH-CENTRAL,Services,70.6,0.0,0.0,Cash,0,NONE
TX-101570,2026-07-09 11:09:53,EMP-007,CUST-8130,BRANCH-WEST,Apparel,41.51,0.0,0.0,Cash,0,NONE
TX-101571,2026-07-09 11:10:45,EMP-008,CUST-9169,BRANCH-EAST,Groceries,78.69,0.0,0.0,Cash,0,NONE
TX-101572,2026-07-09 11:22:51,EMP-008,CUST-3803,BRANCH-EAST,Services,75.81,0.0,0.0,Cash,0,NONE
TX-101573,2026-07-09 11:26:18,EMP-005,CUST-1292,BRANCH-CENTRAL,Services,25.19,0.0,0.0,Credit Card,0,NONE
TX-101574,2026-07-09 11:28:59,EMP-003,CUST-7599,BRANCH-WEST,Groceries,37.1,0.0,0.0,Cash,0,NONE
TX-101575,2026-07-09 11:32:12,EMP-006,CUST-1266,BRANCH-WEST,Groceries,57.83,0.0,0.0,Debit Card,0,NONE
TX-101576,2026-07-09 11:34:03,EMP-005,CUST-5500,BRANCH-CENTRAL,Apparel,29.65,0.0,0.0,Credit Card,0,NONE
TX-101577,2026-07-09 11:37:26,EMP-008,CUST-1771,BRANCH-EAST,Hardware,80.74,0.0,0.0,Debit Card,0,NONE
TX-101578,2026-07-09 11:38:15,EMP-002,CUST-7126,BRANCH-CENTRAL,Services,29.19,5.7,0.0,Mobile Money,0,NONE
TX-101579,2026-07-09 11:39:03,EMP-002,CUST-6289,BRANCH-CENTRAL,Hardware,31.84,4.1,0.0,Credit Card,0,NONE
TX-101580,2026-07-09 11:46:02,EMP-001,CUST-1860,BRANCH-WEST,Apparel,46.82,0.0,0.0,Cash,0,NONE
TX-101581,2026-07-09 12:00:02,EMP-005,CUST-2229,BRANCH-CENTRAL,Apparel,40.66,0.0,0.0,Debit Card,0,NONE
TX-101582,2026-07-09 12:03:25,EMP-005,CUST-3790,BRANCH-CENTRAL,Electronics,37.85,0.0,0.0,Credit Card,0,NONE
TX-101583,2026-07-09 12:09:48,EMP-003,CUST-7771,BRANCH-WEST,Hardware,41.28,0.0,0.0,Mobile Money,0,NONE
TX-101584,2026-07-09 12:11:37,EMP-008,CUST-9029,BRANCH-EAST,Apparel,70.99,0.0,0.0,Mobile Money,0,NONE
TX-101585,2026-07-09 12:19:04,EMP-002,CUST-5322,BRANCH-CENTRAL,Apparel,30.03,0.0,0.0,Mobile Money,0,NONE
TX-101586,2026-07-09 12:25:25,EMP-004,CUST-2278,BRANCH-WEST,Groceries,65.55,0.0,0.0,Cash,0,NONE
TX-101587,2026-07-09 12:26:24,EMP-004,CUST-8670,BRANCH-WEST,Hardware,33.41,4.3,0.0,Credit Card,0,NONE
TX-101588,2026-07-09 12:27:23,EMP-005,CUST-8438,BRANCH-CENTRAL,Electronics,37.67,0.0,0.0,Mobile Money,0,NONE
TX-101589,2026-07-09 12:28:36,EMP-004,CUST-6957,BRANCH-WEST,Hardware,66.11,0.0,0.0,Mobile Money,0,NONE
TX-101590,2026-07-09 12:28:56,EMP-007,CUST-4079,BRANCH-WEST,Groceries,59.16,0.0,0.0,Credit Card,0,NONE
TX-101591,2026-07-09 12:32:52,EMP-002,CUST-3413,BRANCH-CENTRAL,Hardware,52.01,0.0,0.0,Mobile Money,0,NONE
TX-101592,2026-07-09 12:38:24,EMP-001,CUST-8550,BRANCH-WEST,Electronics,37.01,0.0,0.0,Debit Card,0,NONE
TX-101593,2026-07-09 12:40:07,EMP-006,CUST-5351,BRANCH-WEST,Groceries,25.21,0.0,0.0,Debit Card,0,NONE
TX-101594,2026-07-09 12:40:30,EMP-004,CUST-3467,BRANCH-WEST,Hardware,75.34,0.0,0.0,Cash,0,NONE
TX-101595,2026-07-09 12:40:50,EMP-008,CUST-5466,BRANCH-EAST,Apparel,66.55,10.8,0.0,Debit Card,0,NONE
TX-101596,2026-07-09 12:42:12,EMP-004,CUST-5816,BRANCH-WEST,Electronics,38.61,0.0,0.0,Debit Card,0,NONE
TX-101597,2026-07-09 12:51:45,EMP-007,CUST-2788,BRANCH-WEST,Groceries,37.23,0.0,0.0,Mobile Money,0,NONE
TX-101598,2026-07-09 12:54:16,EMP-002,CUST-1870,BRANCH-CENTRAL,Groceries,89.88,0.0,0.0,Cash,0,NONE
TX-101599,2026-07-09 12:54:56,EMP-005,CUST-4710,BRANCH-CENTRAL,Services,40.39,0.0,0.0,Debit Card,0,NONE
TX-101600,2026-07-09 12:57:36,EMP-002,CUST-4602,BRANCH-CENTRAL,Apparel,105.13,0.0,0.0,Mobile Money,0,NONE
TX-101601,2026-07-09 13:28:29,EMP-006,CUST-5718,BRANCH-WEST,Services,22.87,0.0,8.31,Debit Card,0,NONE
TX-101602,2026-07-09 13:34:21,EMP-005,CUST-4909,BRANCH-CENTRAL,Electronics,75.07,0.0,0.0,Mobile Money,0,NONE
TX-101603,2026-07-09 13:35:05,EMP-006,CUST-8458,BRANCH-WEST,Electronics,36.44,0.0,0.0,Debit Card,0,NONE
TX-101604,2026-07-09 13:35:25,EMP-006,CUST-1341,BRANCH-WEST,Electronics,32.8,0.0,0.0,Mobile Money,0,NONE
TX-101605,2026-07-09 13:38:16,EMP-001,CUST-6769,BRANCH-WEST,Hardware,23.94,0.0,0.0,Mobile Money,0,NONE
TX-101606,2026-07-09 13:42:05,EMP-008,CUST-2792,BRANCH-EAST,Groceries,68.03,0.0,0.0,Credit Card,0,NONE
TX-101607,2026-07-09 13:44:51,EMP-004,CUST-9606,BRANCH-WEST,Services,77.32,4.8,0.0,Credit Card,0,NONE
TX-101608,2026-07-09 13:45:11,EMP-006,CUST-8415,BRANCH-WEST,Hardware,44.06,0.0,0.0,Credit Card,0,NONE
TX-101609,2026-07-09 13:47:29,EMP-008,CUST-5153,BRANCH-EAST,Apparel,53.51,0.0,0.0,Credit Card,0,NONE
TX-101610,2026-07-09 13:54:47,EMP-006,CUST-9484,BRANCH-WEST,Services,21.35,0.0,0.0,Cash,0,NONE
TX-101611,2026-07-09 13:55:07,EMP-003,CUST-7722,BRANCH-WEST,Electronics,56.43,0.0,0.0,Debit Card,0,NONE
TX-101612,2026-07-09 14:00:16,EMP-001,CUST-5003,BRANCH-WEST,Services,44.13,0.0,0.0,Credit Card,0,NONE
TX-101613,2026-07-09 14:01:35,EMP-004,CUST-2462,BRANCH-WEST,Electronics,34.7,0.0,0.0,Cash,0,NONE
TX-101614,2026-07-09 14:02:20,EMP-005,CUST-9927,BRANCH-CENTRAL,Hardware,76.76,0.0,0.0,Mobile Money,0,NONE
TX-101615,2026-07-09 14:04:19,EMP-005,CUST-6715,BRANCH-CENTRAL,Apparel,35.58,0.0,0.0,Credit Card,0,NONE
TX-101616,2026-07-09 14:09:52,EMP-005,CUST-4122,BRANCH-CENTRAL,Groceries,51.28,0.0,0.0,Cash,0,NONE
TX-101617,2026-07-09 14:10:56,EMP-007,CUST-8455,BRANCH-WEST,Services,42.36,0.0,0.0,Credit Card,0,NONE
TX-101618,2026-07-09 14:15:27,EMP-002,CUST-1136,BRANCH-CENTRAL,Hardware,61.37,0.0,0.0,Mobile Money,0,NONE
TX-101619,2026-07-09 14:17:24,EMP-005,CUST-3664,BRANCH-CENTRAL,Apparel,46.64,0.0,0.0,Credit Card,0,NONE
TX-101620,2026-07-09 14:17:44,EMP-001,CUST-8436,BRANCH-WEST,Groceries,78.68,12.9,0.0,Debit Card,0,NONE
TX-101621,2026-07-09 14:18:48,EMP-005,CUST-1083,BRANCH-CENTRAL,Hardware,47.14,0.0,0.0,Cash,0,NONE
TX-101622,2026-07-09 14:20:29,EMP-005,CUST-3256,BRANCH-CENTRAL,Apparel,55.62,0.0,0.0,Mobile Money,0,NONE
TX-101623,2026-07-09 14:21:43,EMP-002,CUST-5434,BRANCH-CENTRAL,Electronics,47.98,0.0,0.0,Cash,0,NONE
TX-101624,2026-07-09 14:25:29,EMP-005,CUST-4585,BRANCH-CENTRAL,Groceries,26.14,0.0,0.0,Debit Card,0,NONE
TX-101625,2026-07-09 14:33:01,EMP-007,CUST-7539,BRANCH-WEST,Groceries,86.76,0.0,0.0,Credit Card,0,NONE
TX-101626,2026-07-09 14:44:46,EMP-003,CUST-8140,BRANCH-WEST,Apparel,75.02,0.0,0.0,Mobile Money,0,NONE
TX-101627,2026-07-09 14:46:03,EMP-005,CUST-3223,BRANCH-CENTRAL,Hardware,56.33,0.0,0.0,Cash,0,NONE
TX-101628,2026-07-09 14:47:22,EMP-005,CUST-8555,BRANCH-CENTRAL,Services,69.21,12.4,0.0,Cash,0,NONE
TX-101629,2026-07-09 14:51:15,EMP-003,CUST-9627,BRANCH-WEST,Hardware,103.12,0.0,0.0,Credit Card,0,NONE
TX-101630,2026-07-09 15:09:42,EMP-008,CUST-6803,BRANCH-EAST,Hardware,41.29,0.0,0.0,Debit Card,0,NONE
TX-101631,2026-07-09 15:10:02,EMP-001,CUST-1432,BRANCH-WEST,Hardware,22.18,4.7,0.0,Mobile Money,0,NONE
TX-101632,2026-07-09 15:12:22,EMP-006,CUST-3085,BRANCH-WEST,Services,29.7,0.0,0.0,Credit Card,0,NONE
TX-101633,2026-07-09 15:19:33,EMP-001,CUST-7433,BRANCH-WEST,Electronics,22.47,0.0,19.11,Debit Card,0,NONE
TX-101634,2026-07-09 15:30:30,EMP-001,CUST-2387,BRANCH-WEST,Groceries,31.95,0.0,0.0,Cash,0,NONE
TX-101635,2026-07-09 15:41:03,EMP-006,CUST-2595,BRANCH-WEST,Apparel,25.55,0.0,0.0,Cash,0,NONE
TX-101636,2026-07-09 15:41:23,EMP-002,CUST-9369,BRANCH-CENTRAL,Groceries,26.83,0.0,0.0,Debit Card,0,NONE
TX-101637,2026-07-09 15:55:09,EMP-003,CUST-4662,BRANCH-WEST,Electronics,73.91,0.0,0.0,Cash,0,NONE
TX-101638,2026-07-09 15:57:31,EMP-008,CUST-4288,BRANCH-EAST,Groceries,32.08,4.8,0.0,Cash,0,NONE
TX-101639,2026-07-09 16:00:03,EMP-004,CUST-4347,BRANCH-WEST,Groceries,52.11,0.0,0.0,Debit Card,0,NONE
TX-101640,2026-07-09 16:04:23,EMP-007,CUST-1911,BRANCH-WEST,Groceries,75.05,0.0,0.0,Mobile Money,0,NONE
TX-101641,2026-07-09 16:07:49,EMP-004,CUST-9957,BRANCH-WEST,Apparel,74.89,0.0,0.0,Cash,0,NONE
TX-101642,2026-07-09 16:17:12,EMP-007,CUST-3396,BRANCH-WEST,Groceries,66.8,12.8,0.0,Mobile Money,0,NONE
TX-101643,2026-07-09 16:17:32,EMP-004,CUST-8801,BRANCH-WEST,Hardware,71.05,0.0,0.0,Debit Card,0,NONE
TX-101644,2026-07-09 16:17:52,EMP-006,CUST-5508,BRANCH-WEST,Hardware,57.17,0.0,0.0,Debit Card,0,NONE
TX-101645,2026-07-09 16:19:59,EMP-007,CUST-7960,BRANCH-WEST,Electronics,31.32,8.5,0.0,Cash,0,NONE
TX-101646,2026-07-09 16:22:02,EMP-005,CUST-1558,BRANCH-CENTRAL,Services,39.23,0.0,0.0,Credit Card,0,NONE
TX-101647,2026-07-09 16:26:43,EMP-003,CUST-8666,BRANCH-WEST,Hardware,84.43,0.0,0.0,Credit Card,0,NONE
TX-101648,2026-07-09 16:27:59,EMP-004,CUST-6715,BRANCH-WEST,Services,41.38,0.0,0.0,Mobile Money,0,NONE
TX-101649,2026-07-09 16:29:39,EMP-006,CUST-6558,BRANCH-WEST,Hardware,34.41,0.0,0.0,Credit Card,0,NONE
TX-101650,2026-07-09 16:31:53,EMP-005,CUST-7454,BRANCH-CENTRAL,Groceries,49.12,0.0,0.0,Debit Card,0,NONE
TX-101651,2026-07-09 16:33:14,EMP-008,CUST-3955,BRANCH-EAST,Services,145.62,0.0,0.0,Credit Card,0,NONE
TX-101652,2026-07-09 16:35:56,EMP-003,CUST-6309,BRANCH-WEST,Services,91.82,0.0,0.0,Debit Card,0,NONE
TX-101653,2026-07-09 16:38:12,EMP-002,CUST-1736,BRANCH-CENTRAL,Groceries,21.14,0.0,0.0,Cash,0,NONE
TX-101654,2026-07-09 16:38:55,EMP-002,CUST-9182,BRANCH-CENTRAL,Hardware,46.43,0.0,0.0,Mobile Money,0,NONE
TX-101655,2026-07-09 16:48:13,EMP-002,CUST-3850,BRANCH-CENTRAL,Hardware,27.9,0.0,0.0,Cash,0,NONE
TX-101656,2026-07-09 16:49:54,EMP-001,CUST-5103,BRANCH-WEST,Groceries,57.89,12.0,0.0,Credit Card,0,NONE
TX-101657,2026-07-09 17:00:37,EMP-001,CUST-3851,BRANCH-WEST,Apparel,69.29,8.4,0.0,Mobile Money,0,NONE
TX-101658,2026-07-09 17:07:29,EMP-004,CUST-5136,BRANCH-WEST,Hardware,122.5,0.0,0.0,Mobile Money,0,NONE
TX-101659,2026-07-09 17:16:37,EMP-003,CUST-8111,BRANCH-WEST,Services,93.04,0.0,0.0,Cash,0,NONE
TX-101660,2026-07-09 17:18:39,EMP-002,CUST-4334,BRANCH-CENTRAL,Groceries,54.19,0.0,0.0,Credit Card,0,NONE
TX-101661,2026-07-09 17:19:05,EMP-007,CUST-9955,BRANCH-WEST,Groceries,65.03,0.0,0.0,Debit Card,0,NONE
TX-101662,2026-07-09 17:22:31,EMP-004,CUST-4399,BRANCH-WEST,Services,32.66,0.0,0.0,Credit Card,0,NONE
TX-101663,2026-07-09 17:38:16,EMP-003,CUST-2100,BRANCH-WEST,Hardware,61.86,0.0,0.0,Cash,0,NONE
TX-101664,2026-07-09 17:39:14,EMP-002,CUST-3083,BRANCH-CENTRAL,Services,46.97,0.0,0.0,Mobile Money,0,NONE
TX-101665,2026-07-09 17:44:36,EMP-001,CUST-9856,BRANCH-WEST,Apparel,29.06,12.9,0.0,Credit Card,0,NONE
TX-101666,2026-07-09 17:44:56,EMP-007,CUST-6863,BRANCH-WEST,Groceries,62.65,0.0,0.0,Credit Card,0,NONE
TX-101667,2026-07-09 17:45:22,EMP-002,CUST-9755,BRANCH-CENTRAL,Services,112.05,9.2,0.0,Credit Card,0,NONE
TX-101668,2026-07-09 17:46:07,EMP-007,CUST-1928,BRANCH-WEST,Services,23.62,0.0,0.0,Debit Card,0,NONE
TX-101669,2026-07-09 17:57:15,EMP-005,CUST-1491,BRANCH-CENTRAL,Groceries,57.58,0.0,0.0,Credit Card,0,NONE
TX-101670,2026-07-09 18:04:04,EMP-001,CUST-3282,BRANCH-WEST,Electronics,38.3,0.0,0.0,Cash,0,NONE
TX-101671,2026-07-09 18:05:46,EMP-004,CUST-9086,BRANCH-WEST,Groceries,63.54,0.0,0.0,Cash,0,NONE
TX-101672,2026-07-09 18:06:06,EMP-006,CUST-2159,BRANCH-WEST,Hardware,45.53,0.0,0.0,Cash,0,NONE
TX-101673,2026-07-09 18:08:32,EMP-008,CUST-3121,BRANCH-EAST,Apparel,58.83,0.0,0.0,Debit Card,0,NONE
TX-101674,2026-07-09 18:09:33,EMP-004,CUST-6738,BRANCH-WEST,Hardware,27.43,0.0,0.0,Mobile Money,0,NONE
TX-101675,2026-07-09 18:12:59,EMP-001,CUST-1906,BRANCH-WEST,Groceries,52.93,0.0,0.0,Debit Card,0,NONE
TX-101676,2026-07-09 18:14:45,EMP-001,CUST-8899,BRANCH-WEST,Groceries,47.87,0.0,0.0,Mobile Money,0,NONE
TX-101677,2026-07-09 18:17:20,EMP-007,CUST-7993,BRANCH-WEST,Services,62.93,8.3,0.0,Credit Card,0,NONE
TX-101678,2026-07-09 18:19:03,EMP-006,CUST-4172,BRANCH-WEST,Apparel,72.18,0.0,0.0,Mobile Money,0,NONE
TX-101679,2026-07-09 18:20:38,EMP-002,CUST-1164,BRANCH-CENTRAL,Electronics,34.79,0.0,0.0,Cash,0,NONE
TX-101680,2026-07-09 18:21:34,EMP-001,CUST-5094,BRANCH-WEST,Groceries,38.26,4.5,0.0,Cash,0,NONE
TX-101681,2026-07-09 18:24:11,EMP-006,CUST-6728,BRANCH-WEST,Services,29.28,0.0,0.0,Credit Card,0,NONE
TX-101682,2026-07-09 18:31:32,EMP-003,CUST-7517,BRANCH-WEST,Hardware,50.33,0.0,0.0,Cash,0,NONE
TX-101683,2026-07-09 18:38:08,EMP-005,CUST-9907,BRANCH-CENTRAL,Electronics,24.67,0.0,0.0,Credit Card,0,NONE
TX-101684,2026-07-09 18:45:04,EMP-004,CUST-8266,BRANCH-WEST,Apparel,36.32,0.0,0.0,Credit Card,0,NONE
TX-101685,2026-07-09 18:46:30,EMP-004,CUST-9631,BRANCH-WEST,Apparel,18.96,0.0,0.0,Cash,0,NONE
TX-101686,2026-07-09 18:57:17,EMP-001,CUST-6679,BRANCH-WEST,Hardware,45.89,0.0,0.0,Credit Card,0,NONE
TX-101687,2026-07-09 18:57:37,EMP-002,CUST-4335,BRANCH-CENTRAL,Electronics,105.98,0.0,0.0,Credit Card,0,NONE
TX-101688,2026-07-09 19:00:11,EMP-004,CUST-3011,BRANCH-WEST,Apparel,30.96,0.0,0.0,Cash,0,NONE
TX-101689,2026-07-09 19:04:27,EMP-004,CUST-8213,BRANCH-WEST,Hardware,45.07,0.0,38.51,Credit Card,0,NONE
TX-101690,2026-07-09 19:18:37,EMP-005,CUST-7294,BRANCH-CENTRAL,Apparel,96.23,0.0,0.0,Credit Card,0,NONE
TX-101691,2026-07-09 19:18:57,EMP-007,CUST-9115,BRANCH-WEST,Groceries,64.82,0.0,0.0,Cash,0,NONE
TX-101692,2026-07-09 19:21:06,EMP-004,CUST-4370,BRANCH-WEST,Hardware,58.49,8.2,0.0,Credit Card,0,NONE
TX-101693,2026-07-09 19:32:15,EMP-001,CUST-9872,BRANCH-WEST,Apparel,26.23,0.0,0.0,Credit Card,0,NONE
TX-101694,2026-07-09 19:36:35,EMP-005,CUST-4547,BRANCH-CENTRAL,Groceries,40.19,0.0,0.0,Debit Card,0,NONE
TX-101695,2026-07-09 19:39:46,EMP-007,CUST-1935,BRANCH-WEST,Groceries,38.99,0.0,0.0,Credit Card,0,NONE
TX-101696,2026-07-09 19:41:49,EMP-008,CUST-7944,BRANCH-EAST,Services,80.79,0.0,0.0,Credit Card,0,NONE
TX-101697,2026-07-09 19:45:36,EMP-003,CUST-7247,BRANCH-WEST,Hardware,78.34,0.0,0.0,Mobile Money,0,NONE
TX-101698,2026-07-09 19:47:28,EMP-001,CUST-5598,BRANCH-WEST,Apparel,32.0,6.0,0.0,Credit Card,0,NONE
TX-101699,2026-07-09 19:49:13,EMP-007,CUST-1632,BRANCH-WEST,Services,45.47,0.0,0.0,Credit Card,0,NONE
TX-101700,2026-07-09 19:51:20,EMP-001,CUST-3036,BRANCH-WEST,Apparel,66.41,0.0,0.0,Credit Card,0,NONE
TX-101701,2026-07-09 19:51:40,EMP-003,CUST-8271,BRANCH-WEST,Hardware,115.31,3.1,0.0,Credit Card,0,NONE
TX-101702,2026-07-09 19:53:40,EMP-008,CUST-4569,BRANCH-EAST,Hardware,56.86,14.3,0.0,Credit Card,0,NONE
TX-101703,2026-07-09 20:00:41,EMP-002,CUST-8216,BRANCH-CENTRAL,Electronics,37.53,0.0,0.0,Credit Card,0,NONE
TX-101704,2026-07-09 20:01:01,EMP-008,CUST-3084,BRANCH-EAST,Electronics,39.27,0.0,0.0,Cash,0,NONE
TX-101705,2026-07-09 20:09:28,EMP-004,CUST-2875,BRANCH-WEST,Groceries,45.48,9.1,0.0,Credit Card,0,NONE
TX-101706,2026-07-09 20:12:43,EMP-001,CUST-4734,BRANCH-WEST,Groceries,39.71,0.0,0.0,Credit Card,0,NONE
TX-101707,2026-07-09 20:17:58,EMP-001,CUST-6789,BRANCH-WEST,Services,19.41,0.0,0.0,Credit Card,0,NONE
TX-101708,2026-07-09 20:30:39,EMP-002,CUST-2269,BRANCH-CENTRAL,Services,51.5,0.0,0.0,Mobile Money,0,NONE
TX-101709,2026-07-09 20:41:32,EMP-004,CUST-6337,BRANCH-WEST,Services,46.23,0.0,0.0,Debit Card,0,NONE
TX-101710,2026-07-09 20:51:27,EMP-002,CUST-7987,BRANCH-CENTRAL,Apparel,81.39,6.9,0.0,Credit Card,0,NONE
TX-101711,2026-07-09 20:53:30,EMP-007,CUST-7139,BRANCH-WEST,Hardware,98.52,0.0,0.0,Cash,0,NONE
TX-101712,2026-07-09 20:59:05,EMP-003,CUST-7034,BRANCH-WEST,Groceries,158.23,0.0,0.0,Cash,0,NONE
TX-101713,2026-07-10 08:08:38,EMP-004,CUST-6129,BRANCH-WEST,Services,60.75,0.0,0.0,Credit Card,0,NONE
TX-101714,2026-07-10 08:13:53,EMP-004,CUST-7206,BRANCH-WEST,Services,45.35,11.7,0.0,Cash,0,NONE
TX-101715,2026-07-10 08:21:02,EMP-002,CUST-4679,BRANCH-CENTRAL,Services,49.69,0.0,0.0,Debit Card,0,NONE
TX-101716,2026-07-10 08:24:08,EMP-002,CUST-9646,BRANCH-CENTRAL,Groceries,39.57,0.0,0.0,Debit Card,0,NONE
TX-101717,2026-07-10 08:26:02,EMP-006,CUST-5410,BRANCH-WEST,Electronics,72.54,0.0,0.0,Mobile Money,0,NONE
TX-101718,2026-07-10 08:35:53,EMP-006,CUST-4982,BRANCH-WEST,Apparel,57.67,6.8,0.0,Mobile Money,0,NONE
TX-101719,2026-07-10 08:38:31,EMP-008,CUST-7716,BRANCH-EAST,Apparel,54.45,9.7,0.0,Credit Card,0,NONE
TX-101720,2026-07-10 08:41:24,EMP-008,CUST-4774,BRANCH-EAST,Hardware,91.21,0.0,0.0,Mobile Money,0,NONE
TX-101721,2026-07-10 08:42:58,EMP-004,CUST-7678,BRANCH-WEST,Services,23.45,0.0,0.0,Credit Card,0,NONE
TX-101722,2026-07-10 08:43:18,EMP-006,CUST-6142,BRANCH-WEST,Groceries,84.65,8.1,0.0,Debit Card,0,NONE
TX-101723,2026-07-10 08:44:59,EMP-004,CUST-3947,BRANCH-WEST,Hardware,37.99,4.4,0.0,Debit Card,0,NONE
TX-101724,2026-07-10 08:49:25,EMP-002,CUST-3070,BRANCH-CENTRAL,Groceries,80.52,0.0,17.52,Cash,0,NONE
TX-101725,2026-07-10 08:50:39,EMP-003,CUST-9436,BRANCH-WEST,Services,52.2,0.0,0.0,Credit Card,0,NONE
TX-101726,2026-07-10 09:09:12,EMP-003,CUST-7591,BRANCH-WEST,Services,66.8,6.5,0.0,Credit Card,0,NONE
TX-101727,2026-07-10 09:13:30,EMP-002,CUST-1741,BRANCH-CENTRAL,Groceries,37.76,0.0,0.0,Debit Card,0,NONE
TX-101728,2026-07-10 09:18:09,EMP-007,CUST-8368,BRANCH-WEST,Hardware,63.22,0.0,0.0,Mobile Money,0,NONE
TX-101729,2026-07-10 09:19:09,EMP-003,CUST-9345,BRANCH-WEST,Groceries,38.49,3.1,0.0,Debit Card,0,NONE
TX-101730,2026-07-10 09:20:37,EMP-007,CUST-6250,BRANCH-WEST,Hardware,18.83,11.7,0.0,Cash,0,NONE
TX-101731,2026-07-10 09:21:18,EMP-004,CUST-5871,BRANCH-WEST,Hardware,91.51,0.0,0.0,Debit Card,0,NONE
TX-101732,2026-07-10 09:22:02,EMP-005,CUST-6288,BRANCH-CENTRAL,Hardware,86.87,0.0,0.0,Mobile Money,0,NONE
TX-101733,2026-07-10 09:31:09,EMP-001,CUST-4451,BRANCH-WEST,Hardware,31.85,0.0,0.0,Credit Card,0,NONE
TX-101734,2026-07-10 09:31:30,EMP-002,CUST-6690,BRANCH-CENTRAL,Apparel,30.09,6.5,0.0,Mobile Money,0,NONE
TX-101735,2026-07-10 09:31:50,EMP-003,CUST-5726,BRANCH-WEST,Apparel,58.41,0.0,0.0,Mobile Money,0,NONE
TX-101736,2026-07-10 09:36:10,EMP-005,CUST-3310,BRANCH-CENTRAL,Groceries,26.61,13.1,0.0,Cash,0,NONE
TX-101737,2026-07-10 09:37:13,EMP-001,CUST-9844,BRANCH-WEST,Services,46.07,0.0,39.19,Cash,0,NONE
TX-101738,2026-07-10 09:37:33,EMP-006,CUST-4328,BRANCH-WEST,Apparel,36.31,0.0,0.0,Debit Card,0,NONE
TX-101739,2026-07-10 09:45:39,EMP-003,CUST-8435,BRANCH-WEST,Apparel,51.44,0.0,0.0,Cash,0,NONE
TX-101740,2026-07-10 09:56:05,EMP-008,CUST-8082,BRANCH-EAST,Hardware,51.58,0.0,0.0,Credit Card,0,NONE
TX-101741,2026-07-10 09:56:25,EMP-002,CUST-6795,BRANCH-CENTRAL,Groceries,41.88,0.0,0.0,Cash,0,NONE
TX-101742,2026-07-10 09:59:49,EMP-006,CUST-3567,BRANCH-WEST,Services,36.55,0.0,0.0,Cash,0,NONE
TX-101743,2026-07-10 10:03:19,EMP-006,CUST-1628,BRANCH-WEST,Hardware,41.41,11.5,0.0,Mobile Money,0,NONE
TX-101744,2026-07-10 10:03:39,EMP-001,CUST-1130,BRANCH-WEST,Electronics,29.1,7.5,0.0,Mobile Money,0,NONE
TX-101745,2026-07-10 10:03:59,EMP-005,CUST-8702,BRANCH-CENTRAL,Electronics,69.63,0.0,0.0,Debit Card,0,NONE
TX-101746,2026-07-10 10:07:32,EMP-005,CUST-3159,BRANCH-CENTRAL,Electronics,51.73,0.0,0.0,Mobile Money,0,NONE
TX-101747,2026-07-10 10:10:40,EMP-001,CUST-8115,BRANCH-WEST,Groceries,38.15,0.0,0.0,Mobile Money,0,NONE
TX-101748,2026-07-10 10:11:57,EMP-001,CUST-7851,BRANCH-WEST,Apparel,24.94,0.0,0.0,Mobile Money,0,NONE
TX-101749,2026-07-10 10:21:20,EMP-006,CUST-8933,BRANCH-WEST,Services,65.41,0.0,0.0,Credit Card,0,NONE
TX-101750,2026-07-10 10:23:12,EMP-004,CUST-5786,BRANCH-WEST,Hardware,39.07,0.0,0.0,Credit Card,0,NONE
TX-101751,2026-07-10 10:25:25,EMP-008,CUST-5840,BRANCH-EAST,Groceries,69.53,14.6,0.0,Credit Card,0,NONE
TX-101752,2026-07-10 10:32:33,EMP-007,CUST-8326,BRANCH-WEST,Apparel,39.69,8.1,0.0,Credit Card,0,NONE
TX-101753,2026-07-10 10:33:34,EMP-002,CUST-6694,BRANCH-CENTRAL,Hardware,58.99,0.0,0.0,Debit Card,0,NONE
TX-101754,2026-07-10 10:40:21,EMP-008,CUST-7750,BRANCH-EAST,Electronics,27.57,6.2,0.0,Debit Card,0,NONE
TX-101755,2026-07-10 10:48:31,EMP-001,CUST-6295,BRANCH-WEST,Apparel,29.98,0.0,0.0,Debit Card,0,NONE
TX-101756,2026-07-10 10:48:51,EMP-007,CUST-7531,BRANCH-WEST,Apparel,70.23,0.0,0.0,Mobile Money,0,NONE
TX-101757,2026-07-10 10:49:11,EMP-006,CUST-1747,BRANCH-WEST,Apparel,30.31,0.0,0.0,Mobile Money,0,NONE
TX-101758,2026-07-10 10:51:53,EMP-004,CUST-2807,BRANCH-WEST,Services,21.75,0.0,0.0,Cash,0,NONE
TX-101759,2026-07-10 10:53:53,EMP-001,CUST-7212,BRANCH-WEST,Groceries,29.11,0.0,0.0,Credit Card,0,NONE
TX-101760,2026-07-10 10:56:54,EMP-002,CUST-1806,BRANCH-CENTRAL,Services,49.21,9.4,0.0,Debit Card,0,NONE
TX-101761,2026-07-10 11:03:26,EMP-004,CUST-5754,BRANCH-WEST,Electronics,30.42,0.0,0.0,Mobile Money,0,NONE
TX-101762,2026-07-10 11:09:08,EMP-004,CUST-1223,BRANCH-WEST,Groceries,48.01,0.0,0.0,Cash,0,NONE
TX-101763,2026-07-10 11:10:22,EMP-007,CUST-8944,BRANCH-WEST,Groceries,47.97,6.6,0.0,Mobile Money,0,NONE
TX-101764,2026-07-10 11:12:09,EMP-001,CUST-5463,BRANCH-WEST,Groceries,84.71,0.0,0.0,Debit Card,0,NONE
TX-101765,2026-07-10 11:12:29,EMP-003,CUST-5423,BRANCH-WEST,Groceries,43.79,9.1,0.0,Debit Card,0,NONE
TX-101766,2026-07-10 11:12:49,EMP-001,CUST-1241,BRANCH-WEST,Services,79.89,0.0,0.0,Debit Card,0,NONE
TX-101767,2026-07-10 11:13:40,EMP-004,CUST-6114,BRANCH-WEST,Apparel,35.24,0.0,0.0,Credit Card,0,NONE
TX-101768,2026-07-10 11:17:46,EMP-005,CUST-8518,BRANCH-CENTRAL,Electronics,56.07,14.6,0.0,Debit Card,0,NONE
TX-101769,2026-07-10 11:26:48,EMP-005,CUST-8037,BRANCH-CENTRAL,Groceries,38.27,7.9,0.0,Credit Card,0,NONE
TX-101770,2026-07-10 11:28:12,EMP-004,CUST-7265,BRANCH-WEST,Groceries,42.0,0.0,0.0,Credit Card,0,NONE
TX-101771,2026-07-10 11:29:18,EMP-002,CUST-8409,BRANCH-CENTRAL,Electronics,23.1,0.0,18.96,Debit Card,0,NONE
TX-101772,2026-07-10 11:33:45,EMP-006,CUST-8811,BRANCH-WEST,Services,54.19,6.7,0.0,Cash,0,NONE
TX-101773,2026-07-10 11:40:42,EMP-002,CUST-3773,BRANCH-CENTRAL,Electronics,68.06,0.0,0.0,Mobile Money,0,NONE
TX-101774,2026-07-10 11:42:43,EMP-002,CUST-3315,BRANCH-CENTRAL,Hardware,54.56,0.0,0.0,Mobile Money,0,NONE
TX-101775,2026-07-10 11:44:30,EMP-001,CUST-9084,BRANCH-WEST,Apparel,28.85,0.0,0.0,Mobile Money,0,NONE
TX-101776,2026-07-10 11:48:57,EMP-001,CUST-6266,BRANCH-WEST,Services,33.3,0.0,0.0,Credit Card,0,NONE
TX-101777,2026-07-10 12:08:33,EMP-004,CUST-9007,BRANCH-WEST,Services,47.28,0.0,0.0,Mobile Money,0,NONE
TX-101778,2026-07-10 12:09:13,EMP-006,CUST-8559,BRANCH-WEST,Hardware,56.4,0.0,0.0,Cash,0,NONE
TX-101779,2026-07-10 12:12:39,EMP-002,CUST-7974,BRANCH-CENTRAL,Groceries,72.57,0.0,0.0,Mobile Money,0,NONE
TX-101780,2026-07-10 12:20:41,EMP-002,CUST-3722,BRANCH-CENTRAL,Electronics,38.72,0.0,0.0,Cash,0,NONE
TX-101781,2026-07-10 12:24:32,EMP-007,CUST-9113,BRANCH-WEST,Electronics,22.77,0.0,0.0,Mobile Money,0,NONE
TX-101782,2026-07-10 12:26:39,EMP-007,CUST-7543,BRANCH-WEST,Groceries,22.66,0.0,0.0,Credit Card,0,NONE
TX-101783,2026-07-10 12:29:58,EMP-005,CUST-9560,BRANCH-CENTRAL,Apparel,31.13,0.0,0.0,Mobile Money,0,NONE
TX-101784,2026-07-10 12:37:34,EMP-003,CUST-5754,BRANCH-WEST,Services,98.13,0.0,0.0,Credit Card,0,NONE
TX-101785,2026-07-10 12:40:48,EMP-005,CUST-8735,BRANCH-CENTRAL,Hardware,56.57,7.0,0.0,Mobile Money,0,NONE
TX-101786,2026-07-10 12:46:50,EMP-003,CUST-9591,BRANCH-WEST,Hardware,87.11,8.0,0.0,Cash,0,NONE
TX-101787,2026-07-10 12:48:00,EMP-001,CUST-6109,BRANCH-WEST,Electronics,28.48,4.1,0.0,Cash,0,NONE
TX-101788,2026-07-10 12:56:01,EMP-001,CUST-8679,BRANCH-WEST,Services,32.18,7.2,0.0,Mobile Money,0,NONE
TX-101789,2026-07-10 13:00:31,EMP-006,CUST-1231,BRANCH-WEST,Electronics,64.25,0.0,0.0,Debit Card,0,NONE
TX-101790,2026-07-10 13:04:07,EMP-005,CUST-7017,BRANCH-CENTRAL,Services,91.98,0.0,0.0,Mobile Money,0,NONE
TX-101791,2026-07-10 13:07:32,EMP-002,CUST-3497,BRANCH-CENTRAL,Groceries,66.38,0.0,0.0,Credit Card,0,NONE
TX-101792,2026-07-10 13:09:46,EMP-002,CUST-3075,BRANCH-CENTRAL,Services,66.4,0.0,0.0,Credit Card,0,NONE
TX-101793,2026-07-10 13:10:47,EMP-005,CUST-8756,BRANCH-CENTRAL,Electronics,31.39,12.4,0.0,Cash,0,NONE
TX-101794,2026-07-10 13:15:29,EMP-003,CUST-3348,BRANCH-WEST,Electronics,85.37,0.0,10.83,Cash,0,NONE
TX-101795,2026-07-10 13:20:58,EMP-003,CUST-9383,BRANCH-WEST,Hardware,35.74,0.0,0.0,Credit Card,0,NONE
TX-101796,2026-07-10 13:21:57,EMP-002,CUST-4944,BRANCH-CENTRAL,Services,71.19,0.0,0.0,Debit Card,0,NONE
TX-101797,2026-07-10 13:22:17,EMP-006,CUST-6107,BRANCH-WEST,Services,49.73,0.0,0.0,Mobile Money,0,NONE
TX-101798,2026-07-10 13:27:34,EMP-003,CUST-5550,BRANCH-WEST,Electronics,56.82,0.0,0.0,Debit Card,0,NONE
TX-101799,2026-07-10 13:38:08,EMP-005,CUST-2970,BRANCH-CENTRAL,Services,17.11,0.0,0.0,Mobile Money,0,NONE
TX-101800,2026-07-10 13:39:44,EMP-001,CUST-6991,BRANCH-WEST,Hardware,34.21,0.0,0.0,Debit Card,0,NONE
TX-101801,2026-07-10 13:40:04,EMP-004,CUST-4129,BRANCH-WEST,Hardware,51.35,0.0,0.0,Cash,0,NONE
TX-101802,2026-07-10 13:41:15,EMP-004,CUST-8243,BRANCH-WEST,Apparel,53.68,0.0,20.11,Cash,0,NONE
TX-101803,2026-07-10 13:43:28,EMP-006,CUST-5157,BRANCH-WEST,Services,37.99,0.0,0.0,Cash,0,NONE
TX-101804,2026-07-10 13:46:38,EMP-005,CUST-8843,BRANCH-CENTRAL,Hardware,34.66,11.3,0.0,Cash,0,NONE
TX-101805,2026-07-10 13:50:59,EMP-001,CUST-8713,BRANCH-WEST,Services,26.67,0.0,0.0,Debit Card,0,NONE
TX-101806,2026-07-10 14:04:25,EMP-002,CUST-1625,BRANCH-CENTRAL,Apparel,91.15,13.7,0.0,Mobile Money,0,NONE
TX-101807,2026-07-10 14:07:11,EMP-003,CUST-2356,BRANCH-WEST,Hardware,155.5,0.0,0.0,Debit Card,0,NONE
TX-101808,2026-07-10 14:07:31,EMP-001,CUST-6148,BRANCH-WEST,Groceries,43.1,0.0,0.0,Mobile Money,0,NONE
TX-101809,2026-07-10 14:09:11,EMP-001,CUST-6450,BRANCH-WEST,Apparel,27.55,0.0,0.0,Credit Card,0,NONE
TX-101810,2026-07-10 14:19:09,EMP-001,CUST-7605,BRANCH-WEST,Hardware,24.4,0.0,0.0,Cash,0,NONE
TX-101811,2026-07-10 14:24:10,EMP-004,CUST-9216,BRANCH-WEST,Electronics,45.74,0.0,0.0,Debit Card,0,NONE
TX-101812,2026-07-10 14:25:33,EMP-001,CUST-5514,BRANCH-WEST,Services,92.83,9.1,0.0,Cash,0,NONE
TX-101813,2026-07-10 14:34:46,EMP-005,CUST-5485,BRANCH-CENTRAL,Services,49.47,0.0,0.0,Cash,0,NONE
TX-101814,2026-07-10 14:41:03,EMP-008,CUST-2444,BRANCH-EAST,Groceries,114.7,0.0,0.0,Cash,0,NONE
TX-101815,2026-07-10 14:52:43,EMP-003,CUST-6201,BRANCH-WEST,Services,108.96,0.0,17.7,Cash,0,NONE
TX-101816,2026-07-10 14:54:07,EMP-004,CUST-7136,BRANCH-WEST,Hardware,69.59,11.7,0.0,Mobile Money,0,NONE
TX-101817,2026-07-10 14:58:08,EMP-003,CUST-6087,BRANCH-WEST,Groceries,38.73,0.0,0.0,Credit Card,0,NONE
TX-101818,2026-07-10 15:01:44,EMP-003,CUST-6169,BRANCH-WEST,Hardware,109.17,5.3,0.0,Mobile Money,0,NONE
TX-101819,2026-07-10 15:04:59,EMP-005,CUST-5249,BRANCH-CENTRAL,Hardware,25.3,0.0,0.0,Credit Card,0,NONE
TX-101820,2026-07-10 15:06:39,EMP-006,CUST-9569,BRANCH-WEST,Hardware,30.51,0.0,0.0,Mobile Money,0,NONE
TX-101821,2026-07-10 15:08:42,EMP-001,CUST-7318,BRANCH-WEST,Electronics,44.89,0.0,0.0,Debit Card,0,NONE
TX-101822,2026-07-10 15:13:55,EMP-006,CUST-5729,BRANCH-WEST,Electronics,36.24,0.0,0.0,Credit Card,0,NONE
TX-101823,2026-07-10 15:14:15,EMP-002,CUST-9409,BRANCH-CENTRAL,Electronics,49.75,0.0,0.0,Cash,0,NONE
TX-101824,2026-07-10 15:19:13,EMP-002,CUST-9471,BRANCH-CENTRAL,Electronics,24.5,0.0,0.0,Credit Card,0,NONE
TX-101825,2026-07-10 15:19:33,EMP-006,CUST-7191,BRANCH-WEST,Services,30.54,0.0,0.0,Cash,0,NONE
TX-101826,2026-07-10 15:22:39,EMP-006,CUST-1129,BRANCH-WEST,Electronics,56.48,0.0,0.0,Cash,0,NONE
TX-101827,2026-07-10 15:23:00,EMP-003,CUST-6865,BRANCH-WEST,Apparel,224.37,9.6,0.0,Debit Card,0,NONE
TX-101828,2026-07-10 15:26:11,EMP-008,CUST-8126,BRANCH-EAST,Hardware,127.55,0.0,0.0,Credit Card,0,NONE
TX-101829,2026-07-10 15:28:09,EMP-006,CUST-8906,BRANCH-WEST,Hardware,21.01,0.0,0.0,Mobile Money,0,NONE
TX-101830,2026-07-10 15:29:14,EMP-002,CUST-7897,BRANCH-CENTRAL,Hardware,38.68,0.0,0.0,Debit Card,0,NONE
TX-101831,2026-07-10 15:29:38,EMP-001,CUST-3687,BRANCH-WEST,Services,29.86,6.6,0.0,Mobile Money,0,NONE
TX-101832,2026-07-10 15:30:24,EMP-003,CUST-3128,BRANCH-WEST,Apparel,63.72,0.0,0.0,Cash,0,NONE
TX-101833,2026-07-10 15:33:26,EMP-005,CUST-3317,BRANCH-CENTRAL,Apparel,50.14,0.0,0.0,Cash,0,NONE
TX-101834,2026-07-10 15:41:42,EMP-003,CUST-4283,BRANCH-WEST,Electronics,50.19,0.0,0.0,Mobile Money,0,NONE
TX-101835,2026-07-10 15:43:09,EMP-004,CUST-8152,BRANCH-WEST,Groceries,81.9,0.0,0.0,Credit Card,0,NONE
TX-101836,2026-07-10 15:45:12,EMP-001,CUST-8820,BRANCH-WEST,Electronics,67.88,0.0,0.0,Debit Card,0,NONE
TX-101837,2026-07-10 15:46:42,EMP-004,CUST-8738,BRANCH-WEST,Hardware,86.72,0.0,0.0,Cash,0,NONE
TX-101838,2026-07-10 15:47:16,EMP-007,CUST-3105,BRANCH-WEST,Apparel,34.27,0.0,0.0,Credit Card,0,NONE
TX-101839,2026-07-10 15:50:43,EMP-005,CUST-7956,BRANCH-CENTRAL,Services,51.32,0.0,0.0,Debit Card,0,NONE
TX-101840,2026-07-10 15:55:26,EMP-001,CUST-4632,BRANCH-WEST,Services,62.88,5.8,0.0,Cash,0,NONE
TX-101841,2026-07-10 16:03:40,EMP-007,CUST-2265,BRANCH-WEST,Electronics,74.88,5.3,0.0,Debit Card,0,NONE
TX-101842,2026-07-10 16:06:26,EMP-002,CUST-6563,BRANCH-CENTRAL,Hardware,61.43,0.0,0.0,Credit Card,0,NONE
TX-101843,2026-07-10 16:07:15,EMP-005,CUST-7337,BRANCH-CENTRAL,Hardware,84.68,14.5,0.0,Mobile Money,0,NONE
TX-101844,2026-07-10 16:07:35,EMP-007,CUST-9476,BRANCH-WEST,Groceries,42.11,0.0,0.0,Cash,0,NONE
TX-101845,2026-07-10 16:11:25,EMP-007,CUST-1200,BRANCH-WEST,Electronics,23.69,0.0,0.0,Debit Card,0,NONE
TX-101846,2026-07-10 16:19:00,EMP-008,CUST-1189,BRANCH-EAST,Hardware,58.97,0.0,0.0,Debit Card,0,NONE
TX-101847,2026-07-10 16:32:14,EMP-001,CUST-5963,BRANCH-WEST,Hardware,35.41,0.0,0.0,Debit Card,0,NONE
TX-101848,2026-07-10 16:32:41,EMP-006,CUST-8758,BRANCH-WEST,Apparel,135.6,0.0,0.0,Cash,0,NONE
TX-101849,2026-07-10 16:35:48,EMP-003,CUST-7947,BRANCH-WEST,Services,48.41,0.0,0.0,Cash,0,NONE
TX-101850,2026-07-10 16:36:09,EMP-003,CUST-1113,BRANCH-WEST,Apparel,109.93,0.0,0.0,Credit Card,0,NONE
TX-101851,2026-07-10 16:37:12,EMP-004,CUST-9436,BRANCH-WEST,Services,144.63,0.0,0.0,Cash,0,NONE
TX-101852,2026-07-10 16:41:15,EMP-008,CUST-5615,BRANCH-EAST,Groceries,163.56,8.9,0.0,Credit Card,0,NONE
TX-101853,2026-07-10 16:42:24,EMP-005,CUST-7974,BRANCH-CENTRAL,Apparel,43.92,0.0,0.0,Cash,0,NONE
TX-101854,2026-07-10 16:43:52,EMP-005,CUST-3928,BRANCH-CENTRAL,Apparel,64.55,0.0,24.33,Cash,0,NONE
TX-101855,2026-07-10 16:50:30,EMP-002,CUST-6853,BRANCH-CENTRAL,Groceries,48.91,0.0,0.0,Mobile Money,0,NONE
TX-101856,2026-07-10 16:53:59,EMP-002,CUST-9765,BRANCH-CENTRAL,Groceries,30.62,4.7,0.0,Credit Card,0,NONE
TX-101857,2026-07-10 16:58:04,EMP-006,CUST-8504,BRANCH-WEST,Services,79.43,12.9,0.0,Debit Card,0,NONE
TX-101858,2026-07-10 17:00:34,EMP-001,CUST-2253,BRANCH-WEST,Apparel,51.65,0.0,0.0,Cash,0,NONE
TX-101859,2026-07-10 17:03:49,EMP-007,CUST-9398,BRANCH-WEST,Groceries,34.22,0.0,0.0,Credit Card,0,NONE
TX-101860,2026-07-10 17:05:35,EMP-007,CUST-7565,BRANCH-WEST,Groceries,43.76,12.0,0.0,Cash,0,NONE
TX-101861,2026-07-10 17:11:24,EMP-007,CUST-2907,BRANCH-WEST,Electronics,48.28,0.0,0.0,Mobile Money,0,NONE
TX-101862,2026-07-10 17:16:14,EMP-001,CUST-7131,BRANCH-WEST,Services,68.43,0.0,0.0,Debit Card,0,NONE
TX-101863,2026-07-10 17:18:14,EMP-005,CUST-4042,BRANCH-CENTRAL,Apparel,26.11,0.0,0.0,Debit Card,0,NONE
TX-101864,2026-07-10 17:23:52,EMP-003,CUST-5668,BRANCH-WEST,Apparel,23.41,5.5,0.0,Mobile Money,0,NONE
TX-101865,2026-07-10 17:34:47,EMP-005,CUST-5375,BRANCH-CENTRAL,Hardware,26.07,0.0,0.0,Credit Card,0,NONE
TX-101866,2026-07-10 17:35:56,EMP-002,CUST-4626,BRANCH-CENTRAL,Electronics,48.46,6.9,0.0,Credit Card,0,NONE
TX-101867,2026-07-10 17:49:52,EMP-008,CUST-7893,BRANCH-EAST,Services,43.37,0.0,0.0,Cash,0,NONE
TX-101868,2026-07-10 17:51:45,EMP-006,CUST-6580,BRANCH-WEST,Apparel,39.59,0.0,0.0,Debit Card,0,NONE
TX-101869,2026-07-10 17:54:34,EMP-008,CUST-4451,BRANCH-EAST,Services,53.94,0.0,0.0,Credit Card,0,NONE
TX-101870,2026-07-10 17:55:16,EMP-007,CUST-1528,BRANCH-WEST,Services,20.45,0.0,0.0,Credit Card,0,NONE
TX-101871,2026-07-10 17:57:18,EMP-002,CUST-4400,BRANCH-CENTRAL,Services,32.26,0.0,0.0,Credit Card,0,NONE
TX-101872,2026-07-10 17:57:47,EMP-008,CUST-8657,BRANCH-EAST,Groceries,61.21,10.0,0.0,Debit Card,0,NONE
TX-101873,2026-07-10 17:59:44,EMP-007,CUST-1383,BRANCH-WEST,Apparel,79.76,0.0,0.0,Mobile Money,0,NONE
TX-101874,2026-07-10 18:04:02,EMP-007,CUST-9807,BRANCH-WEST,Electronics,126.95,0.0,0.0,Cash,0,NONE
TX-101875,2026-07-10 18:04:22,EMP-002,CUST-7483,BRANCH-CENTRAL,Electronics,30.93,4.3,0.0,Mobile Money,0,NONE
TX-101876,2026-07-10 18:11:05,EMP-007,CUST-7693,BRANCH-WEST,Apparel,55.96,0.0,0.0,Credit Card,0,NONE
TX-101877,2026-07-10 18:23:26,EMP-006,CUST-6950,BRANCH-WEST,Groceries,54.06,0.0,0.0,Credit Card,0,NONE
TX-101878,2026-07-10 18:24:05,EMP-007,CUST-4688,BRANCH-WEST,Hardware,155.57,0.0,0.0,Debit Card,0,NONE
TX-101879,2026-07-10 18:27:34,EMP-003,CUST-3910,BRANCH-WEST,Hardware,50.63,0.0,0.0,Credit Card,0,NONE
TX-101880,2026-07-10 18:29:37,EMP-008,CUST-3822,BRANCH-EAST,Groceries,46.31,0.0,0.0,Debit Card,0,NONE
TX-101881,2026-07-10 18:31:36,EMP-007,CUST-4094,BRANCH-WEST,Groceries,44.01,0.0,0.0,Cash,0,NONE
TX-101882,2026-07-10 18:32:18,EMP-007,CUST-1374,BRANCH-WEST,Apparel,35.48,0.0,0.0,Debit Card,0,NONE
TX-101883,2026-07-10 18:32:38,EMP-002,CUST-7066,BRANCH-CENTRAL,Groceries,59.56,0.0,0.0,Debit Card,0,NONE
TX-101884,2026-07-10 18:35:50,EMP-004,CUST-3644,BRANCH-WEST,Hardware,81.21,0.0,0.0,Mobile Money,0,NONE
TX-101885,2026-07-10 18:39:16,EMP-008,CUST-4273,BRANCH-EAST,Apparel,75.57,3.8,0.0,Debit Card,0,NONE
TX-101886,2026-07-10 18:40:57,EMP-008,CUST-5014,BRANCH-EAST,Services,73.22,0.0,0.0,Mobile Money,0,NONE
TX-101887,2026-07-10 18:41:17,EMP-008,CUST-9195,BRANCH-EAST,Groceries,125.98,0.0,0.0,Mobile Money,0,NONE
TX-101888,2026-07-10 18:44:37,EMP-004,CUST-8572,BRANCH-WEST,Groceries,47.32,3.4,0.0,Debit Card,0,NONE
TX-101889,2026-07-10 18:46:01,EMP-007,CUST-2152,BRANCH-WEST,Hardware,74.35,0.0,0.0,Cash,0,NONE
TX-101890,2026-07-10 18:46:38,EMP-001,CUST-8184,BRANCH-WEST,Hardware,35.71,0.0,0.0,Debit Card,0,NONE
TX-101891,2026-07-10 18:50:15,EMP-001,CUST-6953,BRANCH-WEST,Hardware,23.52,0.0,0.0,Debit Card,0,NONE
TX-101892,2026-07-10 18:50:35,EMP-007,CUST-3032,BRANCH-WEST,Groceries,88.96,6.1,0.0,Cash,0,NONE
TX-101893,2026-07-10 18:50:55,EMP-003,CUST-7004,BRANCH-WEST,Hardware,74.54,0.0,0.0,Mobile Money,0,NONE
TX-101894,2026-07-10 18:53:30,EMP-008,CUST-4442,BRANCH-EAST,Apparel,110.29,10.7,0.0,Debit Card,0,NONE
TX-101895,2026-07-10 18:59:37,EMP-004,CUST-5259,BRANCH-WEST,Apparel,63.05,0.0,0.0,Debit Card,0,NONE
TX-101896,2026-07-10 19:00:54,EMP-005,CUST-5510,BRANCH-CENTRAL,Services,56.99,4.7,0.0,Cash,0,NONE
TX-101897,2026-07-10 19:01:14,EMP-004,CUST-7076,BRANCH-WEST,Services,35.97,0.0,0.0,Mobile Money,0,NONE
TX-101898,2026-07-10 19:03:18,EMP-005,CUST-8787,BRANCH-CENTRAL,Hardware,144.93,0.0,0.0,Mobile Money,0,NONE
TX-101899,2026-07-10 19:14:17,EMP-003,CUST-5789,BRANCH-WEST,Hardware,82.1,0.0,0.0,Mobile Money,0,NONE
TX-101900,2026-07-10 19:18:44,EMP-005,CUST-3430,BRANCH-CENTRAL,Services,82.41,7.4,0.0,Debit Card,0,NONE
TX-101901,2026-07-10 19:30:45,EMP-008,CUST-3791,BRANCH-EAST,Apparel,64.9,0.0,0.0,Credit Card,0,NONE
TX-101902,2026-07-10 19:31:05,EMP-006,CUST-7192,BRANCH-WEST,Hardware,32.94,0.0,0.0,Debit Card,0,NONE
TX-101903,2026-07-10 19:31:39,EMP-003,CUST-8929,BRANCH-WEST,Hardware,94.5,14.4,0.0,Credit Card,0,NONE
TX-101904,2026-07-10 19:33:58,EMP-004,CUST-4675,BRANCH-WEST,Electronics,29.36,0.0,0.0,Cash,0,NONE
TX-101905,2026-07-10 19:34:18,EMP-004,CUST-6840,BRANCH-WEST,Hardware,103.24,0.0,0.0,Cash,0,NONE
TX-101906,2026-07-10 19:37:57,EMP-004,CUST-4318,BRANCH-WEST,Apparel,46.68,0.0,0.0,Cash,0,NONE
TX-101907,2026-07-10 19:38:55,EMP-006,CUST-9313,BRANCH-WEST,Groceries,61.77,0.0,0.0,Cash,0,NONE
TX-101908,2026-07-10 19:41:15,EMP-001,CUST-8317,BRANCH-WEST,Services,45.68,0.0,0.0,Mobile Money,0,NONE
TX-101909,2026-07-10 19:42:59,EMP-004,CUST-4741,BRANCH-WEST,Hardware,89.36,14.8,0.0,Credit Card,0,NONE
TX-101910,2026-07-10 19:49:25,EMP-002,CUST-4113,BRANCH-CENTRAL,Groceries,77.76,0.0,0.0,Credit Card,0,NONE
TX-101911,2026-07-10 19:53:24,EMP-001,CUST-4403,BRANCH-WEST,Electronics,43.42,12.1,0.0,Cash,0,NONE
TX-101912,2026-07-10 19:59:32,EMP-001,CUST-6224,BRANCH-WEST,Groceries,19.89,4.4,0.0,Mobile Money,0,NONE
TX-101913,2026-07-10 20:12:12,EMP-002,CUST-9886,BRANCH-CENTRAL,Services,96.41,8.8,0.0,Debit Card,0,NONE
TX-101914,2026-07-10 20:15:18,EMP-002,CUST-8252,BRANCH-CENTRAL,Electronics,23.99,0.0,0.0,Debit Card,0,NONE
TX-101915,2026-07-10 20:19:13,EMP-001,CUST-5124,BRANCH-WEST,Hardware,49.53,0.0,0.0,Mobile Money,0,NONE
TX-101916,2026-07-10 20:22:36,EMP-006,CUST-9311,BRANCH-WEST,Hardware,80.66,0.0,0.0,Credit Card,0,NONE
TX-101917,2026-07-10 20:25:33,EMP-005,CUST-9719,BRANCH-CENTRAL,Electronics,56.86,0.0,0.0,Credit Card,0,NONE
TX-101918,2026-07-10 20:26:34,EMP-008,CUST-2826,BRANCH-EAST,Electronics,51.61,0.0,0.0,Debit Card,0,NONE
TX-101919,2026-07-10 20:28:53,EMP-008,CUST-3672,BRANCH-EAST,Electronics,74.89,8.2,0.0,Debit Card,0,NONE
TX-101920,2026-07-10 20:29:35,EMP-006,CUST-9824,BRANCH-WEST,Electronics,34.03,4.3,0.0,Credit Card,0,NONE
TX-101921,2026-07-10 20:31:32,EMP-005,CUST-6243,BRANCH-CENTRAL,Services,34.62,0.0,0.0,Mobile Money,0,NONE
TX-101922,2026-07-10 20:31:52,EMP-003,CUST-6304,BRANCH-WEST,Electronics,73.51,7.8,0.0,Mobile Money,0,NONE
TX-101923,2026-07-10 20:34:30,EMP-003,CUST-6335,BRANCH-WEST,Services,21.0,0.0,0.0,Debit Card,0,NONE
TX-101924,2026-07-10 20:36:25,EMP-005,CUST-4747,BRANCH-CENTRAL,Apparel,40.53,0.0,0.0,Credit Card,0,NONE
TX-101925,2026-07-10 20:39:14,EMP-006,CUST-3375,BRANCH-WEST,Apparel,46.77,0.0,0.0,Credit Card,0,NONE
TX-101926,2026-07-10 20:39:34,EMP-008,CUST-6046,BRANCH-EAST,Hardware,71.32,0.0,0.0,Cash,0,NONE
TX-101927,2026-07-10 20:42:54,EMP-007,CUST-1906,BRANCH-WEST,Hardware,37.21,0.0,0.0,Debit Card,0,NONE
TX-101928,2026-07-10 20:51:18,EMP-005,CUST-1319,BRANCH-CENTRAL,Electronics,56.67,11.6,0.0,Credit Card,0,NONE
TX-101929,2026-07-10 20:51:38,EMP-001,CUST-6273,BRANCH-WEST,Hardware,40.69,0.0,0.0,Mobile Money,0,NONE
TX-101930,2026-07-10 20:52:02,EMP-004,CUST-9240,BRANCH-WEST,Hardware,133.69,0.0,0.0,Mobile Money,0,NONE
TX-101931,2026-07-10 20:52:22,EMP-003,CUST-6332,BRANCH-WEST,Hardware,84.52,0.0,0.0,Cash,0,NONE
TX-101932,2026-07-11 08:29:42,EMP-007,CUST-8979,BRANCH-WEST,Electronics,41.57,0.0,0.0,Debit Card,0,NONE
TX-101933,2026-07-11 08:30:02,EMP-001,CUST-2661,BRANCH-WEST,Groceries,57.09,0.0,0.0,Credit Card,0,NONE
TX-101934,2026-07-11 08:30:46,EMP-008,CUST-5656,BRANCH-EAST,Groceries,32.25,0.0,0.0,Cash,0,NONE
TX-101935,2026-07-11 08:32:32,EMP-006,CUST-7779,BRANCH-WEST,Electronics,45.33,0.0,0.0,Mobile Money,0,NONE
TX-101936,2026-07-11 08:50:45,EMP-002,CUST-8180,BRANCH-CENTRAL,Electronics,50.71,0.0,0.0,Credit Card,0,NONE
TX-101937,2026-07-11 08:51:21,EMP-005,CUST-1358,BRANCH-CENTRAL,Electronics,47.0,0.0,0.0,Credit Card,0,NONE
TX-101938,2026-07-11 08:53:16,EMP-006,CUST-8304,BRANCH-WEST,Electronics,30.11,8.6,0.0,Credit Card,0,NONE
TX-101939,2026-07-11 08:53:36,EMP-004,CUST-5243,BRANCH-WEST,Apparel,54.32,0.0,0.0,Mobile Money,0,NONE
TX-101940,2026-07-11 08:58:02,EMP-002,CUST-7730,BRANCH-CENTRAL,Hardware,26.62,0.0,0.0,Cash,0,NONE
TX-101941,2026-07-11 09:00:43,EMP-001,CUST-9392,BRANCH-WEST,Apparel,87.5,8.2,0.0,Credit Card,0,NONE
TX-101942,2026-07-11 09:02:51,EMP-008,CUST-5630,BRANCH-EAST,Services,70.81,0.0,0.0,Cash,0,NONE
TX-101943,2026-07-11 09:08:04,EMP-002,CUST-2840,BRANCH-CENTRAL,Services,55.2,9.2,0.0,Debit Card,0,NONE
TX-101944,2026-07-11 09:09:34,EMP-004,CUST-2197,BRANCH-WEST,Hardware,27.71,0.0,0.0,Mobile Money,0,NONE
TX-101945,2026-07-11 09:09:58,EMP-006,CUST-2196,BRANCH-WEST,Electronics,33.29,0.0,0.0,Debit Card,0,NONE
TX-101946,2026-07-11 09:10:45,EMP-001,CUST-7577,BRANCH-WEST,Services,52.17,0.0,0.0,Debit Card,0,NONE
TX-101947,2026-07-11 09:13:55,EMP-001,CUST-1139,BRANCH-WEST,Electronics,63.0,0.0,0.0,Mobile Money,0,NONE
TX-101948,2026-07-11 09:16:29,EMP-006,CUST-9722,BRANCH-WEST,Hardware,28.68,0.0,0.0,Credit Card,0,NONE
TX-101949,2026-07-11 09:22:35,EMP-003,CUST-4094,BRANCH-WEST,Electronics,35.81,5.2,0.0,Cash,0,NONE
TX-101950,2026-07-11 09:42:09,EMP-003,CUST-9848,BRANCH-WEST,Apparel,81.03,0.0,0.0,Credit Card,0,NONE
TX-101951,2026-07-11 09:49:15,EMP-004,CUST-4421,BRANCH-WEST,Electronics,44.35,0.0,0.0,Credit Card,0,NONE
TX-101952,2026-07-11 09:50:16,EMP-004,CUST-4559,BRANCH-WEST,Apparel,26.09,13.5,0.0,Cash,0,NONE
TX-101953,2026-07-11 10:05:34,EMP-007,CUST-1416,BRANCH-WEST,Hardware,24.07,0.0,0.0,Mobile Money,0,NONE
TX-101954,2026-07-11 10:06:21,EMP-007,CUST-1806,BRANCH-WEST,Hardware,39.57,0.0,0.0,Debit Card,0,NONE
TX-101955,2026-07-11 10:11:36,EMP-002,CUST-2521,BRANCH-CENTRAL,Electronics,71.35,0.0,0.0,Cash,0,NONE
TX-101956,2026-07-11 10:13:46,EMP-003,CUST-4434,BRANCH-WEST,Groceries,110.95,0.0,0.0,Credit Card,0,NONE
TX-101957,2026-07-11 10:20:17,EMP-006,CUST-7801,BRANCH-WEST,Electronics,48.79,4.1,0.0,Debit Card,0,NONE
TX-101958,2026-07-11 10:28:20,EMP-005,CUST-9335,BRANCH-CENTRAL,Groceries,47.61,0.0,21.19,Debit Card,0,NONE
TX-101959,2026-07-11 10:28:56,EMP-007,CUST-2639,BRANCH-WEST,Apparel,43.91,0.0,0.0,Cash,0,NONE
TX-101960,2026-07-11 10:31:05,EMP-007,CUST-5926,BRANCH-WEST,Electronics,19.15,0.0,0.0,Debit Card,0,NONE
TX-101961,2026-07-11 10:34:00,EMP-008,CUST-1259,BRANCH-EAST,Apparel,110.73,0.0,0.0,Cash,0,NONE
TX-101962,2026-07-11 10:56:39,EMP-003,CUST-5079,BRANCH-WEST,Electronics,77.32,0.0,0.0,Mobile Money,0,NONE
TX-101963,2026-07-11 10:58:40,EMP-003,CUST-8697,BRANCH-WEST,Groceries,44.52,12.6,0.0,Credit Card,0,NONE
TX-101964,2026-07-11 10:59:14,EMP-006,CUST-7797,BRANCH-WEST,Electronics,79.5,0.0,0.0,Mobile Money,0,NONE
TX-101965,2026-07-11 11:01:52,EMP-003,CUST-6981,BRANCH-WEST,Groceries,38.19,0.0,0.0,Mobile Money,0,NONE
TX-101966,2026-07-11 11:04:02,EMP-005,CUST-7613,BRANCH-CENTRAL,Apparel,74.09,0.0,0.0,Credit Card,0,NONE
TX-101967,2026-07-11 11:07:27,EMP-001,CUST-1423,BRANCH-WEST,Apparel,18.09,8.6,0.0,Mobile Money,0,NONE
TX-101968,2026-07-11 11:08:09,EMP-007,CUST-1761,BRANCH-WEST,Services,164.59,0.0,0.0,Mobile Money,0,NONE
TX-101969,2026-07-11 11:11:31,EMP-003,CUST-2640,BRANCH-WEST,Groceries,35.07,0.0,0.0,Debit Card,0,NONE
TX-101970,2026-07-11 11:12:27,EMP-002,CUST-2841,BRANCH-CENTRAL,Hardware,75.54,0.0,0.0,Debit Card,0,NONE
TX-101971,2026-07-11 11:15:46,EMP-003,CUST-1011,BRANCH-WEST,Apparel,48.8,0.0,0.0,Credit Card,0,NONE
TX-101972,2026-07-11 11:16:58,EMP-003,CUST-6290,BRANCH-WEST,Services,85.23,0.0,0.0,Cash,0,NONE
TX-101973,2026-07-11 11:23:19,EMP-008,CUST-9074,BRANCH-EAST,Services,150.01,5.6,0.0,Mobile Money,0,NONE
TX-101974,2026-07-11 11:28:37,EMP-004,CUST-2346,BRANCH-WEST,Groceries,46.1,0.0,0.0,Cash,0,NONE
TX-101975,2026-07-11 11:29:11,EMP-004,CUST-4706,BRANCH-WEST,Apparel,155.64,10.9,0.0,Debit Card,0,NONE
TX-101976,2026-07-11 11:30:23,EMP-005,CUST-3157,BRANCH-CENTRAL,Apparel,100.02,0.0,0.0,Cash,0,NONE
TX-101977,2026-07-11 11:33:16,EMP-007,CUST-1786,BRANCH-WEST,Electronics,26.67,0.0,18.75,Mobile Money,0,NONE
TX-101978,2026-07-11 11:34:37,EMP-003,CUST-7500,BRANCH-WEST,Apparel,64.58,8.8,0.0,Mobile Money,0,NONE
TX-101979,2026-07-11 11:35:57,EMP-007,CUST-8407,BRANCH-WEST,Electronics,46.73,0.0,0.0,Debit Card,0,NONE
TX-101980,2026-07-11 11:41:15,EMP-002,CUST-5576,BRANCH-CENTRAL,Services,45.22,0.0,0.0,Mobile Money,0,NONE
TX-101981,2026-07-11 11:52:36,EMP-005,CUST-6586,BRANCH-CENTRAL,Hardware,37.68,0.0,0.0,Cash,0,NONE
TX-101982,2026-07-11 11:53:21,EMP-006,CUST-9504,BRANCH-WEST,Apparel,28.76,7.4,0.0,Mobile Money,0,NONE
TX-101983,2026-07-11 11:57:16,EMP-002,CUST-4721,BRANCH-CENTRAL,Hardware,42.72,0.0,0.0,Credit Card,0,NONE
TX-101984,2026-07-11 12:00:27,EMP-003,CUST-6695,BRANCH-WEST,Apparel,83.88,0.0,0.0,Cash,0,NONE
TX-101985,2026-07-11 12:09:31,EMP-003,CUST-7513,BRANCH-WEST,Services,20.88,13.1,0.0,Cash,0,NONE
TX-101986,2026-07-11 12:10:23,EMP-004,CUST-6798,BRANCH-WEST,Services,79.06,0.0,0.0,Cash,0,NONE
TX-101987,2026-07-11 12:14:01,EMP-006,CUST-9838,BRANCH-WEST,Electronics,46.68,0.0,0.0,Mobile Money,0,NONE
TX-101988,2026-07-11 12:20:39,EMP-006,CUST-3600,BRANCH-WEST,Groceries,86.62,0.0,0.0,Mobile Money,0,NONE
TX-101989,2026-07-11 12:30:25,EMP-003,CUST-9860,BRANCH-WEST,Services,53.05,0.0,0.0,Cash,0,NONE
TX-101990,2026-07-11 12:33:48,EMP-007,CUST-5857,BRANCH-WEST,Hardware,40.03,0.0,0.0,Debit Card,0,NONE
TX-101991,2026-07-11 12:34:41,EMP-008,CUST-6274,BRANCH-EAST,Electronics,47.22,0.0,0.0,Cash,0,NONE
TX-101992,2026-07-11 12:35:49,EMP-005,CUST-6105,BRANCH-CENTRAL,Electronics,56.05,0.0,0.0,Cash,0,NONE
TX-101993,2026-07-11 12:39:21,EMP-001,CUST-7723,BRANCH-WEST,Electronics,17.28,12.9,0.0,Mobile Money,0,NONE
TX-101994,2026-07-11 12:41:34,EMP-007,CUST-3612,BRANCH-WEST,Hardware,37.36,0.0,0.0,Credit Card,0,NONE
TX-101995,2026-07-11 12:41:56,EMP-002,CUST-4707,BRANCH-CENTRAL,Apparel,48.07,7.8,0.0,Mobile Money,0,NONE
TX-101996,2026-07-11 12:42:41,EMP-004,CUST-8264,BRANCH-WEST,Electronics,26.54,0.0,0.0,Cash,0,NONE
TX-101997,2026-07-11 12:44:00,EMP-002,CUST-9529,BRANCH-CENTRAL,Apparel,45.83,0.0,0.0,Debit Card,0,NONE
TX-101998,2026-07-11 12:46:02,EMP-004,CUST-8180,BRANCH-WEST,Apparel,94.68,0.0,0.0,Debit Card,0,NONE
TX-101999,2026-07-11 12:52:26,EMP-003,CUST-2153,BRANCH-WEST,Apparel,110.03,0.0,0.0,Cash,0,NONE
TX-102000,2026-07-11 13:03:13,EMP-007,CUST-5185,BRANCH-WEST,Groceries,49.34,0.0,0.0,Mobile Money,0,NONE
TX-102001,2026-07-11 13:06:32,EMP-008,CUST-5769,BRANCH-EAST,Electronics,105.64,0.0,0.0,Credit Card,0,NONE
TX-102002,2026-07-11 13:10:53,EMP-004,CUST-9102,BRANCH-WEST,Hardware,64.38,0.0,0.0,Credit Card,0,NONE
TX-102003,2026-07-11 13:34:03,EMP-005,CUST-5123,BRANCH-CENTRAL,Services,48.46,0.0,0.0,Credit Card,0,NONE
TX-102004,2026-07-11 13:39:08,EMP-006,CUST-2361,BRANCH-WEST,Groceries,57.53,12.7,0.0,Debit Card,0,NONE
TX-102005,2026-07-11 13:39:28,EMP-004,CUST-8106,BRANCH-WEST,Apparel,44.04,12.4,0.0,Debit Card,0,NONE
TX-102006,2026-07-11 13:40:31,EMP-007,CUST-1689,BRANCH-WEST,Services,45.72,13.1,0.0,Cash,0,NONE
TX-102007,2026-07-11 13:41:30,EMP-002,CUST-2924,BRANCH-CENTRAL,Electronics,53.81,0.0,0.0,Debit Card,0,NONE
TX-102008,2026-07-11 13:42:05,EMP-007,CUST-1653,BRANCH-WEST,Apparel,51.79,0.0,0.0,Debit Card,0,NONE
TX-102009,2026-07-11 13:46:34,EMP-001,CUST-7532,BRANCH-WEST,Hardware,66.21,0.0,0.0,Mobile Money,0,NONE
TX-102010,2026-07-11 13:47:39,EMP-001,CUST-6389,BRANCH-WEST,Groceries,56.34,0.0,0.0,Cash,0,NONE
TX-102011,2026-07-11 13:49:08,EMP-008,CUST-5153,BRANCH-EAST,Apparel,95.96,0.0,0.0,Mobile Money,0,NONE
TX-102012,2026-07-11 13:51:14,EMP-005,CUST-8307,BRANCH-CENTRAL,Groceries,57.0,0.0,0.0,Credit Card,0,NONE
TX-102013,2026-07-11 13:52:40,EMP-003,CUST-4430,BRANCH-WEST,Services,70.32,0.0,0.0,Credit Card,0,NONE
TX-102014,2026-07-11 13:58:45,EMP-007,CUST-6710,BRANCH-WEST,Electronics,72.9,0.0,0.0,Credit Card,0,NONE
TX-102015,2026-07-11 14:12:13,EMP-006,CUST-9818,BRANCH-WEST,Electronics,69.03,0.0,0.0,Cash,0,NONE
TX-102016,2026-07-11 14:14:13,EMP-007,CUST-6126,BRANCH-WEST,Services,61.49,0.0,0.0,Debit Card,0,NONE
TX-102017,2026-07-11 14:19:26,EMP-004,CUST-5336,BRANCH-WEST,Hardware,35.85,0.0,0.0,Credit Card,0,NONE
TX-102018,2026-07-11 14:22:51,EMP-003,CUST-3761,BRANCH-WEST,Apparel,65.28,5.3,0.0,Credit Card,0,NONE
TX-102019,2026-07-11 14:24:20,EMP-003,CUST-7520,BRANCH-WEST,Services,33.49,0.0,0.0,Cash,0,NONE
TX-102020,2026-07-11 14:26:33,EMP-007,CUST-5315,BRANCH-WEST,Electronics,92.54,0.0,0.0,Debit Card,0,NONE
TX-102021,2026-07-11 14:27:36,EMP-003,CUST-7311,BRANCH-WEST,Groceries,91.15,0.0,0.0,Credit Card,0,NONE
TX-102022,2026-07-11 14:29:40,EMP-002,CUST-6305,BRANCH-CENTRAL,Electronics,30.19,0.0,0.0,Mobile Money,0,NONE
TX-102023,2026-07-11 14:35:47,EMP-005,CUST-1431,BRANCH-CENTRAL,Hardware,33.25,11.3,0.0,Mobile Money,0,NONE
TX-102024,2026-07-11 14:45:22,EMP-008,CUST-4538,BRANCH-EAST,Electronics,123.22,5.9,50.92,Debit Card,0,NONE
TX-102025,2026-07-11 14:54:27,EMP-007,CUST-4149,BRANCH-WEST,Hardware,37.91,9.2,0.0,Debit Card,0,NONE
TX-102026,2026-07-11 15:01:56,EMP-005,CUST-6963,BRANCH-CENTRAL,Apparel,22.48,0.0,0.0,Mobile Money,0,NONE
TX-102027,2026-07-11 15:02:16,EMP-006,CUST-9853,BRANCH-WEST,Apparel,25.52,11.3,0.0,Mobile Money,0,NONE
TX-102028,2026-07-11 15:04:55,EMP-003,CUST-2583,BRANCH-WEST,Services,56.67,0.0,0.0,Cash,0,NONE
TX-102029,2026-07-11 15:06:26,EMP-004,CUST-6707,BRANCH-WEST,Services,42.29,0.0,0.0,Credit Card,0,NONE
TX-102030,2026-07-11 15:13:03,EMP-001,CUST-8540,BRANCH-WEST,Services,33.29,0.0,0.0,Cash,0,NONE
TX-102031,2026-07-11 15:20:52,EMP-003,CUST-1362,BRANCH-WEST,Services,89.25,0.0,0.0,Credit Card,0,NONE
TX-102032,2026-07-11 15:28:39,EMP-008,CUST-3422,BRANCH-EAST,Groceries,52.25,0.0,0.0,Credit Card,0,NONE
TX-102033,2026-07-11 15:33:20,EMP-005,CUST-1451,BRANCH-CENTRAL,Services,53.6,0.0,0.0,Mobile Money,0,NONE
TX-102034,2026-07-11 15:44:56,EMP-007,CUST-4525,BRANCH-WEST,Hardware,31.08,0.0,0.0,Credit Card,0,NONE
TX-102035,2026-07-11 15:47:42,EMP-006,CUST-4810,BRANCH-WEST,Services,74.7,0.0,0.0,Debit Card,0,NONE
TX-102036,2026-07-11 15:51:51,EMP-003,CUST-9841,BRANCH-WEST,Services,40.36,0.0,26.56,Credit Card,0,NONE
TX-102037,2026-07-11 15:53:20,EMP-002,CUST-2163,BRANCH-CENTRAL,Services,44.51,8.0,0.0,Mobile Money,0,NONE
TX-102038,2026-07-11 15:59:49,EMP-004,CUST-3938,BRANCH-WEST,Electronics,48.95,14.1,0.0,Credit Card,0,NONE
TX-102039,2026-07-11 16:04:09,EMP-002,CUST-2542,BRANCH-CENTRAL,Hardware,51.21,0.0,0.0,Debit Card,0,NONE
TX-102040,2026-07-11 16:09:43,EMP-007,CUST-7247,BRANCH-WEST,Hardware,74.78,7.1,0.0,Credit Card,0,NONE
TX-102041,2026-07-11 16:10:16,EMP-003,CUST-8051,BRANCH-WEST,Apparel,53.35,0.0,0.0,Debit Card,0,NONE
TX-102042,2026-07-11 16:15:09,EMP-004,CUST-4713,BRANCH-WEST,Apparel,75.9,0.0,0.0,Credit Card,0,NONE
TX-102043,2026-07-11 16:16:18,EMP-008,CUST-2540,BRANCH-EAST,Services,113.11,0.0,0.0,Cash,0,NONE
TX-102044,2026-07-11 16:24:33,EMP-001,CUST-7113,BRANCH-WEST,Groceries,36.0,14.6,0.0,Cash,0,NONE
TX-102045,2026-07-11 16:32:06,EMP-006,CUST-7303,BRANCH-WEST,Apparel,96.84,13.9,0.0,Cash,0,NONE
TX-102046,2026-07-11 16:34:02,EMP-003,CUST-4088,BRANCH-WEST,Services,75.27,0.0,0.0,Credit Card,0,NONE
TX-102047,2026-07-11 16:37:13,EMP-002,CUST-3534,BRANCH-CENTRAL,Services,37.8,0.0,0.0,Debit Card,0,NONE
TX-102048,2026-07-11 16:38:03,EMP-003,CUST-9312,BRANCH-WEST,Electronics,67.33,0.0,0.0,Cash,0,NONE
TX-102049,2026-07-11 16:41:45,EMP-002,CUST-6106,BRANCH-CENTRAL,Apparel,99.04,11.2,0.0,Mobile Money,0,NONE
TX-102050,2026-07-11 16:44:13,EMP-002,CUST-9153,BRANCH-CENTRAL,Electronics,52.09,0.0,0.0,Credit Card,0,NONE
TX-102051,2026-07-11 16:49:09,EMP-008,CUST-9978,BRANCH-EAST,Hardware,79.86,0.0,0.0,Cash,0,NONE
TX-102052,2026-07-11 16:49:35,EMP-006,CUST-5034,BRANCH-WEST,Apparel,53.14,14.5,0.0,Debit Card,0,NONE
TX-102053,2026-07-11 16:54:21,EMP-001,CUST-6870,BRANCH-WEST,Groceries,60.15,0.0,0.0,Cash,0,NONE
TX-102054,2026-07-11 16:56:09,EMP-002,CUST-6251,BRANCH-CENTRAL,Services,51.69,0.0,0.0,Debit Card,0,NONE
TX-102055,2026-07-11 16:56:37,EMP-004,CUST-5629,BRANCH-WEST,Apparel,68.21,12.2,0.0,Debit Card,0,NONE
TX-102056,2026-07-11 16:58:42,EMP-007,CUST-8129,BRANCH-WEST,Hardware,53.5,3.3,0.0,Debit Card,0,NONE
TX-102057,2026-07-11 17:02:41,EMP-007,CUST-6011,BRANCH-WEST,Hardware,56.33,0.0,0.0,Cash,0,NONE
TX-102058,2026-07-11 17:03:56,EMP-001,CUST-4081,BRANCH-WEST,Groceries,61.78,0.0,0.0,Mobile Money,0,NONE
TX-102059,2026-07-11 17:05:55,EMP-006,CUST-1785,BRANCH-WEST,Services,30.93,14.6,0.0,Credit Card,0,NONE
TX-102060,2026-07-11 17:06:30,EMP-001,CUST-8107,BRANCH-WEST,Services,39.88,0.0,0.0,Credit Card,0,NONE
TX-102061,2026-07-11 17:21:22,EMP-001,CUST-4514,BRANCH-WEST,Groceries,35.03,0.0,0.0,Mobile Money,0,NONE
TX-102062,2026-07-11 17:23:12,EMP-006,CUST-2195,BRANCH-WEST,Electronics,23.21,0.0,0.0,Cash,0,NONE
TX-102063,2026-07-11 17:26:08,EMP-001,CUST-7250,BRANCH-WEST,Electronics,22.45,0.0,0.0,Credit Card,0,NONE
TX-102064,2026-07-11 17:28:27,EMP-001,CUST-4938,BRANCH-WEST,Apparel,39.72,0.0,0.0,Mobile Money,0,NONE
TX-102065,2026-07-11 17:31:17,EMP-006,CUST-7585,BRANCH-WEST,Groceries,68.83,10.2,0.0,Credit Card,0,NONE
TX-102066,2026-07-11 17:31:52,EMP-007,CUST-6074,BRANCH-WEST,Electronics,57.04,0.0,0.0,Credit Card,0,NONE
TX-102067,2026-07-11 17:35:29,EMP-007,CUST-1167,BRANCH-WEST,Hardware,40.21,0.0,0.0,Mobile Money,0,NONE
TX-102068,2026-07-11 17:37:37,EMP-008,CUST-5152,BRANCH-EAST,Services,126.47,11.3,0.0,Debit Card,0,NONE
TX-102069,2026-07-11 17:38:29,EMP-003,CUST-4653,BRANCH-WEST,Groceries,54.42,0.0,0.0,Debit Card,0,NONE
TX-102070,2026-07-11 17:45:20,EMP-002,CUST-4004,BRANCH-CENTRAL,Services,28.07,0.0,0.0,Credit Card,0,NONE
TX-102071,2026-07-11 17:47:47,EMP-007,CUST-5666,BRANCH-WEST,Services,117.84,0.0,0.0,Credit Card,0,NONE
TX-102072,2026-07-11 17:48:58,EMP-002,CUST-2956,BRANCH-CENTRAL,Hardware,45.63,0.0,0.0,Cash,0,NONE
TX-102073,2026-07-11 17:50:30,EMP-008,CUST-4289,BRANCH-EAST,Electronics,141.65,0.0,0.0,Debit Card,0,NONE
TX-102074,2026-07-11 17:54:07,EMP-002,CUST-2825,BRANCH-CENTRAL,Electronics,43.87,7.7,0.0,Cash,0,NONE
TX-102075,2026-07-11 18:04:15,EMP-004,CUST-8142,BRANCH-WEST,Services,52.37,0.0,0.0,Debit Card,0,NONE
TX-102076,2026-07-11 18:05:56,EMP-001,CUST-9251,BRANCH-WEST,Electronics,20.93,0.0,0.0,Cash,0,NONE
TX-102077,2026-07-11 18:06:16,EMP-001,CUST-3502,BRANCH-WEST,Apparel,32.83,0.0,0.0,Mobile Money,0,NONE
TX-102078,2026-07-11 18:16:07,EMP-006,CUST-8569,BRANCH-WEST,Electronics,53.28,0.0,0.0,Debit Card,0,NONE
TX-102079,2026-07-11 18:16:51,EMP-003,CUST-5780,BRANCH-WEST,Services,87.75,5.2,0.0,Debit Card,0,NONE
TX-102080,2026-07-11 18:17:21,EMP-001,CUST-8217,BRANCH-WEST,Groceries,42.2,0.0,0.0,Credit Card,0,NONE
TX-102081,2026-07-11 18:27:55,EMP-003,CUST-3348,BRANCH-WEST,Services,56.76,0.0,0.0,Cash,0,NONE
TX-102082,2026-07-11 18:30:10,EMP-007,CUST-9487,BRANCH-WEST,Services,52.58,11.6,0.0,Credit Card,0,NONE
TX-102083,2026-07-11 18:31:52,EMP-006,CUST-1629,BRANCH-WEST,Electronics,26.88,0.0,0.0,Cash,0,NONE
TX-102084,2026-07-11 18:33:44,EMP-007,CUST-1056,BRANCH-WEST,Services,99.69,7.7,0.0,Mobile Money,0,NONE
TX-102085,2026-07-11 18:34:12,EMP-001,CUST-9938,BRANCH-WEST,Groceries,56.74,12.9,0.0,Debit Card,0,NONE
TX-102086,2026-07-11 18:34:32,EMP-005,CUST-7336,BRANCH-CENTRAL,Hardware,42.23,0.0,0.0,Debit Card,0,NONE
TX-102087,2026-07-11 18:41:01,EMP-005,CUST-6654,BRANCH-CENTRAL,Hardware,36.12,0.0,0.0,Debit Card,0,NONE
TX-102088,2026-07-11 18:42:41,EMP-006,CUST-4667,BRANCH-WEST,Electronics,101.2,0.0,0.0,Debit Card,0,NONE
TX-102089,2026-07-11 18:45:31,EMP-005,CUST-3626,BRANCH-CENTRAL,Apparel,33.74,0.0,0.0,Credit Card,0,NONE
TX-102090,2026-07-11 18:53:25,EMP-003,CUST-1697,BRANCH-WEST,Hardware,58.73,0.0,0.0,Mobile Money,0,NONE
TX-102091,2026-07-11 19:11:23,EMP-007,CUST-3048,BRANCH-WEST,Apparel,101.89,7.9,0.0,Debit Card,0,NONE
TX-102092,2026-07-11 19:14:01,EMP-008,CUST-8272,BRANCH-EAST,Hardware,75.34,0.0,0.0,Debit Card,0,NONE
TX-102093,2026-07-11 19:33:23,EMP-003,CUST-9682,BRANCH-WEST,Electronics,31.1,11.6,0.0,Credit Card,0,NONE
TX-102094,2026-07-11 19:41:10,EMP-008,CUST-9981,BRANCH-EAST,Hardware,76.71,0.0,0.0,Debit Card,0,NONE
TX-102095,2026-07-11 19:42:51,EMP-003,CUST-8704,BRANCH-WEST,Groceries,50.17,0.0,0.0,Debit Card,0,NONE
TX-102096,2026-07-11 19:43:11,EMP-001,CUST-4267,BRANCH-WEST,Electronics,20.81,0.0,0.0,Debit Card,0,NONE
TX-102097,2026-07-11 19:50:01,EMP-007,CUST-3954,BRANCH-WEST,Hardware,41.03,5.5,0.0,Mobile Money,0,NONE
TX-102098,2026-07-11 19:51:39,EMP-005,CUST-3553,BRANCH-CENTRAL,Hardware,27.45,0.0,0.0,Mobile Money,0,NONE
TX-102099,2026-07-11 19:52:42,EMP-007,CUST-6185,BRANCH-WEST,Hardware,36.29,11.9,0.0,Debit Card,0,NONE
TX-102100,2026-07-11 19:53:02,EMP-006,CUST-9693,BRANCH-WEST,Groceries,47.75,0.0,0.0,Cash,0,NONE
TX-102101,2026-07-11 19:54:24,EMP-001,CUST-1142,BRANCH-WEST,Groceries,21.73,0.0,0.0,Credit Card,0,NONE
TX-102102,2026-07-11 19:56:33,EMP-004,CUST-3467,BRANCH-WEST,Electronics,78.48,0.0,0.0,Credit Card,0,NONE
TX-102103,2026-07-11 20:05:58,EMP-008,CUST-8783,BRANCH-EAST,Apparel,58.83,0.0,0.0,Cash,0,NONE
TX-102104,2026-07-11 20:08:40,EMP-003,CUST-3490,BRANCH-WEST,Electronics,46.69,0.0,0.0,Debit Card,0,NONE
TX-102105,2026-07-11 20:20:55,EMP-003,CUST-8693,BRANCH-WEST,Apparel,56.16,0.0,0.0,Cash,0,NONE
TX-102106,2026-07-11 20:21:15,EMP-003,CUST-8289,BRANCH-WEST,Groceries,40.18,0.0,0.0,Debit Card,0,NONE
TX-102107,2026-07-11 20:22:47,EMP-008,CUST-7215,BRANCH-EAST,Hardware,41.85,3.2,0.0,Credit Card,0,NONE
TX-102108,2026-07-11 20:23:30,EMP-008,CUST-3979,BRANCH-EAST,Hardware,56.66,0.0,0.0,Credit Card,0,NONE
TX-102109,2026-07-11 20:27:31,EMP-006,CUST-2392,BRANCH-WEST,Apparel,48.91,4.6,0.0,Debit Card,0,NONE
TX-102110,2026-07-11 20:28:02,EMP-003,CUST-2818,BRANCH-WEST,Electronics,80.39,0.0,0.0,Cash,0,NONE
TX-102111,2026-07-11 20:31:10,EMP-006,CUST-9105,BRANCH-WEST,Groceries,34.8,0.0,0.0,Mobile Money,0,NONE
TX-102112,2026-07-11 20:31:30,EMP-006,CUST-5140,BRANCH-WEST,Electronics,39.21,0.0,0.0,Cash,0,NONE
TX-102113,2026-07-11 20:39:11,EMP-008,CUST-6219,BRANCH-EAST,Electronics,74.4,5.9,0.0,Debit Card,0,NONE
TX-102114,2026-07-11 20:39:31,EMP-007,CUST-6529,BRANCH-WEST,Groceries,104.95,0.0,0.0,Debit Card,0,NONE
TX-102115,2026-07-11 20:50:26,EMP-002,CUST-6454,BRANCH-CENTRAL,Services,45.31,13.5,0.0,Cash,0,NONE
TX-102116,2026-07-12 08:28:36,EMP-001,CUST-5959,BRANCH-WEST,Hardware,29.59,8.6,0.0,Credit Card,0,NONE
TX-102117,2026-07-12 08:29:57,EMP-007,CUST-6499,BRANCH-WEST,Apparel,34.68,0.0,0.0,Debit Card,0,NONE
TX-102118,2026-07-12 08:31:50,EMP-007,CUST-6605,BRANCH-WEST,Electronics,78.79,0.0,0.0,Mobile Money,0,NONE
TX-102119,2026-07-12 08:32:31,EMP-008,CUST-5614,BRANCH-EAST,Apparel,24.66,8.4,0.0,Credit Card,0,NONE
TX-102120,2026-07-12 08:37:13,EMP-002,CUST-1376,BRANCH-CENTRAL,Electronics,34.88,0.0,0.0,Cash,0,NONE
TX-102121,2026-07-12 08:40:00,EMP-003,CUST-7117,BRANCH-WEST,Groceries,43.14,12.6,0.0,Cash,0,NONE
TX-102122,2026-07-12 08:46:22,EMP-001,CUST-1220,BRANCH-WEST,Apparel,56.31,0.0,0.0,Mobile Money,0,NONE
TX-102123,2026-07-12 08:47:02,EMP-008,CUST-6421,BRANCH-EAST,Groceries,120.97,0.0,0.0,Mobile Money,0,NONE
TX-102124,2026-07-12 08:50:12,EMP-004,CUST-2329,BRANCH-WEST,Electronics,46.97,14.4,38.22,Mobile Money,0,NONE
TX-102125,2026-07-12 08:52:20,EMP-004,CUST-1819,BRANCH-WEST,Groceries,37.15,0.0,0.0,Mobile Money,0,NONE
TX-102126,2026-07-12 08:52:40,EMP-008,CUST-4232,BRANCH-EAST,Hardware,63.43,0.0,0.0,Credit Card,0,NONE
TX-102127,2026-07-12 08:53:00,EMP-001,CUST-8250,BRANCH-WEST,Electronics,47.49,0.0,0.0,Mobile Money,0,NONE
TX-102128,2026-07-12 08:53:47,EMP-005,CUST-3357,BRANCH-CENTRAL,Services,56.94,0.0,0.0,Cash,0,NONE
TX-102129,2026-07-12 08:54:23,EMP-002,CUST-4083,BRANCH-CENTRAL,Electronics,41.36,0.0,0.0,Mobile Money,0,NONE
TX-102130,2026-07-12 09:00:09,EMP-003,CUST-7466,BRANCH-WEST,Services,116.78,0.0,0.0,Credit Card,0,NONE
TX-102131,2026-07-12 09:01:49,EMP-004,CUST-7988,BRANCH-WEST,Apparel,40.22,0.0,0.0,Cash,0,NONE
TX-102132,2026-07-12 09:05:46,EMP-005,CUST-5611,BRANCH-CENTRAL,Electronics,37.34,3.8,0.0,Cash,0,NONE
TX-102133,2026-07-12 09:16:53,EMP-007,CUST-2309,BRANCH-WEST,Hardware,44.62,11.9,0.0,Credit Card,0,NONE
TX-102134,2026-07-12 09:26:52,EMP-002,CUST-5299,BRANCH-CENTRAL,Apparel,49.8,0.0,0.0,Debit Card,0,NONE
TX-102135,2026-07-12 09:33:28,EMP-006,CUST-9187,BRANCH-WEST,Apparel,63.3,0.0,0.0,Mobile Money,0,NONE
TX-102136,2026-07-12 09:33:48,EMP-004,CUST-3794,BRANCH-WEST,Groceries,29.57,0.0,0.0,Debit Card,0,NONE
TX-102137,2026-07-12 09:37:50,EMP-006,CUST-7606,BRANCH-WEST,Hardware,26.09,0.0,0.0,Mobile Money,0,NONE
TX-102138,2026-07-12 09:39:35,EMP-003,CUST-7317,BRANCH-WEST,Hardware,73.89,0.0,0.0,Credit Card,0,NONE
TX-102139,2026-07-12 09:46:19,EMP-007,CUST-3447,BRANCH-WEST,Hardware,31.79,0.0,0.0,Mobile Money,0,NONE
TX-102140,2026-07-12 09:48:14,EMP-003,CUST-4013,BRANCH-WEST,Electronics,57.02,7.7,0.0,Credit Card,0,NONE
TX-102141,2026-07-12 09:49:19,EMP-004,CUST-1355,BRANCH-WEST,Hardware,44.57,0.0,0.0,Credit Card,0,NONE
TX-102142,2026-07-12 09:50:44,EMP-004,CUST-4112,BRANCH-WEST,Hardware,88.36,0.0,0.0,Debit Card,0,NONE
TX-102143,2026-07-12 09:55:29,EMP-003,CUST-8984,BRANCH-WEST,Groceries,137.26,0.0,0.0,Credit Card,0,NONE
TX-102144,2026-07-12 09:57:17,EMP-008,CUST-5740,BRANCH-EAST,Electronics,54.11,14.3,0.0,Debit Card,0,NONE
TX-102145,2026-07-12 09:59:48,EMP-008,CUST-1212,BRANCH-EAST,Apparel,85.67,0.0,0.0,Credit Card,0,NONE
TX-102146,2026-07-12 10:06:15,EMP-007,CUST-2996,BRANCH-WEST,Services,44.68,6.4,0.0,Mobile Money,0,NONE
TX-102147,2026-07-12 10:10:51,EMP-006,CUST-8758,BRANCH-WEST,Groceries,61.6,7.4,0.0,Credit Card,0,NONE
TX-102148,2026-07-12 10:11:11,EMP-004,CUST-6120,BRANCH-WEST,Hardware,31.48,0.0,0.0,Credit Card,0,NONE
TX-102149,2026-07-12 10:11:31,EMP-004,CUST-3082,BRANCH-WEST,Apparel,86.93,0.0,0.0,Mobile Money,0,NONE
TX-102150,2026-07-12 10:15:16,EMP-004,CUST-5081,BRANCH-WEST,Hardware,39.53,0.0,0.0,Credit Card,0,NONE
TX-102151,2026-07-12 10:15:36,EMP-002,CUST-7293,BRANCH-CENTRAL,Electronics,23.57,0.0,0.0,Debit Card,0,NONE
TX-102152,2026-07-12 10:16:14,EMP-008,CUST-5358,BRANCH-EAST,Groceries,52.93,0.0,0.0,Credit Card,0,NONE
TX-102153,2026-07-12 10:25:54,EMP-003,CUST-6960,BRANCH-WEST,Groceries,57.39,0.0,0.0,Cash,0,NONE
TX-102154,2026-07-12 10:26:14,EMP-006,CUST-6835,BRANCH-WEST,Services,26.64,0.0,0.0,Credit Card,0,NONE
TX-102155,2026-07-12 10:27:42,EMP-006,CUST-8941,BRANCH-WEST,Apparel,42.08,0.0,0.0,Mobile Money,0,NONE
TX-102156,2026-07-12 10:38:07,EMP-002,CUST-5843,BRANCH-CENTRAL,Groceries,59.19,0.0,0.0,Credit Card,0,NONE
TX-102157,2026-07-12 10:41:16,EMP-004,CUST-7160,BRANCH-WEST,Hardware,36.08,0.0,0.0,Credit Card,0,NONE
TX-102158,2026-07-12 10:49:53,EMP-005,CUST-4346,BRANCH-CENTRAL,Electronics,88.81,0.0,0.0,Debit Card,0,NONE
TX-102159,2026-07-12 10:50:45,EMP-002,CUST-7039,BRANCH-CENTRAL,Hardware,130.19,0.0,0.0,Debit Card,0,NONE
TX-102160,2026-07-12 10:51:28,EMP-007,CUST-3571,BRANCH-WEST,Services,46.35,0.0,0.0,Credit Card,0,NONE
TX-102161,2026-07-12 10:53:19,EMP-008,CUST-5521,BRANCH-EAST,Electronics,88.09,0.0,0.0,Mobile Money,0,NONE
TX-102162,2026-07-12 10:59:01,EMP-003,CUST-6288,BRANCH-WEST,Groceries,76.72,13.4,0.0,Credit Card,0,NONE
TX-102163,2026-07-12 11:04:22,EMP-003,CUST-6165,BRANCH-WEST,Hardware,60.79,0.0,0.0,Credit Card,0,NONE
TX-102164,2026-07-12 11:08:00,EMP-007,CUST-3916,BRANCH-WEST,Apparel,46.47,0.0,0.0,Credit Card,0,NONE
TX-102165,2026-07-12 11:09:01,EMP-006,CUST-1645,BRANCH-WEST,Services,20.26,11.6,0.0,Cash,0,NONE
TX-102166,2026-07-12 11:14:27,EMP-002,CUST-3292,BRANCH-CENTRAL,Electronics,41.19,5.0,0.0,Cash,0,NONE
TX-102167,2026-07-12 11:16:07,EMP-006,CUST-6850,BRANCH-WEST,Apparel,61.21,7.1,0.0,Debit Card,0,NONE
TX-102168,2026-07-12 11:29:09,EMP-001,CUST-9596,BRANCH-WEST,Hardware,30.45,0.0,0.0,Mobile Money,0,NONE
TX-102169,2026-07-12 11:30:52,EMP-002,CUST-4395,BRANCH-CENTRAL,Hardware,11.91,12.2,0.0,Mobile Money,0,NONE
TX-102170,2026-07-12 11:40:28,EMP-004,CUST-1925,BRANCH-WEST,Services,102.5,10.7,0.0,Debit Card,0,NONE
TX-102171,2026-07-12 11:47:08,EMP-001,CUST-1691,BRANCH-WEST,Electronics,47.19,0.0,0.0,Mobile Money,0,NONE
TX-102172,2026-07-12 11:48:48,EMP-006,CUST-6291,BRANCH-WEST,Hardware,72.11,0.0,0.0,Cash,0,NONE
TX-102173,2026-07-12 11:50:36,EMP-005,CUST-9064,BRANCH-CENTRAL,Groceries,40.15,0.0,0.0,Cash,0,NONE
TX-102174,2026-07-12 11:56:55,EMP-001,CUST-4278,BRANCH-WEST,Services,42.39,5.8,0.0,Credit Card,0,NONE
TX-102175,2026-07-12 12:02:19,EMP-002,CUST-7031,BRANCH-CENTRAL,Services,56.81,0.0,0.0,Mobile Money,0,NONE
TX-102176,2026-07-12 12:08:51,EMP-003,CUST-9785,BRANCH-WEST,Groceries,55.64,0.0,0.0,Credit Card,0,NONE
TX-102177,2026-07-12 12:09:11,EMP-005,CUST-7132,BRANCH-CENTRAL,Services,72.48,0.0,0.0,Credit Card,0,NONE
TX-102178,2026-07-12 12:11:14,EMP-006,CUST-4207,BRANCH-WEST,Apparel,33.47,0.0,0.0,Credit Card,0,NONE
TX-102179,2026-07-12 12:16:45,EMP-008,CUST-1472,BRANCH-EAST,Hardware,161.31,0.0,0.0,Debit Card,0,NONE
TX-102180,2026-07-12 12:18:30,EMP-004,CUST-4028,BRANCH-WEST,Groceries,31.12,12.7,0.0,Mobile Money,0,NONE
TX-102181,2026-07-12 12:24:02,EMP-004,CUST-5892,BRANCH-WEST,Electronics,64.61,0.0,0.0,Credit Card,0,NONE
TX-102182,2026-07-12 12:27:11,EMP-008,CUST-1890,BRANCH-EAST,Electronics,50.19,0.0,0.0,Credit Card,0,NONE
TX-102183,2026-07-12 12:32:42,EMP-004,CUST-9373,BRANCH-WEST,Groceries,34.13,0.0,0.0,Mobile Money,0,NONE
TX-102184,2026-07-12 12:35:20,EMP-006,CUST-4380,BRANCH-WEST,Hardware,28.85,0.0,0.0,Credit Card,0,NONE
TX-102185,2026-07-12 12:44:27,EMP-008,CUST-7402,BRANCH-EAST,Services,21.02,0.0,0.0,Debit Card,0,NONE
TX-102186,2026-07-12 12:47:25,EMP-005,CUST-5071,BRANCH-CENTRAL,Groceries,28.08,0.0,0.0,Cash,0,NONE
TX-102187,2026-07-12 12:49:47,EMP-001,CUST-1183,BRANCH-WEST,Apparel,57.78,0.0,0.0,Debit Card,0,NONE
TX-102188,2026-07-12 12:50:18,EMP-003,CUST-2593,BRANCH-WEST,Groceries,90.68,0.0,0.0,Debit Card,0,NONE
TX-102189,2026-07-12 12:57:36,EMP-006,CUST-2246,BRANCH-WEST,Apparel,25.17,0.0,20.54,Cash,0,NONE
TX-102190,2026-07-12 13:00:47,EMP-005,CUST-3323,BRANCH-CENTRAL,Apparel,54.84,0.0,0.0,Mobile Money,0,NONE
TX-102191,2026-07-12 13:04:27,EMP-002,CUST-1497,BRANCH-CENTRAL,Hardware,31.76,4.4,0.0,Debit Card,0,NONE
TX-102192,2026-07-12 13:09:42,EMP-005,CUST-5424,BRANCH-CENTRAL,Groceries,19.18,0.0,0.0,Mobile Money,0,NONE
TX-102193,2026-07-12 13:13:52,EMP-004,CUST-2067,BRANCH-WEST,Hardware,76.54,0.0,0.0,Debit Card,0,NONE
TX-102194,2026-07-12 13:14:12,EMP-007,CUST-8630,BRANCH-WEST,Hardware,81.5,3.2,0.0,Cash,0,NONE
TX-102195,2026-07-12 13:17:50,EMP-005,CUST-5613,BRANCH-CENTRAL,Hardware,34.6,6.2,0.0,Mobile Money,0,NONE
TX-102196,2026-07-12 13:19:50,EMP-004,CUST-8339,BRANCH-WEST,Groceries,87.61,0.0,0.0,Debit Card,0,NONE
TX-102197,2026-07-12 13:21:29,EMP-008,CUST-4793,BRANCH-EAST,Groceries,64.78,0.0,0.0,Credit Card,0,NONE
TX-102198,2026-07-12 13:29:38,EMP-008,CUST-8741,BRANCH-EAST,Services,70.38,10.9,0.0,Mobile Money,0,NONE
TX-102199,2026-07-12 13:37:09,EMP-006,CUST-6681,BRANCH-WEST,Hardware,40.25,7.8,0.0,Credit Card,0,NONE
TX-102200,2026-07-12 13:37:57,EMP-005,CUST-3418,BRANCH-CENTRAL,Hardware,25.72,0.0,0.0,Debit Card,0,NONE
TX-102201,2026-07-12 13:42:51,EMP-002,CUST-5148,BRANCH-CENTRAL,Electronics,39.23,0.0,0.0,Debit Card,0,NONE
TX-102202,2026-07-12 13:45:54,EMP-008,CUST-9834,BRANCH-EAST,Electronics,39.84,0.0,0.0,Mobile Money,0,NONE
TX-102203,2026-07-12 13:46:51,EMP-006,CUST-9850,BRANCH-WEST,Electronics,54.29,0.0,0.0,Mobile Money,0,NONE
TX-102204,2026-07-12 13:47:11,EMP-007,CUST-2339,BRANCH-WEST,Hardware,68.76,0.0,0.0,Cash,0,NONE
TX-102205,2026-07-12 13:54:59,EMP-002,CUST-1066,BRANCH-CENTRAL,Apparel,18.88,0.0,0.0,Mobile Money,0,NONE
TX-102206,2026-07-12 13:59:22,EMP-004,CUST-6486,BRANCH-WEST,Hardware,67.61,11.8,0.0,Debit Card,0,NONE
TX-102207,2026-07-12 14:04:26,EMP-007,CUST-4589,BRANCH-WEST,Services,49.86,0.0,0.0,Cash,0,NONE
TX-102208,2026-07-12 14:15:04,EMP-004,CUST-8432,BRANCH-WEST,Electronics,24.25,0.0,0.0,Mobile Money,0,NONE
TX-102209,2026-07-12 14:15:24,EMP-001,CUST-9265,BRANCH-WEST,Groceries,43.04,0.0,0.0,Credit Card,0,NONE
TX-102210,2026-07-12 14:20:34,EMP-004,CUST-7653,BRANCH-WEST,Apparel,43.98,0.0,0.0,Cash,0,NONE
TX-102211,2026-07-12 14:23:36,EMP-004,CUST-1385,BRANCH-WEST,Groceries,37.78,4.5,0.0,Cash,0,NONE
TX-102212,2026-07-12 14:26:55,EMP-002,CUST-5152,BRANCH-CENTRAL,Hardware,26.18,0.0,0.0,Credit Card,0,NONE
TX-102213,2026-07-12 14:28:49,EMP-007,CUST-1173,BRANCH-WEST,Services,60.52,0.0,0.0,Mobile Money,0,NONE
TX-102214,2026-07-12 14:32:39,EMP-005,CUST-8020,BRANCH-CENTRAL,Services,45.87,0.0,0.0,Cash,0,NONE
TX-102215,2026-07-12 14:36:13,EMP-008,CUST-1516,BRANCH-EAST,Hardware,71.25,0.0,0.0,Debit Card,0,NONE
TX-102216,2026-07-12 14:37:04,EMP-007,CUST-9831,BRANCH-WEST,Groceries,85.57,0.0,0.0,Credit Card,0,NONE
TX-102217,2026-07-12 14:40:45,EMP-008,CUST-1447,BRANCH-EAST,Hardware,132.81,8.8,0.0,Debit Card,0,NONE
TX-102218,2026-07-12 14:43:26,EMP-005,CUST-9908,BRANCH-CENTRAL,Groceries,17.55,11.7,0.0,Cash,0,NONE
TX-102219,2026-07-12 14:46:21,EMP-008,CUST-7223,BRANCH-EAST,Apparel,79.09,14.8,0.0,Credit Card,0,NONE
TX-102220,2026-07-12 14:47:13,EMP-008,CUST-4548,BRANCH-EAST,Services,53.27,0.0,11.2,Cash,0,NONE
TX-102221,2026-07-12 14:47:34,EMP-008,CUST-2132,BRANCH-EAST,Services,84.64,6.3,0.0,Cash,0,NONE
TX-102222,2026-07-12 14:49:51,EMP-005,CUST-2927,BRANCH-CENTRAL,Services,31.47,0.0,0.0,Credit Card,0,NONE
TX-102223,2026-07-12 14:51:08,EMP-003,CUST-1652,BRANCH-WEST,Apparel,154.2,0.0,0.0,Mobile Money,0,NONE
TX-102224,2026-07-12 14:54:24,EMP-002,CUST-4262,BRANCH-CENTRAL,Hardware,56.28,0.0,44.78,Mobile Money,0,NONE
TX-102225,2026-07-12 15:04:38,EMP-007,CUST-1718,BRANCH-WEST,Apparel,47.44,7.1,0.0,Debit Card,0,NONE
TX-102226,2026-07-12 15:07:25,EMP-004,CUST-8285,BRANCH-WEST,Groceries,88.35,4.7,0.0,Cash,0,NONE
TX-102227,2026-07-12 15:07:45,EMP-008,CUST-9128,BRANCH-EAST,Apparel,45.78,0.0,0.0,Credit Card,0,NONE
TX-102228,2026-07-12 15:10:19,EMP-002,CUST-7858,BRANCH-CENTRAL,Hardware,57.46,8.2,0.0,Cash,0,NONE
TX-102229,2026-07-12 15:10:39,EMP-002,CUST-2429,BRANCH-CENTRAL,Apparel,39.57,0.0,0.0,Debit Card,0,NONE
TX-102230,2026-07-12 15:13:52,EMP-007,CUST-9308,BRANCH-WEST,Electronics,49.37,0.0,0.0,Cash,0,NONE
TX-102231,2026-07-12 15:14:13,EMP-001,CUST-3654,BRANCH-WEST,Groceries,84.96,0.0,0.0,Debit Card,0,NONE
TX-102232,2026-07-12 15:28:35,EMP-006,CUST-5309,BRANCH-WEST,Hardware,125.96,12.5,0.0,Debit Card,0,NONE
TX-102233,2026-07-12 15:29:39,EMP-002,CUST-1651,BRANCH-CENTRAL,Electronics,52.05,6.6,0.0,Debit Card,0,NONE
TX-102234,2026-07-12 15:32:17,EMP-001,CUST-7092,BRANCH-WEST,Groceries,28.02,0.0,17.08,Credit Card,0,NONE
TX-102235,2026-07-12 15:32:43,EMP-001,CUST-5969,BRANCH-WEST,Electronics,37.27,0.0,0.0,Debit Card,0,NONE
TX-102236,2026-07-12 15:39:59,EMP-004,CUST-4091,BRANCH-WEST,Hardware,37.6,0.0,0.0,Mobile Money,0,NONE
TX-102237,2026-07-12 15:42:47,EMP-007,CUST-9870,BRANCH-WEST,Groceries,39.35,4.5,0.0,Cash,0,NONE
TX-102238,2026-07-12 15:48:38,EMP-008,CUST-9411,BRANCH-EAST,Groceries,71.06,0.0,0.0,Debit Card,0,NONE
TX-102239,2026-07-12 15:49:08,EMP-006,CUST-4692,BRANCH-WEST,Apparel,31.71,0.0,0.0,Cash,0,NONE
TX-102240,2026-07-12 15:49:28,EMP-006,CUST-7465,BRANCH-WEST,Groceries,72.97,11.7,0.0,Debit Card,0,NONE
TX-102241,2026-07-12 15:50:41,EMP-004,CUST-3086,BRANCH-WEST,Hardware,47.14,0.0,0.0,Debit Card,0,NONE
TX-102242,2026-07-12 15:52:52,EMP-003,CUST-4954,BRANCH-WEST,Services,62.87,0.0,0.0,Cash,0,NONE
TX-102243,2026-07-12 15:56:18,EMP-007,CUST-1506,BRANCH-WEST,Hardware,40.39,4.0,0.0,Mobile Money,0,NONE
TX-102244,2026-07-12 15:59:41,EMP-001,CUST-7054,BRANCH-WEST,Apparel,22.63,0.0,0.0,Credit Card,0,NONE
TX-102245,2026-07-12 16:00:08,EMP-005,CUST-9770,BRANCH-CENTRAL,Services,26.74,0.0,0.0,Debit Card,0,NONE
TX-102246,2026-07-12 16:01:57,EMP-008,CUST-7325,BRANCH-EAST,Services,74.3,0.0,0.0,Mobile Money,0,NONE
TX-102247,2026-07-12 16:15:30,EMP-008,CUST-6522,BRANCH-EAST,Groceries,58.17,0.0,0.0,Cash,0,NONE
TX-102248,2026-07-12 16:29:32,EMP-005,CUST-5394,BRANCH-CENTRAL,Apparel,50.27,0.0,0.0,Mobile Money,0,NONE
TX-102249,2026-07-12 16:34:21,EMP-006,CUST-6311,BRANCH-WEST,Electronics,67.85,0.0,0.0,Credit Card,0,NONE
TX-102250,2026-07-12 16:35:41,EMP-004,CUST-6488,BRANCH-WEST,Services,37.37,0.0,0.0,Debit Card,0,NONE
TX-102251,2026-07-12 16:38:18,EMP-004,CUST-3281,BRANCH-WEST,Apparel,136.41,11.2,0.0,Credit Card,0,NONE
TX-102252,2026-07-12 16:43:58,EMP-004,CUST-8580,BRANCH-WEST,Services,33.62,0.0,0.0,Credit Card,0,NONE
TX-102253,2026-07-12 16:54:18,EMP-004,CUST-4370,BRANCH-WEST,Services,30.85,0.0,0.0,Mobile Money,0,NONE
TX-102254,2026-07-12 16:54:38,EMP-008,CUST-7143,BRANCH-EAST,Electronics,99.83,0.0,0.0,Debit Card,0,NONE
TX-102255,2026-07-12 16:58:24,EMP-006,CUST-3397,BRANCH-WEST,Apparel,42.37,0.0,0.0,Debit Card,0,NONE
TX-102256,2026-07-12 17:01:33,EMP-007,CUST-1053,BRANCH-WEST,Groceries,36.61,14.2,0.0,Debit Card,0,NONE
TX-102257,2026-07-12 17:09:11,EMP-005,CUST-9374,BRANCH-CENTRAL,Services,25.47,0.0,0.0,Debit Card,0,NONE
TX-102258,2026-07-12 17:12:27,EMP-008,CUST-2770,BRANCH-EAST,Hardware,44.13,0.0,0.0,Mobile Money,0,NONE
TX-102259,2026-07-12 17:12:47,EMP-003,CUST-3013,BRANCH-WEST,Apparel,65.64,0.0,0.0,Cash,0,NONE
TX-102260,2026-07-12 17:26:02,EMP-002,CUST-5544,BRANCH-CENTRAL,Groceries,81.38,0.0,0.0,Cash,0,NONE
TX-102261,2026-07-12 17:26:22,EMP-007,CUST-4356,BRANCH-WEST,Groceries,24.83,0.0,0.0,Cash,0,NONE
TX-102262,2026-07-12 17:30:57,EMP-002,CUST-6531,BRANCH-CENTRAL,Services,46.45,0.0,0.0,Mobile Money,0,NONE
TX-102263,2026-07-12 17:31:29,EMP-004,CUST-4611,BRANCH-WEST,Services,71.4,0.0,0.0,Credit Card,0,NONE
TX-102264,2026-07-12 17:34:58,EMP-004,CUST-3485,BRANCH-WEST,Groceries,41.4,0.0,0.0,Mobile Money,0,NONE
TX-102265,2026-07-12 17:43:26,EMP-003,CUST-7279,BRANCH-WEST,Electronics,122.8,0.0,17.03,Credit Card,0,NONE
TX-102266,2026-07-12 17:47:37,EMP-008,CUST-3040,BRANCH-EAST,Groceries,75.41,7.9,0.0,Mobile Money,0,NONE
TX-102267,2026-07-12 17:48:10,EMP-003,CUST-4610,BRANCH-WEST,Apparel,93.01,5.9,0.0,Debit Card,0,NONE
TX-102268,2026-07-12 17:49:38,EMP-008,CUST-4496,BRANCH-EAST,Electronics,95.01,4.0,0.0,Debit Card,0,NONE
TX-102269,2026-07-12 17:51:03,EMP-003,CUST-7299,BRANCH-WEST,Services,107.33,0.0,62.38,Mobile Money,0,NONE
TX-102270,2026-07-12 17:51:51,EMP-008,CUST-8154,BRANCH-EAST,Services,62.61,0.0,34.24,Debit Card,0,NONE
TX-102271,2026-07-12 17:52:52,EMP-008,CUST-4366,BRANCH-EAST,Apparel,139.66,3.9,0.0,Debit Card,0,NONE
TX-102272,2026-07-12 17:56:42,EMP-003,CUST-7619,BRANCH-WEST,Electronics,61.98,7.2,0.0,Credit Card,0,NONE
TX-102273,2026-07-12 17:59:13,EMP-004,CUST-7216,BRANCH-WEST,Services,46.44,0.0,0.0,Mobile Money,0,NONE
TX-102274,2026-07-12 17:59:51,EMP-002,CUST-8409,BRANCH-CENTRAL,Groceries,38.55,0.0,0.0,Debit Card,0,NONE
TX-102275,2026-07-12 18:05:42,EMP-001,CUST-9043,BRANCH-WEST,Hardware,33.53,0.0,0.0,Cash,0,NONE
TX-102276,2026-07-12 18:07:55,EMP-007,CUST-5176,BRANCH-WEST,Apparel,43.96,7.4,0.0,Debit Card,0,NONE
TX-102277,2026-07-12 18:08:15,EMP-003,CUST-3761,BRANCH-WEST,Electronics,66.09,0.0,0.0,Mobile Money,0,NONE
TX-102278,2026-07-12 18:10:36,EMP-001,CUST-7249,BRANCH-WEST,Apparel,40.89,5.7,0.0,Mobile Money,0,NONE
TX-102279,2026-07-12 18:10:57,EMP-002,CUST-1820,BRANCH-CENTRAL,Apparel,45.24,14.2,0.0,Credit Card,0,NONE
TX-102280,2026-07-12 18:14:02,EMP-003,CUST-8141,BRANCH-WEST,Apparel,58.9,0.0,0.0,Debit Card,0,NONE
TX-102281,2026-07-12 18:21:06,EMP-005,CUST-3730,BRANCH-CENTRAL,Services,62.38,13.5,0.0,Mobile Money,0,NONE
TX-102282,2026-07-12 18:21:40,EMP-005,CUST-9977,BRANCH-CENTRAL,Hardware,47.77,0.0,0.0,Mobile Money,0,NONE
TX-102283,2026-07-12 18:23:28,EMP-001,CUST-4201,BRANCH-WEST,Services,47.61,0.0,0.0,Cash,0,NONE
TX-102284,2026-07-12 18:34:36,EMP-005,CUST-3928,BRANCH-CENTRAL,Services,29.4,8.6,0.0,Mobile Money,0,NONE
TX-102285,2026-07-12 18:39:25,EMP-003,CUST-9743,BRANCH-WEST,Electronics,37.35,3.1,0.0,Credit Card,0,NONE
TX-102286,2026-07-12 18:45:12,EMP-001,CUST-9206,BRANCH-WEST,Services,52.84,0.0,0.0,Mobile Money,0,NONE
TX-102287,2026-07-12 18:45:32,EMP-001,CUST-8685,BRANCH-WEST,Electronics,56.84,0.0,0.0,Credit Card,0,NONE
TX-102288,2026-07-12 18:47:29,EMP-005,CUST-8576,BRANCH-CENTRAL,Electronics,28.5,0.0,0.0,Mobile Money,0,NONE
TX-102289,2026-07-12 19:03:46,EMP-003,CUST-1692,BRANCH-WEST,Groceries,39.58,0.0,0.0,Credit Card,0,NONE
TX-102290,2026-07-12 19:07:53,EMP-008,CUST-9665,BRANCH-EAST,Hardware,116.25,0.0,0.0,Debit Card,0,NONE
TX-102291,2026-07-12 19:10:09,EMP-008,CUST-9514,BRANCH-EAST,Apparel,53.97,0.0,0.0,Debit Card,0,NONE
TX-102292,2026-07-12 19:18:17,EMP-005,CUST-9576,BRANCH-CENTRAL,Hardware,32.68,13.3,0.0,Cash,0,NONE
TX-102293,2026-07-12 19:23:55,EMP-004,CUST-2202,BRANCH-WEST,Services,31.7,0.0,0.0,Cash,0,NONE
TX-102294,2026-07-12 19:25:55,EMP-007,CUST-7268,BRANCH-WEST,Hardware,31.79,0.0,18.05,Cash,0,NONE
TX-102295,2026-07-12 19:31:20,EMP-004,CUST-8135,BRANCH-WEST,Electronics,134.48,0.0,0.0,Mobile Money,0,NONE
TX-102296,2026-07-12 19:32:22,EMP-005,CUST-7493,BRANCH-CENTRAL,Electronics,41.5,13.8,0.0,Credit Card,0,NONE
TX-102297,2026-07-12 19:34:56,EMP-008,CUST-7541,BRANCH-EAST,Hardware,58.33,0.0,0.0,Mobile Money,0,NONE
TX-102298,2026-07-12 19:35:40,EMP-008,CUST-3136,BRANCH-EAST,Hardware,40.01,0.0,0.0,Mobile Money,0,NONE
TX-102299,2026-07-12 19:36:00,EMP-002,CUST-5840,BRANCH-CENTRAL,Apparel,20.61,8.6,0.0,Debit Card,0,NONE
TX-102300,2026-07-12 19:39:30,EMP-002,CUST-5816,BRANCH-CENTRAL,Apparel,93.74,0.0,0.0,Cash,0,NONE
TX-102301,2026-07-12 19:41:40,EMP-008,CUST-2110,BRANCH-EAST,Apparel,105.67,0.0,0.0,Mobile Money,0,NONE
TX-102302,2026-07-12 19:46:29,EMP-001,CUST-2659,BRANCH-WEST,Electronics,41.95,0.0,0.0,Cash,0,NONE
TX-102303,2026-07-12 19:46:49,EMP-001,CUST-9347,BRANCH-WEST,Electronics,12.13,0.0,0.0,Debit Card,0,NONE
TX-102304,2026-07-12 19:51:31,EMP-007,CUST-6472,BRANCH-WEST,Services,45.61,0.0,0.0,Credit Card,0,NONE
TX-102305,2026-07-12 19:53:21,EMP-006,CUST-1834,BRANCH-WEST,Services,44.9,0.0,0.0,Debit Card,0,NONE
TX-102306,2026-07-12 20:08:48,EMP-007,CUST-9420,BRANCH-WEST,Groceries,53.36,0.0,0.0,Cash,0,NONE
TX-102307,2026-07-12 20:18:25,EMP-003,CUST-7191,BRANCH-WEST,Apparel,19.06,0.0,0.0,Credit Card,0,NONE
TX-102308,2026-07-12 20:23:28,EMP-003,CUST-3329,BRANCH-WEST,Electronics,118.01,7.6,0.0,Cash,0,NONE
TX-102309,2026-07-12 20:31:27,EMP-001,CUST-5962,BRANCH-WEST,Groceries,46.57,0.0,0.0,Mobile Money,0,NONE
TX-102310,2026-07-12 20:33:53,EMP-007,CUST-3484,BRANCH-WEST,Hardware,17.93,0.0,0.0,Mobile Money,0,NONE
TX-102311,2026-07-12 20:47:29,EMP-001,CUST-2085,BRANCH-WEST,Electronics,31.29,0.0,0.0,Debit Card,0,NONE
TX-102312,2026-07-12 20:52:15,EMP-002,CUST-4589,BRANCH-CENTRAL,Hardware,31.12,0.0,0.0,Debit Card,0,NONE
TX-102313,2026-07-12 20:55:26,EMP-002,CUST-2310,BRANCH-CENTRAL,Hardware,43.25,0.0,0.0,Credit Card,0,NONE
TX-102314,2026-07-12 20:57:35,EMP-008,CUST-5228,BRANCH-EAST,Services,60.21,0.0,0.0,Credit Card,0,NONE
TX-102315,2026-07-13 08:25:42,EMP-006,CUST-9629,BRANCH-WEST,Electronics,49.58,0.0,0.0,Credit Card,0,NONE
TX-102316,2026-07-13 08:28:57,EMP-004,CUST-4706,BRANCH-WEST,Groceries,22.44,0.0,0.0,Credit Card,0,NONE
TX-102317,2026-07-13 08:31:29,EMP-008,CUST-7630,BRANCH-EAST,Groceries,70.87,0.0,0.0,Credit Card,0,NONE
TX-102318,2026-07-13 08:39:17,EMP-002,CUST-3424,BRANCH-CENTRAL,Services,28.63,12.4,0.0,Mobile Money,0,NONE
TX-102319,2026-07-13 08:39:50,EMP-008,CUST-3510,BRANCH-EAST,Groceries,51.34,0.0,0.0,Debit Card,0,NONE
TX-102320,2026-07-13 08:41:14,EMP-007,CUST-7869,BRANCH-WEST,Services,48.34,0.0,0.0,Mobile Money,0,NONE
TX-102321,2026-07-13 08:42:15,EMP-008,CUST-2086,BRANCH-EAST,Apparel,132.82,0.0,0.0,Debit Card,0,NONE
TX-102322,2026-07-13 08:42:58,EMP-007,CUST-3523,BRANCH-WEST,Hardware,63.68,0.0,0.0,Credit Card,0,NONE
TX-102323,2026-07-13 08:44:38,EMP-002,CUST-6046,BRANCH-CENTRAL,Electronics,40.61,0.0,0.0,Debit Card,0,NONE
TX-102324,2026-07-13 09:02:21,EMP-004,CUST-7640,BRANCH-WEST,Hardware,28.52,0.0,0.0,Mobile Money,0,NONE
TX-102325,2026-07-13 09:11:13,EMP-006,CUST-3608,BRANCH-WEST,Services,41.79,0.0,0.0,Cash,0,NONE
TX-102326,2026-07-13 09:13:41,EMP-002,CUST-2345,BRANCH-CENTRAL,Groceries,28.36,0.0,17.62,Debit Card,0,NONE
TX-102327,2026-07-13 09:14:29,EMP-002,CUST-3488,BRANCH-CENTRAL,Groceries,68.35,5.1,0.0,Credit Card,0,NONE
TX-102328,2026-07-13 09:14:49,EMP-006,CUST-2433,BRANCH-WEST,Groceries,41.1,6.7,0.0,Cash,0,NONE
TX-102329,2026-07-13 09:18:32,EMP-001,CUST-1003,BRANCH-WEST,Electronics,23.96,0.0,0.0,Debit Card,0,NONE
TX-102330,2026-07-13 09:20:46,EMP-002,CUST-5379,BRANCH-CENTRAL,Services,40.88,0.0,0.0,Cash,0,NONE
TX-102331,2026-07-13 09:23:50,EMP-005,CUST-3271,BRANCH-CENTRAL,Groceries,67.53,0.0,0.0,Mobile Money,0,NONE
TX-102332,2026-07-13 09:26:25,EMP-002,CUST-9133,BRANCH-CENTRAL,Services,65.66,6.4,0.0,Credit Card,0,NONE
TX-102333,2026-07-13 09:35:23,EMP-003,CUST-8744,BRANCH-WEST,Hardware,57.61,0.0,0.0,Credit Card,0,NONE
TX-102334,2026-07-13 09:37:01,EMP-007,CUST-7848,BRANCH-WEST,Electronics,70.23,0.0,0.0,Credit Card,0,NONE
TX-102335,2026-07-13 09:50:06,EMP-004,CUST-4943,BRANCH-WEST,Hardware,56.32,4.9,0.0,Cash,0,NONE
TX-102336,2026-07-13 09:52:56,EMP-003,CUST-2764,BRANCH-WEST,Hardware,29.51,11.7,0.0,Credit Card,0,NONE
TX-102337,2026-07-13 10:05:41,EMP-006,CUST-4919,BRANCH-WEST,Hardware,36.34,0.0,0.0,Credit Card,0,NONE
TX-102338,2026-07-13 10:06:17,EMP-004,CUST-8753,BRANCH-WEST,Groceries,24.72,0.0,0.0,Credit Card,0,NONE
TX-102339,2026-07-13 10:07:35,EMP-002,CUST-1801,BRANCH-CENTRAL,Groceries,57.66,0.0,0.0,Debit Card,0,NONE
TX-102340,2026-07-13 10:09:39,EMP-003,CUST-9152,BRANCH-WEST,Hardware,45.21,0.0,0.0,Credit Card,0,NONE
TX-102341,2026-07-13 10:10:19,EMP-008,CUST-3177,BRANCH-EAST,Apparel,72.06,0.0,0.0,Credit Card,0,NONE
TX-102342,2026-07-13 10:12:37,EMP-003,CUST-1121,BRANCH-WEST,Electronics,30.01,0.0,0.0,Debit Card,0,NONE
TX-102343,2026-07-13 10:14:08,EMP-006,CUST-3427,BRANCH-WEST,Groceries,44.41,0.0,0.0,Debit Card,0,NONE
TX-102344,2026-07-13 10:14:29,EMP-005,CUST-4313,BRANCH-CENTRAL,Electronics,41.23,0.0,0.0,Credit Card,0,NONE
TX-102345,2026-07-13 10:17:52,EMP-006,CUST-7111,BRANCH-WEST,Apparel,52.13,8.8,0.0,Mobile Money,0,NONE
TX-102346,2026-07-13 10:27:28,EMP-004,CUST-3421,BRANCH-WEST,Apparel,44.91,0.0,0.0,Credit Card,0,NONE
TX-102347,2026-07-13 10:28:39,EMP-007,CUST-9662,BRANCH-WEST,Services,52.36,0.0,0.0,Debit Card,0,NONE
TX-102348,2026-07-13 10:31:02,EMP-001,CUST-8453,BRANCH-WEST,Services,64.49,0.0,0.0,Debit Card,0,NONE
TX-102349,2026-07-13 10:52:34,EMP-001,CUST-5661,BRANCH-WEST,Apparel,59.24,10.1,0.0,Cash,0,NONE
TX-102350,2026-07-13 10:53:55,EMP-008,CUST-7836,BRANCH-EAST,Hardware,164.85,0.0,0.0,Mobile Money,0,NONE
TX-102351,2026-07-13 10:55:59,EMP-006,CUST-4651,BRANCH-WEST,Hardware,119.86,0.0,0.0,Cash,0,NONE
TX-102352,2026-07-13 10:56:43,EMP-004,CUST-5163,BRANCH-WEST,Hardware,160.62,0.0,0.0,Cash,0,NONE
TX-102353,2026-07-13 10:57:44,EMP-004,CUST-8360,BRANCH-WEST,Electronics,50.94,0.0,0.0,Cash,0,NONE
TX-102354,2026-07-13 11:00:52,EMP-005,CUST-9769,BRANCH-CENTRAL,Services,47.41,0.0,41.84,Credit Card,0,NONE
TX-102355,2026-07-13 11:19:24,EMP-001,CUST-9136,BRANCH-WEST,Services,94.11,10.9,0.0,Cash,0,NONE
TX-102356,2026-07-13 11:23:10,EMP-004,CUST-7373,BRANCH-WEST,Services,92.56,0.0,0.0,Mobile Money,0,NONE
TX-102357,2026-07-13 11:23:54,EMP-001,CUST-8036,BRANCH-WEST,Groceries,29.98,0.0,0.0,Debit Card,0,NONE
TX-102358,2026-07-13 11:25:50,EMP-001,CUST-2629,BRANCH-WEST,Electronics,26.9,0.0,0.0,Mobile Money,0,NONE
TX-102359,2026-07-13 11:31:55,EMP-005,CUST-5212,BRANCH-CENTRAL,Hardware,18.76,8.1,0.0,Credit Card,0,NONE
TX-102360,2026-07-13 11:34:33,EMP-002,CUST-5731,BRANCH-CENTRAL,Apparel,51.55,0.0,0.0,Cash,0,NONE
TX-102361,2026-07-13 11:36:13,EMP-002,CUST-3548,BRANCH-CENTRAL,Groceries,81.24,0.0,22.97,Credit Card,0,NONE
TX-102362,2026-07-13 11:42:51,EMP-003,CUST-2857,BRANCH-WEST,Hardware,45.92,0.0,0.0,Debit Card,0,NONE
TX-102363,2026-07-13 11:45:39,EMP-002,CUST-8884,BRANCH-CENTRAL,Services,31.75,0.0,0.0,Cash,0,NONE
TX-102364,2026-07-13 11:46:51,EMP-006,CUST-3890,BRANCH-WEST,Hardware,11.62,0.0,0.0,Credit Card,0,NONE
TX-102365,2026-07-13 12:00:29,EMP-001,CUST-2415,BRANCH-WEST,Groceries,51.48,7.1,0.0,Mobile Money,0,NONE
TX-102366,2026-07-13 12:03:52,EMP-008,CUST-6757,BRANCH-EAST,Groceries,108.41,0.0,0.0,Debit Card,0,NONE
TX-102367,2026-07-13 12:07:21,EMP-002,CUST-9395,BRANCH-CENTRAL,Hardware,48.04,5.3,0.0,Cash,0,NONE
TX-102368,2026-07-13 12:12:24,EMP-004,CUST-9099,BRANCH-WEST,Services,36.9,0.0,0.0,Credit Card,0,NONE
TX-102369,2026-07-13 12:14:50,EMP-004,CUST-1687,BRANCH-WEST,Groceries,46.61,0.0,19.79,Credit Card,0,NONE
TX-102370,2026-07-13 12:16:50,EMP-006,CUST-7808,BRANCH-WEST,Groceries,36.19,0.0,0.0,Cash,0,NONE
TX-102371,2026-07-13 12:30:26,EMP-003,CUST-2572,BRANCH-WEST,Services,82.64,0.0,0.0,Mobile Money,0,NONE
TX-102372,2026-07-13 12:43:07,EMP-008,CUST-9099,BRANCH-EAST,Services,48.07,0.0,0.0,Credit Card,0,NONE
TX-102373,2026-07-13 12:52:09,EMP-002,CUST-1532,BRANCH-CENTRAL,Apparel,25.07,9.4,0.0,Cash,0,NONE
TX-102374,2026-07-13 13:05:44,EMP-002,CUST-1899,BRANCH-CENTRAL,Apparel,18.79,0.0,0.0,Credit Card,0,NONE
TX-102375,2026-07-13 13:08:43,EMP-007,CUST-3507,BRANCH-WEST,Apparel,39.59,0.0,0.0,Cash,0,NONE
TX-102376,2026-07-13 13:13:22,EMP-006,CUST-2230,BRANCH-WEST,Hardware,65.56,0.0,0.0,Cash,0,NONE
TX-102377,2026-07-13 13:13:42,EMP-001,CUST-5671,BRANCH-WEST,Apparel,26.31,4.1,0.0,Cash,0,NONE
TX-102378,2026-07-13 13:14:02,EMP-006,CUST-2857,BRANCH-WEST,Groceries,21.16,0.0,0.0,Credit Card,0,NONE
TX-102379,2026-07-13 13:15:33,EMP-002,CUST-3992,BRANCH-CENTRAL,Services,25.36,12.6,0.0,Credit Card,0,NONE
TX-102380,2026-07-13 13:18:15,EMP-005,CUST-9868,BRANCH-CENTRAL,Groceries,28.17,0.0,0.0,Credit Card,0,NONE
TX-102381,2026-07-13 13:19:43,EMP-005,CUST-2645,BRANCH-CENTRAL,Hardware,34.03,0.0,0.0,Debit Card,0,NONE
TX-102382,2026-07-13 13:34:27,EMP-002,CUST-6460,BRANCH-CENTRAL,Apparel,24.24,0.0,0.0,Cash,0,NONE
TX-102383,2026-07-13 13:37:53,EMP-001,CUST-2750,BRANCH-WEST,Hardware,15.17,12.7,0.0,Cash,0,NONE
TX-102384,2026-07-13 13:54:15,EMP-005,CUST-3601,BRANCH-CENTRAL,Services,62.91,0.0,0.0,Mobile Money,0,NONE
TX-102385,2026-07-13 13:59:17,EMP-002,CUST-6473,BRANCH-CENTRAL,Electronics,26.65,14.0,0.0,Cash,0,NONE
TX-102386,2026-07-13 14:03:01,EMP-001,CUST-8705,BRANCH-WEST,Electronics,44.39,0.0,0.0,Mobile Money,0,NONE
TX-102387,2026-07-13 14:03:21,EMP-007,CUST-1086,BRANCH-WEST,Services,39.35,0.0,0.0,Mobile Money,0,NONE
TX-102388,2026-07-13 14:06:58,EMP-008,CUST-9971,BRANCH-EAST,Electronics,46.5,5.5,0.0,Mobile Money,0,NONE
TX-102389,2026-07-13 14:14:20,EMP-005,CUST-6640,BRANCH-CENTRAL,Electronics,60.26,0.0,0.0,Credit Card,0,NONE
TX-102390,2026-07-13 14:14:40,EMP-005,CUST-5080,BRANCH-CENTRAL,Services,41.62,0.0,0.0,Debit Card,0,NONE
TX-102391,2026-07-13 14:15:38,EMP-005,CUST-9153,BRANCH-CENTRAL,Groceries,76.2,0.0,0.0,Mobile Money,0,NONE
TX-102392,2026-07-13 14:16:12,EMP-005,CUST-3100,BRANCH-CENTRAL,Services,34.34,10.7,0.0,Mobile Money,0,NONE
TX-102393,2026-07-13 14:20:04,EMP-003,CUST-1658,BRANCH-WEST,Electronics,39.04,0.0,0.0,Cash,0,NONE
TX-102394,2026-07-13 14:23:12,EMP-007,CUST-3178,BRANCH-WEST,Electronics,43.6,0.0,0.0,Cash,0,NONE
TX-102395,2026-07-13 14:24:17,EMP-004,CUST-2814,BRANCH-WEST,Groceries,38.19,0.0,0.0,Debit Card,0,NONE
TX-102396,2026-07-13 14:25:14,EMP-003,CUST-3408,BRANCH-WEST,Groceries,135.78,0.0,0.0,Debit Card,0,NONE
TX-102397,2026-07-13 14:26:12,EMP-007,CUST-9501,BRANCH-WEST,Apparel,37.48,0.0,0.0,Mobile Money,0,NONE
TX-102398,2026-07-13 14:28:01,EMP-004,CUST-7376,BRANCH-WEST,Apparel,59.21,11.0,0.0,Mobile Money,0,NONE
TX-102399,2026-07-13 14:40:23,EMP-008,CUST-9010,BRANCH-EAST,Apparel,65.37,0.0,0.0,Debit Card,0,NONE
TX-102400,2026-07-13 14:46:49,EMP-008,CUST-3598,BRANCH-EAST,Groceries,40.39,0.0,0.0,Debit Card,0,NONE
TX-102401,2026-07-13 14:49:38,EMP-005,CUST-4339,BRANCH-CENTRAL,Hardware,29.65,6.4,0.0,Mobile Money,0,NONE
TX-102402,2026-07-13 14:55:38,EMP-007,CUST-1225,BRANCH-WEST,Hardware,54.21,0.0,0.0,Debit Card,0,NONE
TX-102403,2026-07-13 14:57:24,EMP-006,CUST-5967,BRANCH-WEST,Electronics,45.05,0.0,0.0,Credit Card,0,NONE
TX-102404,2026-07-13 15:02:02,EMP-008,CUST-7399,BRANCH-EAST,Apparel,56.37,5.6,0.0,Cash,0,NONE
TX-102405,2026-07-13 15:06:52,EMP-004,CUST-8961,BRANCH-WEST,Hardware,48.08,14.4,0.0,Mobile Money,0,NONE
TX-102406,2026-07-13 15:07:12,EMP-002,CUST-5385,BRANCH-CENTRAL,Apparel,20.25,0.0,0.0,Credit Card,0,NONE
TX-102407,2026-07-13 15:11:55,EMP-005,CUST-7614,BRANCH-CENTRAL,Groceries,29.34,14.5,0.0,Credit Card,0,NONE
TX-102408,2026-07-13 15:17:43,EMP-005,CUST-5002,BRANCH-CENTRAL,Services,67.55,0.0,0.0,Mobile Money,0,NONE
TX-102409,2026-07-13 15:19:06,EMP-008,CUST-9656,BRANCH-EAST,Groceries,51.69,3.2,0.0,Debit Card,0,NONE
TX-102410,2026-07-13 15:21:27,EMP-006,CUST-1023,BRANCH-WEST,Hardware,65.33,4.3,0.0,Debit Card,0,NONE
TX-102411,2026-07-13 15:38:56,EMP-005,CUST-5455,BRANCH-CENTRAL,Services,72.58,7.8,0.0,Credit Card,0,NONE
TX-102412,2026-07-13 15:39:57,EMP-002,CUST-7224,BRANCH-CENTRAL,Hardware,71.54,0.0,0.0,Credit Card,0,NONE
TX-102413,2026-07-13 15:49:48,EMP-001,CUST-6507,BRANCH-WEST,Apparel,81.2,0.0,0.0,Credit Card,0,NONE
TX-102414,2026-07-13 15:50:28,EMP-008,CUST-4728,BRANCH-EAST,Hardware,81.47,0.0,10.72,Mobile Money,0,NONE
TX-102415,2026-07-13 15:51:45,EMP-004,CUST-7729,BRANCH-WEST,Groceries,104.53,7.9,0.0,Cash,0,NONE
TX-102416,2026-07-13 15:54:19,EMP-002,CUST-9987,BRANCH-CENTRAL,Hardware,64.71,0.0,0.0,Mobile Money,0,NONE
TX-102417,2026-07-13 16:03:06,EMP-004,CUST-7076,BRANCH-WEST,Groceries,23.04,3.1,0.0,Cash,0,NONE
TX-102418,2026-07-13 16:06:28,EMP-005,CUST-8370,BRANCH-CENTRAL,Electronics,51.27,14.1,0.0,Cash,0,NONE
TX-102419,2026-07-13 16:06:48,EMP-005,CUST-9796,BRANCH-CENTRAL,Electronics,123.51,11.3,0.0,Cash,0,NONE
TX-102420,2026-07-13 16:07:51,EMP-008,CUST-4544,BRANCH-EAST,Hardware,27.82,0.0,0.0,Mobile Money,0,NONE
TX-102421,2026-07-13 16:08:39,EMP-005,CUST-1001,BRANCH-CENTRAL,Hardware,42.68,0.0,0.0,Debit Card,0,NONE
TX-102422,2026-07-13 16:11:27,EMP-003,CUST-1440,BRANCH-WEST,Groceries,38.45,0.0,0.0,Credit Card,0,NONE
TX-102423,2026-07-13 16:13:56,EMP-004,CUST-3819,BRANCH-WEST,Electronics,35.47,3.5,0.0,Mobile Money,0,NONE
TX-102424,2026-07-13 16:14:30,EMP-004,CUST-3172,BRANCH-WEST,Apparel,39.55,0.0,0.0,Mobile Money,0,NONE
TX-102425,2026-07-13 16:20:28,EMP-003,CUST-1515,BRANCH-WEST,Groceries,74.57,0.0,0.0,Credit Card,0,NONE
TX-102426,2026-07-13 16:27:04,EMP-005,CUST-8074,BRANCH-CENTRAL,Electronics,36.84,0.0,0.0,Mobile Money,0,NONE
TX-102427,2026-07-13 16:31:11,EMP-008,CUST-7194,BRANCH-EAST,Groceries,76.58,3.4,0.0,Debit Card,0,NONE
TX-102428,2026-07-13 16:38:22,EMP-002,CUST-2389,BRANCH-CENTRAL,Electronics,101.4,4.8,0.0,Mobile Money,0,NONE
TX-102429,2026-07-13 16:40:49,EMP-003,CUST-5360,BRANCH-WEST,Services,100.55,0.0,0.0,Credit Card,0,NONE
TX-102430,2026-07-13 16:43:49,EMP-008,CUST-3578,BRANCH-EAST,Services,70.37,0.0,0.0,Debit Card,0,NONE
TX-102431,2026-07-13 16:44:09,EMP-007,CUST-3820,BRANCH-WEST,Services,44.76,0.0,0.0,Credit Card,0,NONE
TX-102432,2026-07-13 16:46:26,EMP-005,CUST-4508,BRANCH-CENTRAL,Groceries,52.95,6.5,0.0,Debit Card,0,NONE
TX-102433,2026-07-13 16:47:00,EMP-002,CUST-2889,BRANCH-CENTRAL,Electronics,19.47,0.0,0.0,Cash,0,NONE
TX-102434,2026-07-13 16:51:42,EMP-008,CUST-7465,BRANCH-EAST,Services,53.79,0.0,0.0,Cash,0,NONE
TX-102435,2026-07-13 16:52:08,EMP-003,CUST-9831,BRANCH-WEST,Electronics,78.72,0.0,0.0,Cash,0,NONE
TX-102436,2026-07-13 16:52:45,EMP-002,CUST-4956,BRANCH-CENTRAL,Services,45.51,0.0,0.0,Cash,0,NONE
TX-102437,2026-07-13 16:55:16,EMP-005,CUST-5278,BRANCH-CENTRAL,Apparel,71.19,0.0,0.0,Cash,0,NONE
TX-102438,2026-07-13 16:55:43,EMP-007,CUST-9036,BRANCH-WEST,Electronics,77.24,12.5,0.0,Cash,0,NONE
TX-102439,2026-07-13 17:02:45,EMP-003,CUST-8247,BRANCH-WEST,Groceries,76.03,0.0,0.0,Cash,0,NONE
TX-102440,2026-07-13 17:06:41,EMP-006,CUST-8551,BRANCH-WEST,Electronics,35.78,0.0,0.0,Credit Card,0,NONE
TX-102441,2026-07-13 17:08:37,EMP-001,CUST-1542,BRANCH-WEST,Groceries,29.89,0.0,0.0,Cash,0,NONE
TX-102442,2026-07-13 17:20:04,EMP-001,CUST-2370,BRANCH-WEST,Apparel,65.37,11.9,0.0,Cash,0,NONE
TX-102443,2026-07-13 17:25:01,EMP-002,CUST-4119,BRANCH-CENTRAL,Hardware,51.88,0.0,0.0,Credit Card,0,NONE
TX-102444,2026-07-13 17:25:29,EMP-001,CUST-1423,BRANCH-WEST,Electronics,26.28,0.0,0.0,Cash,0,NONE
TX-102445,2026-07-13 17:29:33,EMP-005,CUST-5786,BRANCH-CENTRAL,Apparel,67.85,9.5,0.0,Debit Card,0,NONE
TX-102446,2026-07-13 17:31:13,EMP-005,CUST-9046,BRANCH-CENTRAL,Services,51.19,0.0,0.0,Mobile Money,0,NONE
TX-102447,2026-07-13 17:31:33,EMP-005,CUST-9215,BRANCH-CENTRAL,Services,41.14,0.0,0.0,Debit Card,0,NONE
TX-102448,2026-07-13 17:36:19,EMP-001,CUST-9309,BRANCH-WEST,Hardware,55.62,0.0,0.0,Cash,0,NONE
TX-102449,2026-07-13 17:50:59,EMP-001,CUST-5280,BRANCH-WEST,Electronics,49.66,0.0,0.0,Cash,0,NONE
TX-102450,2026-07-13 18:05:50,EMP-006,CUST-9452,BRANCH-WEST,Apparel,78.16,0.0,0.0,Cash,0,NONE
TX-102451,2026-07-13 18:06:22,EMP-004,CUST-7766,BRANCH-WEST,Electronics,94.01,0.0,0.0,Credit Card,0,NONE
TX-102452,2026-07-13 18:10:34,EMP-006,CUST-1802,BRANCH-WEST,Apparel,33.66,0.0,0.0,Debit Card,0,NONE
TX-102453,2026-07-13 18:12:21,EMP-001,CUST-1645,BRANCH-WEST,Hardware,38.2,5.5,0.0,Debit Card,0,NONE
TX-102454,2026-07-13 18:19:21,EMP-006,CUST-1278,BRANCH-WEST,Services,36.32,0.0,0.0,Mobile Money,0,NONE
TX-102455,2026-07-13 18:19:41,EMP-003,CUST-2057,BRANCH-WEST,Groceries,148.47,0.0,0.0,Cash,0,NONE
TX-102456,2026-07-13 18:21:54,EMP-007,CUST-5142,BRANCH-WEST,Services,73.44,9.7,0.0,Cash,0,NONE
TX-102457,2026-07-13 18:25:59,EMP-005,CUST-5237,BRANCH-CENTRAL,Electronics,43.2,0.0,0.0,Mobile Money,0,NONE
TX-102458,2026-07-13 18:27:28,EMP-004,CUST-7194,BRANCH-WEST,Electronics,37.07,0.0,0.0,Credit Card,0,NONE
TX-102459,2026-07-13 18:41:51,EMP-004,CUST-3537,BRANCH-WEST,Groceries,52.9,7.8,0.0,Mobile Money,0,NONE
TX-102460,2026-07-13 18:43:38,EMP-005,CUST-7678,BRANCH-CENTRAL,Apparel,16.53,5.9,0.0,Mobile Money,0,NONE
TX-102461,2026-07-13 18:48:13,EMP-006,CUST-9656,BRANCH-WEST,Hardware,36.94,6.7,0.0,Cash,0,NONE
TX-102462,2026-07-13 18:52:33,EMP-008,CUST-1668,BRANCH-EAST,Hardware,43.13,0.0,0.0,Debit Card,0,NONE
TX-102463,2026-07-13 18:54:04,EMP-003,CUST-6811,BRANCH-WEST,Apparel,97.8,0.0,0.0,Cash,0,NONE
TX-102464,2026-07-13 18:54:36,EMP-003,CUST-7607,BRANCH-WEST,Electronics,55.91,0.0,0.0,Mobile Money,0,NONE
TX-102465,2026-07-13 18:58:14,EMP-005,CUST-4140,BRANCH-CENTRAL,Groceries,46.53,0.0,0.0,Credit Card,0,NONE
TX-102466,2026-07-13 19:06:23,EMP-007,CUST-5584,BRANCH-WEST,Apparel,48.92,0.0,0.0,Cash,0,NONE
TX-102467,2026-07-13 19:08:50,EMP-004,CUST-2785,BRANCH-WEST,Apparel,80.17,11.4,0.0,Credit Card,0,NONE
TX-102468,2026-07-13 19:09:10,EMP-006,CUST-3199,BRANCH-WEST,Hardware,67.24,0.0,0.0,Credit Card,0,NONE
TX-102469,2026-07-13 19:10:17,EMP-001,CUST-5746,BRANCH-WEST,Groceries,50.06,0.0,0.0,Mobile Money,0,NONE
TX-102470,2026-07-13 19:12:28,EMP-004,CUST-4423,BRANCH-WEST,Apparel,59.67,9.3,0.0,Cash,0,NONE
TX-102471,2026-07-13 19:13:19,EMP-007,CUST-4635,BRANCH-WEST,Electronics,25.45,0.0,0.0,Debit Card,0,NONE
TX-102472,2026-07-13 19:13:44,EMP-008,CUST-3027,BRANCH-EAST,Services,61.23,14.7,0.0,Cash,0,NONE
TX-102473,2026-07-13 19:15:24,EMP-004,CUST-9070,BRANCH-WEST,Electronics,88.18,10.7,0.0,Cash,0,NONE
TX-102474,2026-07-13 19:18:33,EMP-007,CUST-1569,BRANCH-WEST,Groceries,56.67,0.0,0.0,Debit Card,0,NONE
TX-102475,2026-07-13 19:22:02,EMP-006,CUST-7378,BRANCH-WEST,Groceries,37.21,0.0,0.0,Debit Card,0,NONE
TX-102476,2026-07-13 19:22:51,EMP-001,CUST-1174,BRANCH-WEST,Electronics,31.62,3.3,0.0,Cash,0,NONE
TX-102477,2026-07-13 19:23:11,EMP-006,CUST-7799,BRANCH-WEST,Groceries,34.52,0.0,0.0,Cash,0,NONE
TX-102478,2026-07-13 19:26:43,EMP-004,CUST-7181,BRANCH-WEST,Apparel,54.16,0.0,0.0,Credit Card,0,NONE
TX-102479,2026-07-13 19:33:33,EMP-005,CUST-2961,BRANCH-CENTRAL,Hardware,33.92,0.0,0.0,Mobile Money,0,NONE
TX-102480,2026-07-13 19:35:07,EMP-007,CUST-7027,BRANCH-WEST,Services,84.74,0.0,0.0,Cash,0,NONE
TX-102481,2026-07-13 19:36:23,EMP-002,CUST-6099,BRANCH-CENTRAL,Services,20.36,4.5,0.0,Credit Card,0,NONE
TX-102482,2026-07-13 19:36:43,EMP-002,CUST-9834,BRANCH-CENTRAL,Apparel,61.48,7.8,0.0,Cash,0,NONE
TX-102483,2026-07-13 19:40:11,EMP-003,CUST-7672,BRANCH-WEST,Electronics,121.27,11.7,0.0,Mobile Money,0,NONE
TX-102484,2026-07-13 19:45:35,EMP-002,CUST-4934,BRANCH-CENTRAL,Hardware,27.3,0.0,0.0,Cash,0,NONE
TX-102485,2026-07-13 19:47:19,EMP-002,CUST-5180,BRANCH-CENTRAL,Groceries,58.33,0.0,0.0,Credit Card,0,NONE
TX-102486,2026-07-13 19:47:51,EMP-003,CUST-9514,BRANCH-WEST,Services,76.79,0.0,0.0,Credit Card,0,NONE
TX-102487,2026-07-13 19:55:40,EMP-001,CUST-6529,BRANCH-WEST,Electronics,27.47,0.0,0.0,Debit Card,0,NONE
TX-102488,2026-07-13 20:08:49,EMP-001,CUST-9508,BRANCH-WEST,Groceries,23.55,4.5,0.0,Cash,0,NONE
TX-102489,2026-07-13 20:09:15,EMP-001,CUST-4161,BRANCH-WEST,Groceries,48.65,0.0,0.0,Debit Card,0,NONE
TX-102490,2026-07-13 20:15:57,EMP-007,CUST-2448,BRANCH-WEST,Groceries,119.97,0.0,0.0,Cash,0,NONE
TX-102491,2026-07-13 20:22:01,EMP-006,CUST-4487,BRANCH-WEST,Groceries,75.16,0.0,0.0,Credit Card,0,NONE
TX-102492,2026-07-13 20:26:52,EMP-006,CUST-6829,BRANCH-WEST,Groceries,57.23,0.0,0.0,Mobile Money,0,NONE
TX-102493,2026-07-13 20:28:12,EMP-007,CUST-2782,BRANCH-WEST,Hardware,63.4,0.0,0.0,Mobile Money,0,NONE
TX-102494,2026-07-13 20:32:17,EMP-004,CUST-9593,BRANCH-WEST,Apparel,56.75,0.0,0.0,Cash,0,NONE
TX-102495,2026-07-13 20:32:37,EMP-004,CUST-5980,BRANCH-WEST,Services,50.02,9.3,0.0,Mobile Money,0,NONE
TX-102496,2026-07-13 20:36:05,EMP-006,CUST-5889,BRANCH-WEST,Electronics,54.29,0.0,0.0,Mobile Money,0,NONE
TX-102497,2026-07-13 20:36:51,EMP-007,CUST-1755,BRANCH-WEST,Electronics,35.84,7.5,0.0,Cash,0,NONE
TX-102498,2026-07-13 20:37:55,EMP-002,CUST-7071,BRANCH-CENTRAL,Hardware,64.8,0.0,54.17,Credit Card,0,NONE
TX-102499,2026-07-13 20:38:52,EMP-002,CUST-5740,BRANCH-CENTRAL,Apparel,43.7,0.0,0.0,Debit Card,0,NONE
TX-102500,2026-07-13 20:39:29,EMP-005,CUST-3713,BRANCH-CENTRAL,Hardware,44.38,0.0,0.0,Debit Card,0,NONE
TX-102501,2026-07-13 20:49:11,EMP-007,CUST-5856,BRANCH-WEST,Services,107.45,0.0,0.0,Debit Card,0,NONE
TX-102502,2026-07-13 20:49:49,EMP-002,CUST-9555,BRANCH-CENTRAL,Apparel,25.18,12.4,0.0,Mobile Money,0,NONE
TX-102503,2026-07-13 20:50:29,EMP-003,CUST-6412,BRANCH-WEST,Services,87.58,3.3,0.0,Credit Card,0,NONE
TX-102504,2026-07-13 20:55:05,EMP-004,CUST-3869,BRANCH-WEST,Electronics,100.38,13.1,0.0,Mobile Money,0,NONE
TX-102505,2026-07-13 20:56:33,EMP-005,CUST-3314,BRANCH-CENTRAL,Hardware,56.48,0.0,0.0,Cash,0,NONE
TX-102506,2026-07-13 20:58:55,EMP-007,CUST-1376,BRANCH-WEST,Services,57.41,0.0,0.0,Cash,0,NONE
TX-102507,2026-07-14 08:19:48,EMP-007,CUST-1500,BRANCH-WEST,Hardware,50.75,5.6,0.0,Mobile Money,0,NONE
TX-102508,2026-07-14 08:21:11,EMP-004,CUST-6337,BRANCH-WEST,Services,76.68,0.0,0.0,Mobile Money,0,NONE
TX-102509,2026-07-14 08:22:20,EMP-001,CUST-5664,BRANCH-WEST,Groceries,16.36,0.0,0.0,Cash,0,NONE
TX-102510,2026-07-14 08:32:12,EMP-003,CUST-8113,BRANCH-WEST,Apparel,80.83,12.7,0.0,Debit Card,0,NONE
TX-102511,2026-07-14 08:32:38,EMP-006,CUST-9921,BRANCH-WEST,Electronics,37.63,0.0,0.0,Debit Card,0,NONE
TX-102512,2026-07-14 08:36:54,EMP-007,CUST-6647,BRANCH-WEST,Hardware,50.65,0.0,0.0,Mobile Money,0,NONE
TX-102513,2026-07-14 08:48:33,EMP-001,CUST-8895,BRANCH-WEST,Hardware,49.17,13.0,0.0,Mobile Money,0,NONE
TX-102514,2026-07-14 08:53:04,EMP-006,CUST-6518,BRANCH-WEST,Groceries,28.29,0.0,0.0,Credit Card,0,NONE
TX-102515,2026-07-14 08:54:30,EMP-007,CUST-9871,BRANCH-WEST,Electronics,39.69,12.6,0.0,Credit Card,0,NONE
TX-102516,2026-07-14 08:54:53,EMP-001,CUST-1482,BRANCH-WEST,Electronics,72.71,0.0,0.0,Cash,0,NONE
TX-102517,2026-07-14 08:55:29,EMP-007,CUST-7400,BRANCH-WEST,Hardware,44.15,3.7,0.0,Debit Card,0,NONE
TX-102518,2026-07-14 08:56:02,EMP-004,CUST-2229,BRANCH-WEST,Groceries,31.01,0.0,0.0,Credit Card,0,NONE
TX-102519,2026-07-14 08:56:26,EMP-001,CUST-1785,BRANCH-WEST,Groceries,50.34,0.0,0.0,Credit Card,0,NONE
TX-102520,2026-07-14 08:57:09,EMP-002,CUST-5801,BRANCH-CENTRAL,Services,80.52,11.9,0.0,Debit Card,0,NONE
TX-102521,2026-07-14 09:00:13,EMP-003,CUST-9549,BRANCH-WEST,Electronics,36.64,0.0,0.0,Debit Card,0,NONE
TX-102522,2026-07-14 09:04:44,EMP-003,CUST-1824,BRANCH-WEST,Apparel,102.91,6.4,42.15,Debit Card,0,NONE
TX-102523,2026-07-14 09:05:58,EMP-005,CUST-7401,BRANCH-CENTRAL,Electronics,85.74,14.3,0.0,Debit Card,0,NONE
TX-102524,2026-07-14 09:06:18,EMP-007,CUST-3130,BRANCH-WEST,Services,80.21,3.2,0.0,Debit Card,0,NONE
TX-102525,2026-07-14 09:09:40,EMP-008,CUST-7299,BRANCH-EAST,Groceries,64.11,0.0,0.0,Cash,0,NONE
TX-102526,2026-07-14 09:16:48,EMP-005,CUST-1372,BRANCH-CENTRAL,Hardware,72.37,0.0,0.0,Credit Card,0,NONE
TX-102527,2026-07-14 09:32:26,EMP-002,CUST-4199,BRANCH-CENTRAL,Electronics,75.38,5.8,0.0,Credit Card,0,NONE
TX-102528,2026-07-14 09:49:23,EMP-006,CUST-3805,BRANCH-WEST,Electronics,26.29,0.0,0.0,Cash,0,NONE
TX-102529,2026-07-14 09:55:47,EMP-008,CUST-9924,BRANCH-EAST,Groceries,96.33,0.0,0.0,Mobile Money,0,NONE
TX-102530,2026-07-14 09:56:14,EMP-002,CUST-2287,BRANCH-CENTRAL,Services,46.51,7.6,0.0,Debit Card,0,NONE
TX-102531,2026-07-14 09:58:09,EMP-004,CUST-9409,BRANCH-WEST,Apparel,53.95,8.9,0.0,Credit Card,0,NONE
TX-102532,2026-07-14 10:02:08,EMP-007,CUST-2986,BRANCH-WEST,Electronics,23.85,3.9,0.0,Credit Card,0,NONE
TX-102533,2026-07-14 10:03:37,EMP-005,CUST-5335,BRANCH-CENTRAL,Services,18.56,14.5,0.0,Credit Card,0,NONE
TX-102534,2026-07-14 10:09:21,EMP-001,CUST-3307,BRANCH-WEST,Hardware,41.87,0.0,0.0,Cash,0,NONE
TX-102535,2026-07-14 10:14:41,EMP-007,CUST-5512,BRANCH-WEST,Apparel,49.18,0.0,0.0,Mobile Money,0,NONE
TX-102536,2026-07-14 10:15:50,EMP-005,CUST-2664,BRANCH-CENTRAL,Hardware,41.84,0.0,0.0,Mobile Money,0,NONE
TX-102537,2026-07-14 10:25:33,EMP-008,CUST-9186,BRANCH-EAST,Services,60.54,5.2,13.97,Cash,0,NONE
TX-102538,2026-07-14 10:29:33,EMP-008,CUST-9785,BRANCH-EAST,Electronics,43.76,5.3,0.0,Debit Card,0,NONE
TX-102539,2026-07-14 10:34:37,EMP-003,CUST-9947,BRANCH-WEST,Apparel,95.72,0.0,0.0,Debit Card,0,NONE
TX-102540,2026-07-14 10:34:57,EMP-004,CUST-7979,BRANCH-WEST,Electronics,99.61,0.0,0.0,Cash,0,NONE
TX-102541,2026-07-14 10:35:34,EMP-003,CUST-9904,BRANCH-WEST,Apparel,34.02,0.0,0.0,Debit Card,0,NONE
TX-102542,2026-07-14 10:42:29,EMP-001,CUST-9074,BRANCH-WEST,Services,54.04,0.0,0.0,Debit Card,0,NONE
TX-102543,2026-07-14 10:44:33,EMP-002,CUST-8431,BRANCH-CENTRAL,Hardware,25.41,0.0,0.0,Debit Card,0,NONE
TX-102544,2026-07-14 10:48:10,EMP-004,CUST-7636,BRANCH-WEST,Services,46.48,0.0,0.0,Cash,0,NONE
TX-102545,2026-07-14 10:55:01,EMP-006,CUST-1036,BRANCH-WEST,Hardware,52.22,0.0,0.0,Mobile Money,0,NONE
TX-102546,2026-07-14 11:24:22,EMP-003,CUST-4668,BRANCH-WEST,Apparel,47.45,0.0,0.0,Debit Card,0,NONE
TX-102547,2026-07-14 11:28:42,EMP-006,CUST-1243,BRANCH-WEST,Apparel,29.39,0.0,0.0,Cash,0,NONE
TX-102548,2026-07-14 11:42:09,EMP-005,CUST-7634,BRANCH-CENTRAL,Services,44.42,3.9,0.0,Mobile Money,0,NONE
TX-102549,2026-07-14 11:48:29,EMP-002,CUST-3273,BRANCH-CENTRAL,Apparel,64.65,0.0,0.0,Cash,0,NONE
TX-102550,2026-07-14 11:49:04,EMP-005,CUST-4853,BRANCH-CENTRAL,Hardware,35.27,0.0,0.0,Cash,0,NONE
TX-102551,2026-07-14 11:49:29,EMP-003,CUST-3078,BRANCH-WEST,Groceries,44.1,0.0,0.0,Mobile Money,0,NONE
TX-102552,2026-07-14 11:50:45,EMP-007,CUST-5108,BRANCH-WEST,Services,42.31,0.0,0.0,Credit Card,0,NONE
TX-102553,2026-07-14 11:51:07,EMP-006,CUST-9391,BRANCH-WEST,Services,72.57,0.0,0.0,Credit Card,0,NONE
TX-102554,2026-07-14 11:52:47,EMP-006,CUST-8403,BRANCH-WEST,Services,43.5,0.0,0.0,Cash,0,NONE
TX-102555,2026-07-14 11:54:56,EMP-008,CUST-2501,BRANCH-EAST,Apparel,70.61,0.0,0.0,Debit Card,0,NONE
TX-102556,2026-07-14 11:55:39,EMP-008,CUST-7397,BRANCH-EAST,Hardware,57.85,12.2,0.0,Cash,0,NONE
TX-102557,2026-07-14 11:55:59,EMP-008,CUST-5503,BRANCH-EAST,Hardware,62.35,0.0,0.0,Cash,0,NONE
TX-102558,2026-07-14 11:56:29,EMP-008,CUST-9108,BRANCH-EAST,Services,93.39,0.0,0.0,Mobile Money,0,NONE
TX-102559,2026-07-14 11:59:13,EMP-007,CUST-9287,BRANCH-WEST,Hardware,55.07,0.0,0.0,Mobile Money,0,NONE
TX-102560,2026-07-14 12:06:37,EMP-006,CUST-9456,BRANCH-WEST,Services,95.52,14.9,0.0,Credit Card,0,NONE
TX-102561,2026-07-14 12:11:52,EMP-001,CUST-7530,BRANCH-WEST,Electronics,32.07,0.0,0.0,Credit Card,0,NONE
TX-102562,2026-07-14 12:12:37,EMP-001,CUST-5412,BRANCH-WEST,Groceries,72.89,0.0,0.0,Debit Card,0,NONE
TX-102563,2026-07-14 12:12:57,EMP-007,CUST-6437,BRANCH-WEST,Hardware,27.84,0.0,0.0,Cash,0,NONE
TX-102564,2026-07-14 12:14:44,EMP-003,CUST-5580,BRANCH-WEST,Services,68.92,12.0,0.0,Credit Card,0,NONE
TX-102565,2026-07-14 12:17:18,EMP-005,CUST-3990,BRANCH-CENTRAL,Services,44.51,0.0,0.0,Mobile Money,0,NONE
TX-102566,2026-07-14 12:24:04,EMP-003,CUST-6783,BRANCH-WEST,Services,119.97,0.0,0.0,Mobile Money,0,NONE
TX-102567,2026-07-14 12:27:41,EMP-005,CUST-7412,BRANCH-CENTRAL,Electronics,38.45,0.0,0.0,Cash,0,NONE
TX-102568,2026-07-14 12:36:23,EMP-006,CUST-7633,BRANCH-WEST,Electronics,93.56,0.0,0.0,Credit Card,0,NONE
TX-102569,2026-07-14 12:40:21,EMP-003,CUST-9733,BRANCH-WEST,Apparel,33.25,0.0,0.0,Mobile Money,0,NONE
TX-102570,2026-07-14 12:42:30,EMP-006,CUST-7374,BRANCH-WEST,Electronics,30.88,0.0,0.0,Mobile Money,0,NONE
TX-102571,2026-07-14 12:47:49,EMP-004,CUST-6625,BRANCH-WEST,Services,38.38,0.0,0.0,Cash,0,NONE
TX-102572,2026-07-14 12:49:21,EMP-004,CUST-9265,BRANCH-WEST,Groceries,29.51,0.0,0.0,Credit Card,0,NONE
TX-102573,2026-07-14 13:02:12,EMP-001,CUST-9022,BRANCH-WEST,Services,39.85,0.0,0.0,Credit Card,0,NONE
TX-102574,2026-07-14 13:09:49,EMP-001,CUST-6250,BRANCH-WEST,Hardware,35.01,0.0,0.0,Credit Card,0,NONE
TX-102575,2026-07-14 13:15:33,EMP-004,CUST-1124,BRANCH-WEST,Electronics,82.71,0.0,0.0,Cash,0,NONE
TX-102576,2026-07-14 13:16:10,EMP-002,CUST-8884,BRANCH-CENTRAL,Services,25.93,0.0,0.0,Credit Card,0,NONE
TX-102577,2026-07-14 13:19:05,EMP-004,CUST-5409,BRANCH-WEST,Groceries,144.34,7.4,0.0,Cash,0,NONE
TX-102578,2026-07-14 13:19:25,EMP-006,CUST-5811,BRANCH-WEST,Hardware,90.45,12.9,0.0,Mobile Money,0,NONE
TX-102579,2026-07-14 13:21:45,EMP-003,CUST-6998,BRANCH-WEST,Services,49.63,0.0,0.0,Debit Card,0,NONE
TX-102580,2026-07-14 13:27:01,EMP-002,CUST-4901,BRANCH-CENTRAL,Hardware,59.43,0.0,0.0,Cash,0,NONE
TX-102581,2026-07-14 13:30:34,EMP-005,CUST-3452,BRANCH-CENTRAL,Groceries,34.24,0.0,0.0,Cash,0,NONE
TX-102582,2026-07-14 13:31:30,EMP-001,CUST-6797,BRANCH-WEST,Electronics,52.62,0.0,0.0,Cash,0,NONE
TX-102583,2026-07-14 13:38:35,EMP-008,CUST-1985,BRANCH-EAST,Services,37.27,0.0,0.0,Debit Card,0,NONE
TX-102584,2026-07-14 13:40:43,EMP-001,CUST-5451,BRANCH-WEST,Apparel,51.69,13.1,0.0,Credit Card,0,NONE
TX-102585,2026-07-14 13:45:08,EMP-007,CUST-3667,BRANCH-WEST,Electronics,43.34,0.0,0.0,Debit Card,0,NONE
TX-102586,2026-07-14 13:47:30,EMP-007,CUST-1956,BRANCH-WEST,Apparel,27.0,0.0,0.0,Debit Card,0,NONE
TX-102587,2026-07-14 13:51:26,EMP-008,CUST-9829,BRANCH-EAST,Hardware,65.61,0.0,0.0,Mobile Money,0,NONE
TX-102588,2026-07-14 13:53:12,EMP-008,CUST-6535,BRANCH-EAST,Services,67.16,0.0,0.0,Credit Card,0,NONE
TX-102589,2026-07-14 13:55:51,EMP-006,CUST-7913,BRANCH-WEST,Apparel,46.54,0.0,0.0,Credit Card,0,NONE
TX-102590,2026-07-14 13:59:11,EMP-003,CUST-9225,BRANCH-WEST,Electronics,141.95,0.0,0.0,Cash,0,NONE
TX-102591,2026-07-14 14:02:42,EMP-002,CUST-8014,BRANCH-CENTRAL,Apparel,36.85,14.2,6.25,Mobile Money,0,NONE
TX-102592,2026-07-14 14:05:24,EMP-005,CUST-7103,BRANCH-CENTRAL,Electronics,41.21,0.0,0.0,Cash,0,NONE
TX-102593,2026-07-14 14:06:31,EMP-004,CUST-3148,BRANCH-WEST,Groceries,27.95,0.0,0.0,Cash,0,NONE
TX-102594,2026-07-14 14:16:22,EMP-004,CUST-1091,BRANCH-WEST,Apparel,61.2,0.0,0.0,Mobile Money,0,NONE
TX-102595,2026-07-14 14:19:24,EMP-007,CUST-3984,BRANCH-WEST,Groceries,48.76,0.0,0.0,Debit Card,0,NONE
TX-102596,2026-07-14 14:23:23,EMP-007,CUST-9038,BRANCH-WEST,Electronics,31.92,0.0,0.0,Mobile Money,0,NONE
TX-102597,2026-07-14 14:25:16,EMP-007,CUST-8356,BRANCH-WEST,Hardware,54.77,0.0,0.0,Debit Card,0,NONE
TX-102598,2026-07-14 14:25:41,EMP-003,CUST-1104,BRANCH-WEST,Electronics,42.9,0.0,0.0,Mobile Money,0,NONE
TX-102599,2026-07-14 14:31:42,EMP-006,CUST-5717,BRANCH-WEST,Electronics,110.87,0.0,0.0,Mobile Money,0,NONE
TX-102600,2026-07-14 14:32:41,EMP-003,CUST-9902,BRANCH-WEST,Groceries,55.87,0.0,0.0,Cash,0,NONE
TX-102601,2026-07-14 14:43:07,EMP-003,CUST-4279,BRANCH-WEST,Services,38.37,13.1,15.17,Cash,0,NONE
TX-102602,2026-07-14 14:48:04,EMP-001,CUST-7179,BRANCH-WEST,Groceries,50.73,0.0,0.0,Debit Card,0,NONE
TX-102603,2026-07-14 14:48:25,EMP-005,CUST-9020,BRANCH-CENTRAL,Electronics,13.61,9.6,0.0,Mobile Money,0,NONE
TX-102604,2026-07-14 15:05:06,EMP-008,CUST-7619,BRANCH-EAST,Services,38.65,0.0,0.0,Mobile Money,0,NONE
TX-102605,2026-07-14 15:08:37,EMP-003,CUST-6735,BRANCH-WEST,Hardware,99.44,0.0,0.0,Credit Card,0,NONE
TX-102606,2026-07-14 15:09:04,EMP-005,CUST-8927,BRANCH-CENTRAL,Electronics,25.15,0.0,0.0,Cash,0,NONE
TX-102607,2026-07-14 15:14:07,EMP-006,CUST-3333,BRANCH-WEST,Services,59.7,12.8,0.0,Debit Card,0,NONE
TX-102608,2026-07-14 15:20:06,EMP-007,CUST-4950,BRANCH-WEST,Groceries,82.41,0.0,0.0,Mobile Money,0,NONE
TX-102609,2026-07-14 15:29:01,EMP-008,CUST-2981,BRANCH-EAST,Hardware,136.19,8.5,0.0,Debit Card,0,NONE
TX-102610,2026-07-14 15:29:21,EMP-004,CUST-4049,BRANCH-WEST,Groceries,30.59,0.0,0.0,Mobile Money,0,NONE
TX-102611,2026-07-14 15:47:02,EMP-007,CUST-3804,BRANCH-WEST,Groceries,36.31,0.0,0.0,Cash,0,NONE
TX-102612,2026-07-14 15:49:00,EMP-005,CUST-4871,BRANCH-CENTRAL,Services,66.36,0.0,0.0,Mobile Money,0,NONE
TX-102613,2026-07-14 15:49:57,EMP-006,CUST-6958,BRANCH-WEST,Electronics,71.43,0.0,0.0,Mobile Money,0,NONE
TX-102614,2026-07-14 15:51:02,EMP-006,CUST-6047,BRANCH-WEST,Apparel,32.03,0.0,0.0,Debit Card,0,NONE
TX-102615,2026-07-14 15:52:06,EMP-008,CUST-4585,BRANCH-EAST,Electronics,32.72,0.0,0.0,Cash,0,NONE
TX-102616,2026-07-14 15:52:26,EMP-006,CUST-5276,BRANCH-WEST,Apparel,24.24,0.0,0.0,Debit Card,0,NONE
TX-102617,2026-07-14 15:52:46,EMP-002,CUST-3956,BRANCH-CENTRAL,Hardware,25.06,0.0,0.0,Debit Card,0,NONE
TX-102618,2026-07-14 15:57:19,EMP-001,CUST-4060,BRANCH-WEST,Services,34.56,3.8,0.0,Mobile Money,0,NONE
TX-102619,2026-07-14 15:58:00,EMP-008,CUST-9634,BRANCH-EAST,Hardware,76.11,0.0,0.0,Credit Card,0,NONE
TX-102620,2026-07-14 16:04:14,EMP-003,CUST-9502,BRANCH-WEST,Electronics,51.98,3.3,0.0,Cash,0,NONE
TX-102621,2026-07-14 16:08:07,EMP-003,CUST-6968,BRANCH-WEST,Hardware,68.32,0.0,0.0,Cash,0,NONE
TX-102622,2026-07-14 16:09:35,EMP-004,CUST-3838,BRANCH-WEST,Groceries,92.51,0.0,0.0,Debit Card,0,NONE
TX-102623,2026-07-14 16:16:14,EMP-008,CUST-9497,BRANCH-EAST,Services,50.85,0.0,0.0,Credit Card,0,NONE
TX-102624,2026-07-14 16:18:16,EMP-004,CUST-7098,BRANCH-WEST,Services,49.08,0.0,0.0,Debit Card,0,NONE
TX-102625,2026-07-14 16:24:10,EMP-001,CUST-1662,BRANCH-WEST,Electronics,51.41,14.7,0.0,Debit Card,0,NONE
TX-102626,2026-07-14 16:26:48,EMP-002,CUST-6254,BRANCH-CENTRAL,Groceries,54.77,0.0,0.0,Mobile Money,0,NONE
TX-102627,2026-07-14 16:27:41,EMP-004,CUST-2533,BRANCH-WEST,Groceries,66.37,0.0,0.0,Mobile Money,0,NONE
TX-102628,2026-07-14 16:34:13,EMP-006,CUST-1393,BRANCH-WEST,Groceries,34.87,0.0,0.0,Mobile Money,0,NONE
TX-102629,2026-07-14 16:46:23,EMP-001,CUST-4216,BRANCH-WEST,Groceries,55.77,0.0,0.0,Cash,0,NONE
TX-102630,2026-07-14 16:46:43,EMP-004,CUST-9189,BRANCH-WEST,Groceries,54.91,0.0,0.0,Debit Card,0,NONE
TX-102631,2026-07-14 16:50:08,EMP-001,CUST-3472,BRANCH-WEST,Electronics,23.22,4.9,0.0,Debit Card,0,NONE
TX-102632,2026-07-14 16:54:16,EMP-007,CUST-8644,BRANCH-WEST,Electronics,52.67,10.3,0.0,Cash,0,NONE
TX-102633,2026-07-14 17:05:02,EMP-002,CUST-2846,BRANCH-CENTRAL,Hardware,38.84,0.0,0.0,Mobile Money,0,NONE
TX-102634,2026-07-14 17:09:25,EMP-001,CUST-2981,BRANCH-WEST,Services,15.8,0.0,0.0,Credit Card,0,NONE
TX-102635,2026-07-14 17:12:10,EMP-008,CUST-5074,BRANCH-EAST,Electronics,174.32,0.0,0.0,Mobile Money,0,NONE
TX-102636,2026-07-14 17:12:30,EMP-001,CUST-5810,BRANCH-WEST,Services,40.08,7.6,0.0,Cash,0,NONE
TX-102637,2026-07-14 17:18:17,EMP-003,CUST-8460,BRANCH-WEST,Apparel,158.73,0.0,0.0,Credit Card,0,NONE
TX-102638,2026-07-14 17:20:56,EMP-003,CUST-2645,BRANCH-WEST,Groceries,77.61,0.0,0.0,Debit Card,0,NONE
TX-102639,2026-07-14 17:21:41,EMP-003,CUST-6523,BRANCH-WEST,Groceries,41.92,0.0,0.0,Mobile Money,0,NONE
TX-102640,2026-07-14 17:29:55,EMP-003,CUST-5697,BRANCH-WEST,Hardware,39.68,13.1,0.0,Credit Card,0,NONE
TX-102641,2026-07-14 17:43:01,EMP-006,CUST-7234,BRANCH-WEST,Groceries,50.46,0.0,0.0,Cash,0,NONE
TX-102642,2026-07-14 17:45:56,EMP-004,CUST-6656,BRANCH-WEST,Electronics,56.59,0.0,0.0,Cash,0,NONE
TX-102643,2026-07-14 17:47:06,EMP-002,CUST-4749,BRANCH-CENTRAL,Hardware,32.77,6.3,0.0,Credit Card,0,NONE
TX-102644,2026-07-14 17:53:36,EMP-006,CUST-9841,BRANCH-WEST,Apparel,10.65,0.0,0.0,Mobile Money,0,NONE
TX-102645,2026-07-14 17:59:12,EMP-004,CUST-1443,BRANCH-WEST,Apparel,54.97,0.0,0.0,Mobile Money,0,NONE
TX-102646,2026-07-14 17:59:46,EMP-001,CUST-3307,BRANCH-WEST,Hardware,96.99,0.0,0.0,Credit Card,0,NONE
TX-102647,2026-07-14 18:00:08,EMP-003,CUST-8853,BRANCH-WEST,Electronics,160.95,0.0,0.0,Mobile Money,0,NONE
TX-102648,2026-07-14 18:02:17,EMP-001,CUST-8259,BRANCH-WEST,Groceries,51.33,0.0,0.0,Cash,0,NONE
TX-102649,2026-07-14 18:02:50,EMP-007,CUST-4738,BRANCH-WEST,Electronics,43.83,6.4,0.0,Cash,0,NONE
TX-102650,2026-07-14 18:07:55,EMP-006,CUST-6233,BRANCH-WEST,Apparel,48.08,0.0,0.0,Cash,0,NONE
TX-102651,2026-07-14 18:09:40,EMP-004,CUST-5676,BRANCH-WEST,Groceries,36.0,4.5,0.0,Debit Card,0,NONE
TX-102652,2026-07-14 18:15:53,EMP-008,CUST-8396,BRANCH-EAST,Apparel,90.72,0.0,0.0,Cash,0,NONE
TX-102653,2026-07-14 18:16:57,EMP-006,CUST-8255,BRANCH-WEST,Services,24.31,0.0,0.0,Credit Card,0,NONE
TX-102654,2026-07-14 18:21:57,EMP-005,CUST-7965,BRANCH-CENTRAL,Electronics,49.83,0.0,0.0,Cash,0,NONE
TX-102655,2026-07-14 18:22:29,EMP-003,CUST-5114,BRANCH-WEST,Hardware,102.42,0.0,0.0,Cash,0,NONE
TX-102656,2026-07-14 18:24:42,EMP-002,CUST-9424,BRANCH-CENTRAL,Groceries,54.93,3.3,0.0,Debit Card,0,NONE
TX-102657,2026-07-14 18:30:23,EMP-004,CUST-2644,BRANCH-WEST,Hardware,35.53,0.0,0.0,Cash,0,NONE
TX-102658,2026-07-14 18:30:49,EMP-008,CUST-3652,BRANCH-EAST,Hardware,124.29,0.0,0.0,Cash,0,NONE
TX-102659,2026-07-14 18:41:49,EMP-006,CUST-8336,BRANCH-WEST,Groceries,43.47,3.4,0.0,Credit Card,0,NONE
TX-102660,2026-07-14 18:44:41,EMP-001,CUST-8593,BRANCH-WEST,Groceries,40.36,3.5,0.0,Mobile Money,0,NONE
TX-102661,2026-07-14 18:46:41,EMP-001,CUST-8568,BRANCH-WEST,Electronics,52.52,0.0,0.0,Credit Card,0,NONE
TX-102662,2026-07-14 18:54:13,EMP-006,CUST-9694,BRANCH-WEST,Apparel,9.84,0.0,0.0,Debit Card,0,NONE
TX-102663,2026-07-14 18:56:54,EMP-003,CUST-2871,BRANCH-WEST,Electronics,44.73,9.8,0.0,Credit Card,0,NONE
TX-102664,2026-07-14 19:04:24,EMP-008,CUST-7978,BRANCH-EAST,Hardware,57.84,0.0,0.0,Mobile Money,0,NONE
TX-102665,2026-07-14 19:06:01,EMP-002,CUST-1089,BRANCH-CENTRAL,Apparel,74.26,11.1,0.0,Mobile Money,0,NONE
TX-102666,2026-07-14 19:08:43,EMP-007,CUST-3565,BRANCH-WEST,Hardware,26.3,0.0,0.0,Debit Card,0,NONE
TX-102667,2026-07-14 19:15:02,EMP-007,CUST-3439,BRANCH-WEST,Groceries,62.52,0.0,0.0,Mobile Money,0,NONE
TX-102668,2026-07-14 19:17:41,EMP-003,CUST-8782,BRANCH-WEST,Groceries,46.46,14.8,0.0,Debit Card,0,NONE
TX-102669,2026-07-14 19:18:46,EMP-002,CUST-6088,BRANCH-CENTRAL,Apparel,38.22,0.0,7.25,Cash,0,NONE
TX-102670,2026-07-14 19:30:41,EMP-001,CUST-8322,BRANCH-WEST,Services,26.5,0.0,0.0,Credit Card,0,NONE
TX-102671,2026-07-14 19:33:09,EMP-001,CUST-1321,BRANCH-WEST,Apparel,31.21,0.0,0.0,Cash,0,NONE
TX-102672,2026-07-14 19:34:37,EMP-005,CUST-1049,BRANCH-CENTRAL,Apparel,43.28,15.0,0.0,Mobile Money,0,NONE
TX-102673,2026-07-14 19:37:45,EMP-001,CUST-5186,BRANCH-WEST,Services,37.11,0.0,0.0,Credit Card,0,NONE
TX-102674,2026-07-14 19:40:57,EMP-008,CUST-7471,BRANCH-EAST,Services,48.06,0.0,0.0,Mobile Money,0,NONE
TX-102675,2026-07-14 19:54:25,EMP-002,CUST-4254,BRANCH-CENTRAL,Hardware,17.51,0.0,0.0,Debit Card,0,NONE
TX-102676,2026-07-14 19:56:18,EMP-007,CUST-5794,BRANCH-WEST,Groceries,35.16,0.0,0.0,Cash,0,NONE
TX-102677,2026-07-14 19:58:44,EMP-003,CUST-4543,BRANCH-WEST,Hardware,44.87,0.0,0.0,Debit Card,0,NONE
TX-102678,2026-07-14 20:04:26,EMP-005,CUST-5067,BRANCH-CENTRAL,Electronics,59.69,0.0,0.0,Debit Card,0,NONE
TX-102679,2026-07-14 20:04:46,EMP-003,CUST-4455,BRANCH-WEST,Services,42.52,0.0,0.0,Cash,0,NONE
TX-102680,2026-07-14 20:06:56,EMP-008,CUST-1240,BRANCH-EAST,Groceries,49.72,0.0,0.0,Mobile Money,0,NONE
TX-102681,2026-07-14 20:10:15,EMP-007,CUST-3286,BRANCH-WEST,Groceries,87.09,3.6,0.0,Mobile Money,0,NONE
TX-102682,2026-07-14 20:11:10,EMP-002,CUST-2458,BRANCH-CENTRAL,Hardware,37.44,4.9,0.0,Cash,0,NONE
TX-102683,2026-07-14 20:19:27,EMP-005,CUST-2557,BRANCH-CENTRAL,Services,53.4,0.0,0.0,Mobile Money,0,NONE
TX-102684,2026-07-14 20:21:11,EMP-006,CUST-9404,BRANCH-WEST,Services,28.14,0.0,0.0,Debit Card,0,NONE
TX-102685,2026-07-14 20:30:38,EMP-003,CUST-2834,BRANCH-WEST,Groceries,108.8,0.0,0.0,Credit Card,0,NONE
TX-102686,2026-07-14 20:31:10,EMP-001,CUST-2156,BRANCH-WEST,Services,38.95,0.0,0.0,Credit Card,0,NONE
TX-102687,2026-07-14 20:31:30,EMP-003,CUST-3633,BRANCH-WEST,Groceries,35.55,0.0,0.0,Credit Card,0,NONE
TX-102688,2026-07-14 20:32:22,EMP-004,CUST-8214,BRANCH-WEST,Services,70.45,0.0,0.0,Mobile Money,0,NONE
TX-102689,2026-07-14 20:35:30,EMP-001,CUST-1420,BRANCH-WEST,Apparel,36.08,0.0,0.0,Credit Card,0,NONE
TX-102690,2026-07-14 20:36:45,EMP-008,CUST-2535,BRANCH-EAST,Electronics,105.98,0.0,0.0,Cash,0,NONE
TX-102691,2026-07-14 20:54:50,EMP-005,CUST-7606,BRANCH-CENTRAL,Groceries,78.89,0.0,0.0,Mobile Money,0,NONE
TX-102692,2026-07-14 20:56:03,EMP-008,CUST-5430,BRANCH-EAST,Electronics,56.83,0.0,0.0,Mobile Money,0,NONE
TX-102693,2026-07-14 20:56:31,EMP-008,CUST-7424,BRANCH-EAST,Services,71.93,0.0,0.0,Debit Card,0,NONE
TX-102694,2026-07-14 20:56:51,EMP-001,CUST-5376,BRANCH-WEST,Groceries,40.36,0.0,0.0,Cash,0,NONE
TX-102695,2026-07-14 20:58:16,EMP-005,CUST-2448,BRANCH-CENTRAL,Services,86.62,0.0,0.0,Cash,0,NONE
TX-102696,2026-07-14 20:58:55,EMP-008,CUST-5065,BRANCH-EAST,Electronics,46.28,0.0,0.0,Mobile Money,0,NONE
TX-102697,2026-07-15 08:15:46,EMP-007,CUST-6800,BRANCH-WEST,Groceries,26.97,0.0,0.0,Debit Card,0,NONE
TX-102698,2026-07-15 08:18:52,EMP-003,CUST-5798,BRANCH-WEST,Groceries,59.1,0.0,0.0,Credit Card,0,NONE
TX-102699,2026-07-15 08:29:41,EMP-007,CUST-7287,BRANCH-WEST,Services,34.82,6.2,0.0,Cash,0,NONE
TX-102700,2026-07-15 08:33:44,EMP-005,CUST-8422,BRANCH-CENTRAL,Services,41.3,0.0,0.0,Cash,0,NONE
TX-102701,2026-07-15 08:35:31,EMP-003,CUST-6538,BRANCH-WEST,Groceries,121.54,0.0,0.0,Credit Card,0,NONE
TX-102702,2026-07-15 08:35:58,EMP-004,CUST-7662,BRANCH-WEST,Apparel,59.27,0.0,0.0,Mobile Money,0,NONE
TX-102703,2026-07-15 08:36:42,EMP-005,CUST-9759,BRANCH-CENTRAL,Hardware,52.88,0.0,0.0,Cash,0,NONE
TX-102704,2026-07-15 08:39:34,EMP-007,CUST-3252,BRANCH-WEST,Apparel,148.28,0.0,0.0,Debit Card,0,NONE
TX-102705,2026-07-15 08:51:15,EMP-002,CUST-7961,BRANCH-CENTRAL,Groceries,39.5,0.0,0.0,Credit Card,0,NONE
TX-102706,2026-07-15 08:54:43,EMP-002,CUST-4513,BRANCH-CENTRAL,Groceries,32.99,0.0,0.0,Mobile Money,0,NONE
TX-102707,2026-07-15 08:55:03,EMP-006,CUST-3674,BRANCH-WEST,Electronics,44.07,0.0,0.0,Mobile Money,0,NONE
TX-102708,2026-07-15 08:55:52,EMP-008,CUST-7678,BRANCH-EAST,Groceries,49.68,0.0,0.0,Cash,0,NONE
TX-102709,2026-07-15 09:03:06,EMP-005,CUST-6262,BRANCH-CENTRAL,Services,53.42,0.0,0.0,Cash,0,NONE
TX-102710,2026-07-15 09:03:46,EMP-003,CUST-6903,BRANCH-WEST,Apparel,40.35,0.0,0.0,Credit Card,0,NONE
TX-102711,2026-07-15 09:05:37,EMP-002,CUST-2595,BRANCH-CENTRAL,Hardware,30.25,0.0,0.0,Mobile Money,0,NONE
TX-102712,2026-07-15 09:06:47,EMP-005,CUST-5482,BRANCH-CENTRAL,Groceries,13.92,0.0,0.0,Cash,0,NONE
TX-102713,2026-07-15 09:24:01,EMP-008,CUST-8933,BRANCH-EAST,Groceries,58.68,0.0,0.0,Credit Card,0,NONE
TX-102714,2026-07-15 09:24:21,EMP-001,CUST-9957,BRANCH-WEST,Services,31.02,0.0,0.0,Debit Card,0,NONE
TX-102715,2026-07-15 09:31:35,EMP-008,CUST-3383,BRANCH-EAST,Groceries,72.11,0.0,0.0,Debit Card,0,NONE
TX-102716,2026-07-15 09:34:27,EMP-002,CUST-4710,BRANCH-CENTRAL,Apparel,141.18,0.0,0.0,Debit Card,0,NONE
TX-102717,2026-07-15 09:35:11,EMP-005,CUST-9944,BRANCH-CENTRAL,Hardware,73.92,0.0,0.0,Mobile Money,0,NONE
TX-102718,2026-07-15 09:36:03,EMP-007,CUST-8214,BRANCH-WEST,Apparel,76.55,0.0,0.0,Credit Card,0,NONE
TX-102719,2026-07-15 09:36:59,EMP-002,CUST-6362,BRANCH-CENTRAL,Apparel,20.6,0.0,0.0,Cash,0,NONE
TX-102720,2026-07-15 09:37:28,EMP-002,CUST-3033,BRANCH-CENTRAL,Services,57.14,10.2,0.0,Debit Card,0,NONE
TX-102721,2026-07-15 09:38:52,EMP-006,CUST-5036,BRANCH-WEST,Hardware,56.62,0.0,0.0,Cash,0,NONE
TX-102722,2026-07-15 09:39:26,EMP-002,CUST-8773,BRANCH-CENTRAL,Groceries,53.67,0.0,0.0,Mobile Money,0,NONE
TX-102723,2026-07-15 09:43:33,EMP-007,CUST-4393,BRANCH-WEST,Hardware,36.14,0.0,0.0,Mobile Money,0,NONE
TX-102724,2026-07-15 09:49:39,EMP-002,CUST-9432,BRANCH-CENTRAL,Services,47.45,0.0,0.0,Cash,0,NONE
TX-102725,2026-07-15 09:50:19,EMP-007,CUST-8954,BRANCH-WEST,Groceries,61.74,10.1,0.0,Credit Card,0,NONE
TX-102726,2026-07-15 09:51:25,EMP-003,CUST-5894,BRANCH-WEST,Services,53.38,0.0,0.0,Cash,0,NONE
TX-102727,2026-07-15 09:51:45,EMP-005,CUST-7165,BRANCH-CENTRAL,Hardware,55.49,0.0,0.0,Debit Card,0,NONE
TX-102728,2026-07-15 09:56:36,EMP-007,CUST-9151,BRANCH-WEST,Hardware,72.55,12.5,0.0,Cash,0,NONE
TX-102729,2026-07-15 10:00:48,EMP-005,CUST-6156,BRANCH-CENTRAL,Hardware,40.97,0.0,0.0,Debit Card,0,NONE
TX-102730,2026-07-15 10:01:10,EMP-006,CUST-9806,BRANCH-WEST,Groceries,27.23,0.0,0.0,Credit Card,0,NONE
TX-102731,2026-07-15 10:01:30,EMP-006,CUST-4616,BRANCH-WEST,Electronics,20.1,0.0,0.0,Cash,0,NONE
TX-102732,2026-07-15 10:04:14,EMP-007,CUST-3143,BRANCH-WEST,Electronics,46.18,0.0,0.0,Debit Card,0,NONE
TX-102733,2026-07-15 10:05:57,EMP-007,CUST-3143,BRANCH-WEST,Electronics,33.51,0.0,0.0,Credit Card,0,NONE
TX-102734,2026-07-15 10:11:52,EMP-001,CUST-2776,BRANCH-WEST,Hardware,32.48,0.0,0.0,Credit Card,0,NONE
TX-102735,2026-07-15 10:13:41,EMP-004,CUST-1879,BRANCH-WEST,Groceries,61.49,0.0,0.0,Mobile Money,0,NONE
TX-102736,2026-07-15 10:15:33,EMP-003,CUST-2940,BRANCH-WEST,Electronics,76.71,5.2,0.0,Debit Card,0,NONE
TX-102737,2026-07-15 10:20:27,EMP-007,CUST-8837,BRANCH-WEST,Hardware,42.38,0.0,0.0,Credit Card,0,NONE
TX-102738,2026-07-15 10:21:17,EMP-002,CUST-7392,BRANCH-CENTRAL,Groceries,30.48,5.1,0.0,Cash,0,NONE
TX-102739,2026-07-15 10:25:14,EMP-002,CUST-7103,BRANCH-CENTRAL,Services,38.82,0.0,0.0,Debit Card,0,NONE
TX-102740,2026-07-15 10:25:45,EMP-001,CUST-1100,BRANCH-WEST,Services,71.85,8.7,0.0,Debit Card,0,NONE
TX-102741,2026-07-15 10:35:26,EMP-008,CUST-9102,BRANCH-EAST,Services,29.16,13.5,0.0,Credit Card,0,NONE
TX-102742,2026-07-15 10:38:39,EMP-008,CUST-1223,BRANCH-EAST,Apparel,55.74,0.0,0.0,Debit Card,0,NONE
TX-102743,2026-07-15 10:46:03,EMP-005,CUST-3688,BRANCH-CENTRAL,Hardware,26.63,11.8,0.0,Cash,0,NONE
TX-102744,2026-07-15 10:50:11,EMP-004,CUST-9663,BRANCH-WEST,Apparel,77.45,12.1,0.0,Mobile Money,0,NONE
TX-102745,2026-07-15 10:59:09,EMP-007,CUST-6664,BRANCH-WEST,Services,61.05,0.0,0.0,Cash,0,NONE
TX-102746,2026-07-15 11:09:14,EMP-008,CUST-6740,BRANCH-EAST,Electronics,70.41,0.0,0.0,Mobile Money,0,NONE
TX-102747,2026-07-15 11:14:37,EMP-005,CUST-3095,BRANCH-CENTRAL,Groceries,29.56,0.0,0.0,Mobile Money,0,NONE
TX-102748,2026-07-15 11:20:16,EMP-006,CUST-5148,BRANCH-WEST,Apparel,25.74,0.0,0.0,Credit Card,0,NONE
TX-102749,2026-07-15 11:26:39,EMP-001,CUST-1515,BRANCH-WEST,Hardware,46.49,0.0,0.0,Credit Card,0,NONE
TX-102750,2026-07-15 11:31:44,EMP-008,CUST-6546,BRANCH-EAST,Electronics,65.14,0.0,0.0,Cash,0,NONE
TX-102751,2026-07-15 11:32:29,EMP-002,CUST-3292,BRANCH-CENTRAL,Electronics,29.86,11.6,0.0,Debit Card,0,NONE
TX-102752,2026-07-15 11:34:07,EMP-002,CUST-8385,BRANCH-CENTRAL,Hardware,42.93,0.0,0.0,Mobile Money,0,NONE
TX-102753,2026-07-15 11:37:18,EMP-004,CUST-5808,BRANCH-WEST,Electronics,46.42,0.0,0.0,Debit Card,0,NONE
TX-102754,2026-07-15 11:41:09,EMP-003,CUST-2192,BRANCH-WEST,Hardware,99.98,0.0,45.72,Cash,0,NONE
TX-102755,2026-07-15 11:42:07,EMP-007,CUST-5045,BRANCH-WEST,Groceries,64.02,0.0,0.0,Mobile Money,0,NONE
TX-102756,2026-07-15 11:42:37,EMP-001,CUST-7334,BRANCH-WEST,Services,36.32,0.0,0.0,Credit Card,0,NONE
TX-102757,2026-07-15 11:57:20,EMP-003,CUST-5370,BRANCH-WEST,Services,70.34,0.0,0.0,Mobile Money,0,NONE
TX-102758,2026-07-15 12:04:43,EMP-005,CUST-1193,BRANCH-CENTRAL,Groceries,52.79,0.0,0.0,Cash,0,NONE
TX-102759,2026-07-15 12:05:07,EMP-002,CUST-7493,BRANCH-CENTRAL,Hardware,43.94,0.0,0.0,Cash,0,NONE
TX-102760,2026-07-15 12:06:33,EMP-007,CUST-6658,BRANCH-WEST,Electronics,27.67,0.0,0.0,Credit Card,0,NONE
TX-102761,2026-07-15 12:17:05,EMP-005,CUST-5290,BRANCH-CENTRAL,Hardware,78.94,9.4,0.0,Credit Card,0,NONE
TX-102762,2026-07-15 12:17:25,EMP-002,CUST-8784,BRANCH-CENTRAL,Services,118.52,0.0,0.0,Cash,0,NONE
TX-102763,2026-07-15 12:21:38,EMP-001,CUST-6251,BRANCH-WEST,Electronics,67.68,0.0,0.0,Debit Card,0,NONE
TX-102764,2026-07-15 12:22:48,EMP-005,CUST-9828,BRANCH-CENTRAL,Hardware,70.23,0.0,0.0,Debit Card,0,NONE
TX-102765,2026-07-15 12:23:40,EMP-003,CUST-1998,BRANCH-WEST,Apparel,53.9,0.0,0.0,Mobile Money,0,NONE
TX-102766,2026-07-15 12:30:40,EMP-008,CUST-2714,BRANCH-EAST,Apparel,134.07,0.0,0.0,Credit Card,0,NONE
TX-102767,2026-07-15 12:35:40,EMP-007,CUST-4810,BRANCH-WEST,Groceries,61.03,0.0,0.0,Debit Card,0,NONE
TX-102768,2026-07-15 12:36:35,EMP-005,CUST-3867,BRANCH-CENTRAL,Apparel,71.35,5.4,0.0,Mobile Money,0,NONE
TX-102769,2026-07-15 12:38:50,EMP-008,CUST-3666,BRANCH-EAST,Services,73.66,9.8,0.0,Cash,0,NONE
TX-102770,2026-07-15 12:52:25,EMP-008,CUST-1492,BRANCH-EAST,Hardware,40.44,0.0,0.0,Mobile Money,0,NONE
TX-102771,2026-07-15 12:54:23,EMP-003,CUST-9471,BRANCH-WEST,Services,60.36,0.0,0.0,Mobile Money,0,NONE
TX-102772,2026-07-15 13:06:30,EMP-003,CUST-3387,BRANCH-WEST,Groceries,92.66,4.4,0.0,Mobile Money,0,NONE
TX-102773,2026-07-15 13:15:01,EMP-001,CUST-1266,BRANCH-WEST,Groceries,33.07,0.0,0.0,Debit Card,0,NONE
TX-102774,2026-07-15 13:16:44,EMP-007,CUST-2877,BRANCH-WEST,Groceries,57.22,0.0,0.0,Debit Card,0,NONE
TX-102775,2026-07-15 13:18:13,EMP-007,CUST-2993,BRANCH-WEST,Groceries,43.02,0.0,0.0,Mobile Money,0,NONE
TX-102776,2026-07-15 13:24:19,EMP-006,CUST-7286,BRANCH-WEST,Groceries,30.97,0.0,0.0,Mobile Money,0,NONE
TX-102777,2026-07-15 13:30:20,EMP-005,CUST-6231,BRANCH-CENTRAL,Electronics,12.4,0.0,0.0,Cash,0,NONE
TX-102778,2026-07-15 13:32:15,EMP-008,CUST-5527,BRANCH-EAST,Hardware,26.52,0.0,0.0,Mobile Money,0,NONE
TX-102779,2026-07-15 13:34:04,EMP-004,CUST-6158,BRANCH-WEST,Apparel,33.8,0.0,0.0,Credit Card,0,NONE
TX-102780,2026-07-15 13:37:03,EMP-002,CUST-1571,BRANCH-CENTRAL,Groceries,34.91,12.3,29.98,Debit Card,0,NONE
TX-102781,2026-07-15 13:40:01,EMP-003,CUST-1057,BRANCH-WEST,Apparel,107.99,0.0,0.0,Credit Card,0,NONE
TX-102782,2026-07-15 13:44:27,EMP-007,CUST-8168,BRANCH-WEST,Groceries,34.13,0.0,0.0,Cash,0,NONE
TX-102783,2026-07-15 13:55:17,EMP-007,CUST-8091,BRANCH-WEST,Hardware,33.61,0.0,0.0,Cash,0,NONE
TX-102784,2026-07-15 14:00:25,EMP-007,CUST-7077,BRANCH-WEST,Apparel,119.47,0.0,0.0,Mobile Money,0,NONE
TX-102785,2026-07-15 14:00:45,EMP-005,CUST-1025,BRANCH-CENTRAL,Hardware,68.58,0.0,0.0,Credit Card,0,NONE
TX-102786,2026-07-15 14:04:36,EMP-008,CUST-1687,BRANCH-EAST,Services,261.63,0.0,0.0,Mobile Money,0,NONE
TX-102787,2026-07-15 14:06:22,EMP-007,CUST-7876,BRANCH-WEST,Services,68.65,9.6,0.0,Debit Card,0,NONE
TX-102788,2026-07-15 14:06:42,EMP-003,CUST-7363,BRANCH-WEST,Services,43.54,0.0,14.02,Debit Card,0,NONE
TX-102789,2026-07-15 14:07:02,EMP-002,CUST-8741,BRANCH-CENTRAL,Services,14.89,0.0,0.0,Debit Card,0,NONE
TX-102790,2026-07-15 14:07:22,EMP-002,CUST-6965,BRANCH-CENTRAL,Groceries,50.56,0.0,0.0,Mobile Money,0,NONE
TX-102791,2026-07-15 14:10:12,EMP-006,CUST-8430,BRANCH-WEST,Groceries,95.8,0.0,0.0,Cash,0,NONE
TX-102792,2026-07-15 14:11:18,EMP-004,CUST-3072,BRANCH-WEST,Groceries,37.74,0.0,0.0,Credit Card,0,NONE
TX-102793,2026-07-15 14:12:08,EMP-008,CUST-9552,BRANCH-EAST,Services,85.2,0.0,0.0,Debit Card,0,NONE
TX-102794,2026-07-15 14:14:36,EMP-001,CUST-5959,BRANCH-WEST,Groceries,25.37,0.0,24.22,Credit Card,0,NONE
TX-102795,2026-07-15 14:18:44,EMP-003,CUST-2193,BRANCH-WEST,Hardware,44.48,0.0,0.0,Cash,0,NONE
TX-102796,2026-07-15 14:22:56,EMP-008,CUST-8973,BRANCH-EAST,Hardware,58.57,0.0,0.0,Mobile Money,0,NONE
TX-102797,2026-07-15 14:23:16,EMP-008,CUST-5862,BRANCH-EAST,Hardware,117.08,0.0,0.0,Cash,0,NONE
TX-102798,2026-07-15 14:24:32,EMP-003,CUST-5592,BRANCH-WEST,Groceries,66.31,0.0,0.0,Mobile Money,0,NONE
TX-102799,2026-07-15 14:29:28,EMP-007,CUST-5362,BRANCH-WEST,Electronics,58.86,10.2,0.0,Cash,0,NONE
TX-102800,2026-07-15 14:29:48,EMP-008,CUST-1874,BRANCH-EAST,Apparel,52.48,0.0,0.0,Mobile Money,0,NONE
TX-102801,2026-07-15 14:33:10,EMP-002,CUST-6678,BRANCH-CENTRAL,Apparel,44.36,0.0,0.0,Cash,0,NONE
TX-102802,2026-07-15 14:43:18,EMP-006,CUST-8128,BRANCH-WEST,Services,43.79,13.1,0.0,Credit Card,0,NONE
TX-102803,2026-07-15 14:45:45,EMP-008,CUST-1000,BRANCH-EAST,Services,84.16,11.8,0.0,Debit Card,0,NONE
TX-102804,2026-07-15 14:57:21,EMP-004,CUST-6606,BRANCH-WEST,Hardware,41.91,0.0,0.0,Mobile Money,0,NONE
TX-102805,2026-07-15 14:59:51,EMP-004,CUST-3228,BRANCH-WEST,Apparel,56.49,0.0,0.0,Mobile Money,0,NONE
TX-102806,2026-07-15 15:00:56,EMP-003,CUST-6375,BRANCH-WEST,Apparel,21.25,4.1,0.0,Mobile Money,0,NONE
TX-102807,2026-07-15 15:04:25,EMP-003,CUST-5289,BRANCH-WEST,Hardware,30.4,4.6,0.0,Debit Card,0,NONE
TX-102808,2026-07-15 15:06:10,EMP-006,CUST-1102,BRANCH-WEST,Hardware,43.22,12.4,0.0,Cash,0,NONE
TX-102809,2026-07-15 15:13:15,EMP-002,CUST-2903,BRANCH-CENTRAL,Services,24.89,0.0,8.54,Debit Card,0,NONE
TX-102810,2026-07-15 15:17:36,EMP-002,CUST-2411,BRANCH-CENTRAL,Apparel,55.22,4.0,0.0,Credit Card,0,NONE
TX-102811,2026-07-15 15:27:19,EMP-004,CUST-8218,BRANCH-WEST,Groceries,47.65,0.0,0.0,Cash,0,NONE
TX-102812,2026-07-15 15:28:15,EMP-001,CUST-8575,BRANCH-WEST,Groceries,43.8,0.0,0.0,Cash,0,NONE
TX-102813,2026-07-15 15:31:16,EMP-001,CUST-8927,BRANCH-WEST,Apparel,59.19,0.0,0.0,Cash,0,NONE
TX-102814,2026-07-15 15:31:36,EMP-005,CUST-6361,BRANCH-CENTRAL,Apparel,39.46,10.8,0.0,Debit Card,0,NONE
TX-102815,2026-07-15 15:35:33,EMP-007,CUST-4495,BRANCH-WEST,Hardware,25.05,0.0,0.0,Credit Card,0,NONE
TX-102816,2026-07-15 15:38:48,EMP-008,CUST-2893,BRANCH-EAST,Hardware,45.47,0.0,0.0,Mobile Money,0,NONE
TX-102817,2026-07-15 15:42:07,EMP-008,CUST-4312,BRANCH-EAST,Apparel,103.91,0.0,0.0,Cash,0,NONE
TX-102818,2026-07-15 15:42:29,EMP-001,CUST-5224,BRANCH-WEST,Apparel,77.77,7.2,0.0,Debit Card,0,NONE
TX-102819,2026-07-15 15:47:12,EMP-004,CUST-4001,BRANCH-WEST,Groceries,41.05,0.0,0.0,Credit Card,0,NONE
TX-102820,2026-07-15 16:05:53,EMP-008,CUST-5194,BRANCH-EAST,Services,66.93,0.0,0.0,Credit Card,0,NONE
TX-102821,2026-07-15 16:07:28,EMP-003,CUST-7892,BRANCH-WEST,Services,28.73,13.3,0.0,Debit Card,0,NONE
TX-102822,2026-07-15 16:09:47,EMP-001,CUST-8033,BRANCH-WEST,Hardware,47.86,9.6,0.0,Credit Card,0,NONE
TX-102823,2026-07-15 16:18:20,EMP-005,CUST-9879,BRANCH-CENTRAL,Services,64.42,6.6,0.0,Mobile Money,0,NONE
TX-102824,2026-07-15 16:19:14,EMP-007,CUST-5881,BRANCH-WEST,Hardware,44.72,0.0,0.0,Credit Card,0,NONE
TX-102825,2026-07-15 16:20:44,EMP-006,CUST-1869,BRANCH-WEST,Hardware,59.94,0.0,0.0,Cash,0,NONE
TX-102826,2026-07-15 16:23:36,EMP-007,CUST-6899,BRANCH-WEST,Hardware,79.04,0.0,0.0,Credit Card,0,NONE
TX-102827,2026-07-15 16:25:37,EMP-007,CUST-3612,BRANCH-WEST,Electronics,43.45,0.0,0.0,Cash,0,NONE
TX-102828,2026-07-15 16:26:30,EMP-001,CUST-9861,BRANCH-WEST,Apparel,16.76,0.0,0.0,Cash,0,NONE
TX-102829,2026-07-15 16:36:22,EMP-008,CUST-6070,BRANCH-EAST,Groceries,38.39,0.0,0.0,Mobile Money,0,NONE
TX-102830,2026-07-15 16:42:06,EMP-002,CUST-2365,BRANCH-CENTRAL,Groceries,50.42,0.0,0.0,Debit Card,0,NONE
TX-102831,2026-07-15 16:44:36,EMP-002,CUST-1312,BRANCH-CENTRAL,Electronics,43.99,0.0,0.0,Debit Card,0,NONE
TX-102832,2026-07-15 16:44:56,EMP-007,CUST-1884,BRANCH-WEST,Electronics,42.53,3.3,0.0,Credit Card,0,NONE
TX-102833,2026-07-15 16:45:36,EMP-004,CUST-6163,BRANCH-WEST,Apparel,24.96,0.0,0.0,Mobile Money,0,NONE
TX-102834,2026-07-15 16:57:23,EMP-001,CUST-2354,BRANCH-WEST,Electronics,27.87,13.8,0.0,Credit Card,0,NONE
TX-102835,2026-07-15 17:00:57,EMP-001,CUST-1173,BRANCH-WEST,Electronics,58.87,0.0,0.0,Cash,0,NONE
TX-102836,2026-07-15 17:06:03,EMP-002,CUST-6234,BRANCH-CENTRAL,Groceries,87.99,0.0,0.0,Mobile Money,0,NONE
TX-102837,2026-07-15 17:09:21,EMP-006,CUST-5253,BRANCH-WEST,Hardware,44.64,0.0,0.0,Cash,0,NONE
TX-102838,2026-07-15 17:12:34,EMP-008,CUST-5628,BRANCH-EAST,Groceries,30.88,0.0,0.0,Debit Card,0,NONE
TX-102839,2026-07-15 17:12:54,EMP-004,CUST-3115,BRANCH-WEST,Hardware,57.31,0.0,0.0,Credit Card,0,NONE
TX-102840,2026-07-15 17:18:01,EMP-006,CUST-1459,BRANCH-WEST,Electronics,44.66,0.0,0.0,Cash,0,NONE
TX-102841,2026-07-15 17:21:06,EMP-001,CUST-7433,BRANCH-WEST,Apparel,32.6,0.0,0.0,Credit Card,0,NONE
TX-102842,2026-07-15 17:34:58,EMP-001,CUST-4330,BRANCH-WEST,Services,28.34,6.3,0.0,Cash,0,NONE
TX-102843,2026-07-15 17:38:10,EMP-004,CUST-8019,BRANCH-WEST,Groceries,51.26,0.0,0.0,Credit Card,0,NONE
TX-102844,2026-07-15 17:45:31,EMP-002,CUST-2179,BRANCH-CENTRAL,Services,58.25,0.0,0.0,Cash,0,NONE
TX-102845,2026-07-15 17:46:21,EMP-004,CUST-6518,BRANCH-WEST,Services,45.8,0.0,0.0,Credit Card,0,NONE
TX-102846,2026-07-15 17:50:10,EMP-006,CUST-4991,BRANCH-WEST,Apparel,34.3,0.0,0.0,Cash,0,NONE
TX-102847,2026-07-15 17:51:52,EMP-006,CUST-7355,BRANCH-WEST,Groceries,41.01,7.9,0.0,Cash,0,NONE
TX-102848,2026-07-15 17:53:05,EMP-001,CUST-7517,BRANCH-WEST,Services,45.42,0.0,0.0,Cash,0,NONE
TX-102849,2026-07-15 17:54:19,EMP-002,CUST-9957,BRANCH-CENTRAL,Hardware,46.57,0.0,0.0,Cash,0,NONE
TX-102850,2026-07-15 18:00:59,EMP-004,CUST-8847,BRANCH-WEST,Services,53.24,0.0,0.0,Mobile Money,0,NONE
TX-102851,2026-07-15 18:01:19,EMP-004,CUST-5734,BRANCH-WEST,Apparel,38.34,0.0,0.0,Credit Card,0,NONE
TX-102852,2026-07-15 18:12:11,EMP-004,CUST-1336,BRANCH-WEST,Groceries,71.28,0.0,0.0,Mobile Money,0,NONE
TX-102853,2026-07-15 18:19:07,EMP-006,CUST-6375,BRANCH-WEST,Groceries,73.4,10.6,0.0,Cash,0,NONE
TX-102854,2026-07-15 18:23:17,EMP-008,CUST-4481,BRANCH-EAST,Hardware,68.37,0.0,0.0,Debit Card,0,NONE
TX-102855,2026-07-15 18:23:46,EMP-003,CUST-5683,BRANCH-WEST,Groceries,92.86,0.0,0.0,Cash,0,NONE
TX-102856,2026-07-15 18:26:46,EMP-003,CUST-3448,BRANCH-WEST,Electronics,72.22,0.0,0.0,Cash,0,NONE
TX-102857,2026-07-15 18:29:24,EMP-002,CUST-1249,BRANCH-CENTRAL,Groceries,28.07,0.0,0.0,Debit Card,0,NONE
TX-102858,2026-07-15 18:33:17,EMP-001,CUST-6835,BRANCH-WEST,Electronics,52.74,12.2,0.0,Debit Card,0,NONE
TX-102859,2026-07-15 18:35:13,EMP-005,CUST-4980,BRANCH-CENTRAL,Groceries,44.06,13.8,0.0,Debit Card,0,NONE
TX-102860,2026-07-15 18:37:25,EMP-008,CUST-4603,BRANCH-EAST,Electronics,94.38,0.0,72.23,Credit Card,0,NONE
TX-102861,2026-07-15 18:38:50,EMP-008,CUST-6473,BRANCH-EAST,Services,135.3,0.0,0.0,Debit Card,0,NONE
TX-102862,2026-07-15 18:40:56,EMP-006,CUST-4048,BRANCH-WEST,Groceries,37.11,11.8,0.0,Credit Card,0,NONE
TX-102863,2026-07-15 18:41:16,EMP-003,CUST-7475,BRANCH-WEST,Groceries,42.39,13.1,0.0,Mobile Money,0,NONE
TX-102864,2026-07-15 18:42:16,EMP-001,CUST-3317,BRANCH-WEST,Hardware,29.44,0.0,0.0,Cash,0,NONE
TX-102865,2026-07-15 18:42:36,EMP-005,CUST-8568,BRANCH-CENTRAL,Hardware,58.31,0.0,0.0,Mobile Money,0,NONE
TX-102866,2026-07-15 18:45:10,EMP-001,CUST-8289,BRANCH-WEST,Groceries,51.42,7.1,0.0,Cash,0,NONE
TX-102867,2026-07-15 18:55:02,EMP-003,CUST-4097,BRANCH-WEST,Hardware,87.25,0.0,0.0,Mobile Money,0,NONE
TX-102868,2026-07-15 19:02:44,EMP-002,CUST-6776,BRANCH-CENTRAL,Services,37.75,0.0,0.0,Debit Card,0,NONE
TX-102869,2026-07-15 19:08:50,EMP-001,CUST-6997,BRANCH-WEST,Services,41.98,4.3,0.0,Debit Card,0,NONE
TX-102870,2026-07-15 19:16:18,EMP-004,CUST-9774,BRANCH-WEST,Apparel,52.83,0.0,0.0,Credit Card,0,NONE
TX-102871,2026-07-15 19:17:21,EMP-008,CUST-8707,BRANCH-EAST,Electronics,128.38,0.0,0.0,Cash,0,NONE
TX-102872,2026-07-15 19:24:48,EMP-001,CUST-6565,BRANCH-WEST,Electronics,32.3,0.0,0.0,Mobile Money,0,NONE
TX-102873,2026-07-15 19:25:45,EMP-002,CUST-9970,BRANCH-CENTRAL,Hardware,34.17,0.0,0.0,Debit Card,0,NONE
TX-102874,2026-07-15 19:32:02,EMP-003,CUST-9340,BRANCH-WEST,Apparel,53.38,0.0,0.0,Cash,0,NONE
TX-102875,2026-07-15 19:39:24,EMP-002,CUST-9419,BRANCH-CENTRAL,Electronics,70.72,12.0,0.0,Cash,0,NONE
TX-102876,2026-07-15 19:42:38,EMP-003,CUST-4502,BRANCH-WEST,Services,92.55,0.0,0.0,Mobile Money,0,NONE
TX-102877,2026-07-15 19:51:24,EMP-003,CUST-3547,BRANCH-WEST,Groceries,38.06,0.0,0.0,Debit Card,0,NONE
TX-102878,2026-07-15 19:53:51,EMP-005,CUST-4463,BRANCH-CENTRAL,Electronics,25.56,0.0,0.0,Cash,0,NONE
TX-102879,2026-07-15 20:00:23,EMP-002,CUST-7905,BRANCH-CENTRAL,Apparel,53.06,0.0,0.0,Cash,0,NONE
TX-102880,2026-07-15 20:14:04,EMP-003,CUST-1213,BRANCH-WEST,Electronics,63.5,5.5,0.0,Mobile Money,0,NONE
TX-102881,2026-07-15 20:14:25,EMP-004,CUST-3149,BRANCH-WEST,Electronics,23.55,0.0,0.0,Mobile Money,0,NONE
TX-102882,2026-07-15 20:17:41,EMP-002,CUST-4992,BRANCH-CENTRAL,Apparel,25.97,0.0,0.0,Mobile Money,0,NONE
TX-102883,2026-07-15 20:20:01,EMP-002,CUST-7847,BRANCH-CENTRAL,Apparel,44.11,0.0,0.0,Debit Card,0,NONE
TX-102884,2026-07-15 20:21:38,EMP-004,CUST-1047,BRANCH-WEST,Groceries,163.51,0.0,0.0,Mobile Money,0,NONE
TX-102885,2026-07-15 20:21:58,EMP-008,CUST-8486,BRANCH-EAST,Hardware,90.28,0.0,0.0,Cash,0,NONE
TX-102886,2026-07-15 20:27:41,EMP-004,CUST-3163,BRANCH-WEST,Groceries,34.89,0.0,0.0,Cash,0,NONE
TX-102887,2026-07-15 20:28:01,EMP-007,CUST-2212,BRANCH-WEST,Hardware,97.41,0.0,0.0,Cash,0,NONE
TX-102888,2026-07-15 20:33:38,EMP-003,CUST-9698,BRANCH-WEST,Electronics,41.36,12.4,0.0,Credit Card,0,NONE
TX-102889,2026-07-15 20:37:04,EMP-002,CUST-7342,BRANCH-CENTRAL,Hardware,34.24,9.8,0.0,Mobile Money,0,NONE
TX-102890,2026-07-15 20:37:44,EMP-002,CUST-7877,BRANCH-CENTRAL,Hardware,81.32,3.7,0.0,Credit Card,0,NONE
TX-102891,2026-07-15 20:41:01,EMP-007,CUST-7443,BRANCH-WEST,Hardware,33.03,0.0,0.0,Cash,0,NONE
TX-102892,2026-07-15 20:42:58,EMP-007,CUST-4831,BRANCH-WEST,Hardware,104.19,0.0,0.0,Debit Card,0,NONE
TX-102893,2026-07-15 20:43:18,EMP-006,CUST-6925,BRANCH-WEST,Groceries,17.5,0.0,0.0,Credit Card,0,NONE
TX-102894,2026-07-15 20:43:38,EMP-005,CUST-1592,BRANCH-CENTRAL,Hardware,54.5,0.0,0.0,Mobile Money,0,NONE
TX-102895,2026-07-15 20:44:53,EMP-005,CUST-4089,BRANCH-CENTRAL,Electronics,49.06,0.0,0.0,Credit Card,0,NONE
TX-102896,2026-07-15 20:46:44,EMP-007,CUST-3740,BRANCH-WEST,Hardware,80.91,13.2,0.0,Debit Card,0,NONE
TX-102897,2026-07-15 20:58:06,EMP-002,CUST-2449,BRANCH-CENTRAL,Apparel,47.61,0.0,0.0,Debit Card,0,NONE
TX-102898,2026-07-16 08:26:08,EMP-006,CUST-6252,BRANCH-WEST,Apparel,48.16,0.0,0.0,Cash,0,NONE
TX-102899,2026-07-16 08:28:14,EMP-008,CUST-2607,BRANCH-EAST,Services,50.93,0.0,0.0,Mobile Money,0,NONE
TX-102900,2026-07-16 08:30:46,EMP-005,CUST-2386,BRANCH-CENTRAL,Services,39.99,0.0,0.0,Mobile Money,0,NONE
TX-102901,2026-07-16 08:32:12,EMP-004,CUST-6551,BRANCH-WEST,Electronics,99.12,0.0,0.0,Credit Card,0,NONE
TX-102902,2026-07-16 08:34:08,EMP-008,CUST-4058,BRANCH-EAST,Apparel,81.97,0.0,0.0,Mobile Money,0,NONE
TX-102903,2026-07-16 08:35:24,EMP-004,CUST-5022,BRANCH-WEST,Apparel,68.57,0.0,0.0,Cash,0,NONE
TX-102904,2026-07-16 08:35:53,EMP-004,CUST-2270,BRANCH-WEST,Groceries,58.42,0.0,0.0,Debit Card,0,NONE
TX-102905,2026-07-16 08:39:22,EMP-007,CUST-1458,BRANCH-WEST,Apparel,48.28,0.0,0.0,Debit Card,0,NONE
TX-102906,2026-07-16 08:42:24,EMP-007,CUST-5400,BRANCH-WEST,Hardware,24.0,0.0,0.0,Credit Card,0,NONE
TX-102907,2026-07-16 08:48:58,EMP-006,CUST-4266,BRANCH-WEST,Apparel,74.7,0.0,0.0,Debit Card,0,NONE
TX-102908,2026-07-16 08:51:55,EMP-005,CUST-7439,BRANCH-CENTRAL,Hardware,61.38,0.0,0.0,Debit Card,0,NONE
TX-102909,2026-07-16 08:53:23,EMP-002,CUST-8059,BRANCH-CENTRAL,Electronics,45.15,0.0,0.0,Mobile Money,0,NONE
TX-102910,2026-07-16 09:01:31,EMP-006,CUST-5678,BRANCH-WEST,Apparel,30.32,11.4,13.41,Credit Card,0,NONE
TX-102911,2026-07-16 09:01:51,EMP-002,CUST-6598,BRANCH-CENTRAL,Electronics,63.27,0.0,0.0,Credit Card,0,NONE
TX-102912,2026-07-16 09:02:16,EMP-006,CUST-7247,BRANCH-WEST,Hardware,29.38,0.0,0.0,Cash,0,NONE
TX-102913,2026-07-16 09:04:07,EMP-004,CUST-1221,BRANCH-WEST,Hardware,69.27,0.0,0.0,Mobile Money,0,NONE
TX-102914,2026-07-16 09:06:54,EMP-006,CUST-2944,BRANCH-WEST,Apparel,33.17,4.5,0.0,Cash,0,NONE
TX-102915,2026-07-16 09:08:59,EMP-005,CUST-9920,BRANCH-CENTRAL,Services,51.51,12.5,0.0,Debit Card,0,NONE
TX-102916,2026-07-16 09:11:38,EMP-002,CUST-5931,BRANCH-CENTRAL,Apparel,79.59,0.0,0.0,Cash,0,NONE
TX-102917,2026-07-16 09:12:23,EMP-008,CUST-7760,BRANCH-EAST,Electronics,72.71,0.0,0.0,Cash,0,NONE
TX-102918,2026-07-16 09:18:58,EMP-001,CUST-1491,BRANCH-WEST,Services,50.11,0.0,0.0,Debit Card,0,NONE
TX-102919,2026-07-16 09:23:46,EMP-006,CUST-3736,BRANCH-WEST,Electronics,98.08,0.0,0.0,Debit Card,0,NONE
TX-102920,2026-07-16 09:25:53,EMP-002,CUST-5601,BRANCH-CENTRAL,Apparel,52.56,7.4,0.0,Credit Card,0,NONE
TX-102921,2026-07-16 09:28:51,EMP-003,CUST-8093,BRANCH-WEST,Services,43.7,0.0,0.0,Debit Card,0,NONE
TX-102922,2026-07-16 09:32:55,EMP-001,CUST-2842,BRANCH-WEST,Hardware,53.49,14.6,0.0,Cash,0,NONE
TX-102923,2026-07-16 09:36:27,EMP-007,CUST-6594,BRANCH-WEST,Electronics,45.87,8.3,0.0,Debit Card,0,NONE
TX-102924,2026-07-16 09:36:48,EMP-007,CUST-6307,BRANCH-WEST,Hardware,105.5,8.6,0.0,Cash,0,NONE
TX-102925,2026-07-16 09:43:07,EMP-001,CUST-6850,BRANCH-WEST,Electronics,34.32,0.0,0.0,Cash,0,NONE
TX-102926,2026-07-16 09:45:50,EMP-001,CUST-7020,BRANCH-WEST,Apparel,34.47,0.0,0.0,Cash,0,NONE
TX-102927,2026-07-16 09:47:56,EMP-001,CUST-1414,BRANCH-WEST,Electronics,49.64,0.0,0.0,Mobile Money,0,NONE
TX-102928,2026-07-16 09:57:05,EMP-002,CUST-6065,BRANCH-CENTRAL,Electronics,50.5,0.0,0.0,Mobile Money,0,NONE
TX-102929,2026-07-16 10:04:55,EMP-002,CUST-7970,BRANCH-CENTRAL,Groceries,59.15,0.0,0.0,Cash,0,NONE
TX-102930,2026-07-16 10:05:17,EMP-004,CUST-7520,BRANCH-WEST,Services,43.31,0.0,0.0,Debit Card,0,NONE
TX-102931,2026-07-16 10:06:04,EMP-003,CUST-1574,BRANCH-WEST,Electronics,93.29,7.5,0.0,Mobile Money,0,NONE
TX-102932,2026-07-16 10:07:09,EMP-007,CUST-3883,BRANCH-WEST,Groceries,26.05,0.0,0.0,Debit Card,0,NONE
TX-102933,2026-07-16 10:08:41,EMP-004,CUST-6635,BRANCH-WEST,Electronics,41.36,0.0,0.0,Credit Card,0,NONE
TX-102934,2026-07-16 10:09:15,EMP-004,CUST-4844,BRANCH-WEST,Electronics,68.32,10.7,0.0,Debit Card,0,NONE
TX-102935,2026-07-16 10:11:34,EMP-004,CUST-4114,BRANCH-WEST,Services,23.86,0.0,0.0,Credit Card,0,NONE
TX-102936,2026-07-16 10:13:16,EMP-006,CUST-8760,BRANCH-WEST,Electronics,52.86,0.0,0.0,Mobile Money,0,NONE
TX-102937,2026-07-16 10:18:55,EMP-007,CUST-7993,BRANCH-WEST,Groceries,58.97,0.0,0.0,Debit Card,0,NONE
TX-102938,2026-07-16 10:20:31,EMP-007,CUST-2501,BRANCH-WEST,Groceries,38.5,0.0,0.0,Mobile Money,0,NONE
TX-102939,2026-07-16 10:21:04,EMP-007,CUST-9156,BRANCH-WEST,Groceries,63.76,0.0,0.0,Mobile Money,0,NONE
TX-102940,2026-07-16 10:22:45,EMP-007,CUST-1632,BRANCH-WEST,Groceries,39.44,4.5,0.0,Credit Card,0,NONE
TX-102941,2026-07-16 10:23:05,EMP-004,CUST-3996,BRANCH-WEST,Groceries,72.18,0.0,0.0,Debit Card,0,NONE
TX-102942,2026-07-16 10:23:38,EMP-005,CUST-9751,BRANCH-CENTRAL,Apparel,52.12,0.0,0.0,Credit Card,0,NONE
TX-102943,2026-07-16 10:24:48,EMP-008,CUST-5303,BRANCH-EAST,Electronics,104.16,14.8,0.0,Mobile Money,0,NONE
TX-102944,2026-07-16 10:28:02,EMP-003,CUST-3644,BRANCH-WEST,Services,167.35,4.3,0.0,Credit Card,0,NONE
TX-102945,2026-07-16 10:29:05,EMP-003,CUST-6670,BRANCH-WEST,Services,76.51,0.0,0.0,Mobile Money,0,NONE
TX-102946,2026-07-16 10:37:04,EMP-003,CUST-3926,BRANCH-WEST,Apparel,106.65,0.0,0.0,Credit Card,0,NONE
TX-102947,2026-07-16 10:37:24,EMP-004,CUST-7088,BRANCH-WEST,Groceries,31.72,0.0,0.0,Debit Card,0,NONE
TX-102948,2026-07-16 10:39:15,EMP-004,CUST-2092,BRANCH-WEST,Groceries,68.26,0.0,0.0,Debit Card,0,NONE
TX-102949,2026-07-16 10:39:35,EMP-005,CUST-2712,BRANCH-CENTRAL,Electronics,17.38,11.0,0.0,Credit Card,0,NONE
TX-102950,2026-07-16 10:45:49,EMP-002,CUST-6307,BRANCH-CENTRAL,Electronics,59.58,10.9,0.0,Debit Card,0,NONE
TX-102951,2026-07-16 10:52:19,EMP-003,CUST-7574,BRANCH-WEST,Groceries,39.76,0.0,0.0,Debit Card,0,NONE
TX-102952,2026-07-16 10:55:37,EMP-004,CUST-8758,BRANCH-WEST,Apparel,75.12,0.0,0.0,Credit Card,0,NONE
TX-102953,2026-07-16 10:57:22,EMP-008,CUST-1737,BRANCH-EAST,Apparel,116.9,0.0,0.0,Mobile Money,0,NONE
TX-102954,2026-07-16 11:03:59,EMP-002,CUST-7034,BRANCH-CENTRAL,Groceries,57.5,0.0,0.0,Cash,0,NONE
TX-102955,2026-07-16 11:09:27,EMP-002,CUST-6606,BRANCH-CENTRAL,Apparel,20.21,0.0,19.2,Cash,0,NONE
TX-102956,2026-07-16 11:11:21,EMP-007,CUST-4465,BRANCH-WEST,Services,43.54,0.0,0.0,Credit Card,0,NONE
TX-102957,2026-07-16 11:18:09,EMP-003,CUST-1986,BRANCH-WEST,Hardware,27.88,0.0,0.0,Cash,0,NONE
TX-102958,2026-07-16 11:28:46,EMP-005,CUST-3764,BRANCH-CENTRAL,Hardware,109.65,0.0,0.0,Cash,0,NONE
TX-102959,2026-07-16 11:38:06,EMP-008,CUST-2574,BRANCH-EAST,Electronics,86.78,0.0,0.0,Credit Card,0,NONE
TX-102960,2026-07-16 11:38:30,EMP-002,CUST-4306,BRANCH-CENTRAL,Services,61.97,11.6,0.0,Debit Card,0,NONE
TX-102961,2026-07-16 11:45:26,EMP-008,CUST-9715,BRANCH-EAST,Services,43.34,0.0,0.0,Debit Card,0,NONE
TX-102962,2026-07-16 11:53:12,EMP-004,CUST-2215,BRANCH-WEST,Electronics,35.85,0.0,0.0,Mobile Money,0,NONE
TX-102963,2026-07-16 11:55:30,EMP-002,CUST-4037,BRANCH-CENTRAL,Electronics,40.7,0.0,0.0,Cash,0,NONE
TX-102964,2026-07-16 11:56:32,EMP-008,CUST-6556,BRANCH-EAST,Services,104.43,0.0,0.0,Debit Card,0,NONE
TX-102965,2026-07-16 11:56:52,EMP-007,CUST-6773,BRANCH-WEST,Electronics,37.0,0.0,0.0,Credit Card,0,NONE
TX-102966,2026-07-16 12:03:53,EMP-004,CUST-2888,BRANCH-WEST,Services,122.38,12.2,0.0,Mobile Money,0,NONE
TX-102967,2026-07-16 12:04:15,EMP-001,CUST-9396,BRANCH-WEST,Services,20.67,0.0,0.0,Cash,0,NONE
TX-102968,2026-07-16 12:05:53,EMP-003,CUST-1748,BRANCH-WEST,Electronics,59.59,3.8,0.0,Credit Card,0,NONE
TX-102969,2026-07-16 12:06:53,EMP-008,CUST-7195,BRANCH-EAST,Apparel,124.89,0.0,0.0,Debit Card,0,NONE
TX-102970,2026-07-16 12:17:43,EMP-005,CUST-8863,BRANCH-CENTRAL,Groceries,28.45,0.0,14.87,Debit Card,0,NONE
TX-102971,2026-07-16 12:21:01,EMP-007,CUST-6016,BRANCH-WEST,Apparel,42.26,0.0,0.0,Debit Card,0,NONE
TX-102972,2026-07-16 12:32:31,EMP-007,CUST-5878,BRANCH-WEST,Services,56.03,0.0,0.0,Credit Card,0,NONE
TX-102973,2026-07-16 12:40:26,EMP-002,CUST-7877,BRANCH-CENTRAL,Electronics,28.45,0.0,0.0,Cash,0,NONE
TX-102974,2026-07-16 12:43:01,EMP-005,CUST-6416,BRANCH-CENTRAL,Groceries,21.47,5.9,0.0,Mobile Money,0,NONE
TX-102975,2026-07-16 12:46:16,EMP-008,CUST-4263,BRANCH-EAST,Groceries,49.23,0.0,0.0,Credit Card,0,NONE
TX-102976,2026-07-16 12:47:43,EMP-007,CUST-4055,BRANCH-WEST,Hardware,89.88,0.0,0.0,Credit Card,0,NONE
TX-102977,2026-07-16 12:51:06,EMP-003,CUST-7228,BRANCH-WEST,Electronics,59.51,0.0,0.0,Credit Card,0,NONE
TX-102978,2026-07-16 13:19:39,EMP-008,CUST-1130,BRANCH-EAST,Electronics,42.86,0.0,0.0,Mobile Money,0,NONE
TX-102979,2026-07-16 13:20:20,EMP-008,CUST-7775,BRANCH-EAST,Electronics,43.42,0.0,0.0,Cash,0,NONE
TX-102980,2026-07-16 13:21:03,EMP-006,CUST-5751,BRANCH-WEST,Services,64.74,0.0,0.0,Credit Card,0,NONE
TX-102981,2026-07-16 13:30:29,EMP-007,CUST-6712,BRANCH-WEST,Apparel,38.32,0.0,0.0,Credit Card,0,NONE
TX-102982,2026-07-16 13:45:15,EMP-006,CUST-5288,BRANCH-WEST,Apparel,52.24,0.0,0.0,Credit Card,0,NONE
TX-102983,2026-07-16 13:46:50,EMP-002,CUST-6002,BRANCH-CENTRAL,Services,38.29,9.8,0.0,Mobile Money,0,NONE
TX-102984,2026-07-16 13:47:18,EMP-004,CUST-5234,BRANCH-WEST,Apparel,60.36,0.0,0.0,Credit Card,0,NONE
TX-102985,2026-07-16 13:48:01,EMP-007,CUST-5322,BRANCH-WEST,Groceries,78.16,0.0,0.0,Mobile Money,0,NONE
TX-102986,2026-07-16 13:50:15,EMP-003,CUST-4678,BRANCH-WEST,Groceries,101.34,0.0,0.0,Mobile Money,0,NONE
TX-102987,2026-07-16 13:52:39,EMP-008,CUST-4580,BRANCH-EAST,Services,44.98,0.0,0.0,Credit Card,0,NONE
TX-102988,2026-07-16 14:10:47,EMP-002,CUST-5082,BRANCH-CENTRAL,Electronics,40.9,3.1,0.0,Debit Card,0,NONE
TX-102989,2026-07-16 14:13:24,EMP-003,CUST-2002,BRANCH-WEST,Electronics,51.91,8.7,0.0,Credit Card,0,NONE
TX-102990,2026-07-16 14:16:11,EMP-005,CUST-9496,BRANCH-CENTRAL,Apparel,73.89,10.6,0.0,Credit Card,0,NONE
TX-102991,2026-07-16 14:24:29,EMP-006,CUST-8743,BRANCH-WEST,Services,28.49,12.3,0.0,Cash,0,NONE
TX-102992,2026-07-16 14:35:39,EMP-001,CUST-5944,BRANCH-WEST,Apparel,47.4,0.0,0.0,Debit Card,0,NONE
TX-102993,2026-07-16 14:38:50,EMP-002,CUST-3431,BRANCH-CENTRAL,Services,51.54,3.7,0.0,Credit Card,0,NONE
TX-102994,2026-07-16 14:45:49,EMP-002,CUST-3234,BRANCH-CENTRAL,Groceries,30.25,13.4,0.0,Debit Card,0,NONE
TX-102995,2026-07-16 14:47:20,EMP-006,CUST-9663,BRANCH-WEST,Services,20.86,0.0,0.0,Credit Card,0,NONE
TX-102996,2026-07-16 14:49:51,EMP-008,CUST-1037,BRANCH-EAST,Services,50.78,0.0,0.0,Cash,0,NONE
TX-102997,2026-07-16 14:52:50,EMP-004,CUST-2126,BRANCH-WEST,Apparel,45.48,0.0,0.0,Mobile Money,0,NONE
TX-102998,2026-07-16 14:53:10,EMP-005,CUST-6361,BRANCH-CENTRAL,Hardware,39.84,0.0,0.0,Mobile Money,0,NONE
TX-102999,2026-07-16 14:55:39,EMP-006,CUST-1787,BRANCH-WEST,Electronics,37.06,0.0,0.0,Debit Card,0,NONE
TX-103000,2026-07-16 14:57:55,EMP-003,CUST-3223,BRANCH-WEST,Groceries,86.3,0.0,0.0,Debit Card,0,NONE
TX-103001,2026-07-16 15:00:08,EMP-005,CUST-4000,BRANCH-CENTRAL,Apparel,63.63,0.0,0.0,Cash,0,NONE
TX-103002,2026-07-16 15:01:45,EMP-005,CUST-4800,BRANCH-CENTRAL,Hardware,71.77,0.0,0.0,Debit Card,0,NONE
TX-103003,2026-07-16 15:02:05,EMP-001,CUST-1535,BRANCH-WEST,Services,28.56,0.0,0.0,Credit Card,0,NONE
TX-103004,2026-07-16 15:02:25,EMP-003,CUST-5597,BRANCH-WEST,Hardware,61.46,0.0,0.0,Mobile Money,0,NONE
TX-103005,2026-07-16 15:02:58,EMP-002,CUST-8983,BRANCH-CENTRAL,Hardware,84.05,0.0,0.0,Credit Card,0,NONE
TX-103006,2026-07-16 15:04:02,EMP-004,CUST-1615,BRANCH-WEST,Apparel,48.34,6.8,0.0,Credit Card,0,NONE
TX-103007,2026-07-16 15:06:58,EMP-001,CUST-3676,BRANCH-WEST,Electronics,90.84,0.0,0.0,Credit Card,0,NONE
TX-103008,2026-07-16 15:21:45,EMP-007,CUST-7403,BRANCH-WEST,Apparel,40.9,12.0,0.0,Mobile Money,0,NONE
TX-103009,2026-07-16 15:22:42,EMP-004,CUST-4293,BRANCH-WEST,Electronics,66.11,0.0,0.0,Mobile Money,0,NONE
TX-103010,2026-07-16 15:27:12,EMP-001,CUST-3233,BRANCH-WEST,Groceries,53.74,7.8,0.0,Mobile Money,0,NONE
TX-103011,2026-07-16 15:27:34,EMP-004,CUST-1163,BRANCH-WEST,Electronics,48.47,5.4,0.0,Debit Card,0,NONE
TX-103012,2026-07-16 15:30:25,EMP-002,CUST-3012,BRANCH-CENTRAL,Hardware,36.69,0.0,0.0,Cash,0,NONE
TX-103013,2026-07-16 15:34:16,EMP-008,CUST-7993,BRANCH-EAST,Electronics,42.38,0.0,0.0,Credit Card,0,NONE
TX-103014,2026-07-16 15:34:57,EMP-006,CUST-5081,BRANCH-WEST,Groceries,36.61,10.7,0.0,Cash,0,NONE
TX-103015,2026-07-16 15:37:19,EMP-003,CUST-4781,BRANCH-WEST,Services,36.01,0.0,0.0,Debit Card,0,NONE
TX-103016,2026-07-16 15:40:58,EMP-003,CUST-4850,BRANCH-WEST,Groceries,105.64,11.6,0.0,Mobile Money,0,NONE
TX-103017,2026-07-16 15:42:15,EMP-001,CUST-3081,BRANCH-WEST,Services,20.3,0.0,0.0,Cash,0,NONE
TX-103018,2026-07-16 15:51:51,EMP-002,CUST-8441,BRANCH-CENTRAL,Electronics,33.1,0.0,0.0,Mobile Money,0,NONE
TX-103019,2026-07-16 16:01:26,EMP-005,CUST-1853,BRANCH-CENTRAL,Apparel,48.41,12.8,0.0,Credit Card,0,NONE
TX-103020,2026-07-16 16:14:05,EMP-008,CUST-2664,BRANCH-EAST,Hardware,69.29,0.0,0.0,Credit Card,0,NONE
TX-103021,2026-07-16 16:15:31,EMP-005,CUST-7781,BRANCH-CENTRAL,Groceries,30.74,0.0,0.0,Mobile Money,0,NONE
TX-103022,2026-07-16 16:17:30,EMP-005,CUST-1819,BRANCH-CENTRAL,Hardware,50.84,0.0,0.0,Debit Card,0,NONE
TX-103023,2026-07-16 16:30:10,EMP-003,CUST-8686,BRANCH-WEST,Electronics,36.76,0.0,0.0,Cash,0,NONE
TX-103024,2026-07-16 16:32:57,EMP-003,CUST-3548,BRANCH-WEST,Apparel,70.97,0.0,0.0,Credit Card,0,NONE
TX-103025,2026-07-16 16:34:36,EMP-007,CUST-7458,BRANCH-WEST,Services,37.4,0.0,0.0,Mobile Money,0,NONE
TX-103026,2026-07-16 16:42:20,EMP-004,CUST-8953,BRANCH-WEST,Electronics,28.46,0.0,0.0,Cash,0,NONE
TX-103027,2026-07-16 16:43:10,EMP-003,CUST-2633,BRANCH-WEST,Electronics,56.88,14.8,0.0,Debit Card,0,NONE
TX-103028,2026-07-16 16:49:01,EMP-001,CUST-4861,BRANCH-WEST,Apparel,58.57,0.0,0.0,Cash,0,NONE
TX-103029,2026-07-16 16:49:56,EMP-002,CUST-8445,BRANCH-CENTRAL,Groceries,31.06,0.0,0.0,Cash,0,NONE
TX-103030,2026-07-16 16:51:29,EMP-004,CUST-3474,BRANCH-WEST,Apparel,70.57,14.7,0.0,Credit Card,0,NONE
TX-103031,2026-07-16 17:02:13,EMP-003,CUST-6215,BRANCH-WEST,Groceries,63.1,0.0,0.0,Mobile Money,0,NONE
TX-103032,2026-07-16 17:03:08,EMP-008,CUST-7353,BRANCH-EAST,Apparel,43.35,9.7,0.0,Cash,0,NONE
TX-103033,2026-07-16 17:05:59,EMP-006,CUST-5739,BRANCH-WEST,Electronics,35.94,7.5,0.0,Credit Card,0,NONE
TX-103034,2026-07-16 17:08:27,EMP-005,CUST-7266,BRANCH-CENTRAL,Electronics,41.03,0.0,0.0,Cash,0,NONE
TX-103035,2026-07-16 17:17:30,EMP-004,CUST-4315,BRANCH-WEST,Apparel,17.57,0.0,0.0,Cash,0,NONE
TX-103036,2026-07-16 17:24:04,EMP-005,CUST-9228,BRANCH-CENTRAL,Services,23.0,0.0,0.0,Credit Card,0,NONE
TX-103037,2026-07-16 17:24:57,EMP-001,CUST-5439,BRANCH-WEST,Hardware,32.64,5.0,0.0,Debit Card,0,NONE
TX-103038,2026-07-16 17:25:17,EMP-006,CUST-2169,BRANCH-WEST,Services,23.78,0.0,0.0,Debit Card,0,NONE
TX-103039,2026-07-16 17:25:37,EMP-008,CUST-5216,BRANCH-EAST,Services,96.29,0.0,0.0,Debit Card,0,NONE
TX-103040,2026-07-16 17:26:40,EMP-004,CUST-3620,BRANCH-WEST,Services,62.63,0.0,0.0,Credit Card,0,NONE
TX-103041,2026-07-16 17:29:18,EMP-003,CUST-8411,BRANCH-WEST,Hardware,75.98,0.0,0.0,Mobile Money,0,NONE
TX-103042,2026-07-16 17:31:27,EMP-006,CUST-3516,BRANCH-WEST,Groceries,31.38,0.0,0.0,Credit Card,0,NONE
TX-103043,2026-07-16 17:32:12,EMP-002,CUST-3322,BRANCH-CENTRAL,Services,28.6,10.8,0.0,Mobile Money,0,NONE
TX-103044,2026-07-16 17:34:06,EMP-003,CUST-5683,BRANCH-WEST,Groceries,71.2,14.1,0.0,Debit Card,0,NONE
TX-103045,2026-07-16 17:36:13,EMP-004,CUST-1688,BRANCH-WEST,Electronics,73.25,0.0,0.0,Debit Card,0,NONE
TX-103046,2026-07-16 17:47:06,EMP-004,CUST-8141,BRANCH-WEST,Electronics,127.55,0.0,0.0,Mobile Money,0,NONE
TX-103047,2026-07-16 17:47:26,EMP-007,CUST-3823,BRANCH-WEST,Services,86.49,0.0,0.0,Mobile Money,0,NONE
TX-103048,2026-07-16 17:49:29,EMP-001,CUST-8069,BRANCH-WEST,Hardware,72.04,11.0,0.0,Cash,0,NONE
TX-103049,2026-07-16 17:53:32,EMP-006,CUST-2590,BRANCH-WEST,Electronics,67.59,4.3,0.0,Cash,0,NONE
TX-103050,2026-07-16 17:55:04,EMP-001,CUST-5466,BRANCH-WEST,Services,36.81,0.0,0.0,Mobile Money,0,NONE
TX-103051,2026-07-16 17:55:37,EMP-002,CUST-2371,BRANCH-CENTRAL,Electronics,29.82,0.0,0.0,Mobile Money,0,NONE
TX-103052,2026-07-16 18:07:24,EMP-002,CUST-7096,BRANCH-CENTRAL,Apparel,18.03,0.0,0.0,Cash,0,NONE
TX-103053,2026-07-16 18:13:12,EMP-006,CUST-9819,BRANCH-WEST,Electronics,38.06,0.0,0.0,Debit Card,0,NONE
TX-103054,2026-07-16 18:15:57,EMP-007,CUST-5881,BRANCH-WEST,Groceries,79.66,10.0,0.0,Credit Card,0,NONE
TX-103055,2026-07-16 18:24:01,EMP-001,CUST-7380,BRANCH-WEST,Apparel,30.35,0.0,0.0,Cash,0,NONE
TX-103056,2026-07-16 18:28:29,EMP-001,CUST-7361,BRANCH-WEST,Electronics,41.01,0.0,0.0,Debit Card,0,NONE
TX-103057,2026-07-16 18:34:14,EMP-008,CUST-9592,BRANCH-EAST,Hardware,51.73,6.8,0.0,Debit Card,0,NONE
TX-103058,2026-07-16 18:34:49,EMP-007,CUST-5616,BRANCH-WEST,Hardware,62.36,0.0,0.0,Cash,0,NONE
TX-103059,2026-07-16 18:35:09,EMP-007,CUST-3118,BRANCH-WEST,Electronics,45.39,0.0,0.0,Mobile Money,0,NONE
TX-103060,2026-07-16 18:40:44,EMP-007,CUST-3372,BRANCH-WEST,Electronics,15.93,5.2,0.0,Cash,0,NONE
TX-103061,2026-07-16 18:41:04,EMP-001,CUST-5658,BRANCH-WEST,Electronics,22.07,0.0,0.0,Cash,0,NONE
TX-103062,2026-07-16 18:47:54,EMP-005,CUST-8956,BRANCH-CENTRAL,Services,58.56,0.0,0.0,Cash,0,NONE
TX-103063,2026-07-16 18:52:25,EMP-002,CUST-8717,BRANCH-CENTRAL,Services,16.84,0.0,0.0,Debit Card,0,NONE
TX-103064,2026-07-16 18:57:16,EMP-005,CUST-9631,BRANCH-CENTRAL,Groceries,45.13,0.0,0.0,Mobile Money,0,NONE
TX-103065,2026-07-16 18:59:18,EMP-002,CUST-1326,BRANCH-CENTRAL,Groceries,57.49,8.2,0.0,Mobile Money,0,NONE
TX-103066,2026-07-16 19:11:35,EMP-001,CUST-2022,BRANCH-WEST,Groceries,21.26,0.0,0.0,Mobile Money,0,NONE
TX-103067,2026-07-16 19:12:07,EMP-006,CUST-4168,BRANCH-WEST,Services,66.38,0.0,0.0,Cash,0,NONE
TX-103068,2026-07-16 19:19:30,EMP-006,CUST-1760,BRANCH-WEST,Apparel,80.91,0.0,0.0,Mobile Money,0,NONE
TX-103069,2026-07-16 19:22:02,EMP-001,CUST-6820,BRANCH-WEST,Services,22.9,0.0,0.0,Mobile Money,0,NONE
TX-103070,2026-07-16 19:22:55,EMP-001,CUST-1977,BRANCH-WEST,Hardware,29.76,0.0,0.0,Mobile Money,0,NONE
TX-103071,2026-07-16 19:25:02,EMP-008,CUST-8145,BRANCH-EAST,Electronics,71.92,0.0,0.0,Mobile Money,0,NONE
TX-103072,2026-07-16 19:28:11,EMP-007,CUST-4339,BRANCH-WEST,Electronics,105.49,0.0,0.0,Cash,0,NONE
TX-103073,2026-07-16 19:35:13,EMP-006,CUST-2868,BRANCH-WEST,Services,35.77,0.0,0.0,Debit Card,0,NONE
TX-103074,2026-07-16 19:41:07,EMP-003,CUST-7515,BRANCH-WEST,Hardware,89.97,8.2,0.0,Cash,0,NONE
TX-103075,2026-07-16 19:48:19,EMP-001,CUST-2218,BRANCH-WEST,Electronics,40.57,9.1,0.0,Mobile Money,0,NONE
TX-103076,2026-07-16 19:55:42,EMP-003,CUST-2624,BRANCH-WEST,Services,48.67,0.0,0.0,Mobile Money,0,NONE
TX-103077,2026-07-16 19:58:14,EMP-006,CUST-4061,BRANCH-WEST,Hardware,19.47,0.0,0.0,Cash,0,NONE
TX-103078,2026-07-16 19:58:55,EMP-008,CUST-6330,BRANCH-EAST,Groceries,47.29,0.0,0.0,Debit Card,0,NONE
TX-103079,2026-07-16 19:59:15,EMP-007,CUST-2556,BRANCH-WEST,Groceries,36.38,0.0,0.0,Credit Card,0,NONE
TX-103080,2026-07-16 20:09:48,EMP-003,CUST-1102,BRANCH-WEST,Services,145.23,0.0,0.0,Credit Card,0,NONE
TX-103081,2026-07-16 20:19:30,EMP-004,CUST-2229,BRANCH-WEST,Services,76.35,10.3,0.0,Cash,0,NONE
TX-103082,2026-07-16 20:21:11,EMP-008,CUST-9243,BRANCH-EAST,Groceries,55.77,0.0,0.0,Mobile Money,0,NONE
TX-103083,2026-07-16 20:22:00,EMP-005,CUST-6733,BRANCH-CENTRAL,Hardware,46.57,11.1,0.0,Mobile Money,0,NONE
TX-103084,2026-07-16 20:29:07,EMP-007,CUST-7174,BRANCH-WEST,Apparel,38.04,0.0,0.0,Debit Card,0,NONE
TX-103085,2026-07-16 20:31:00,EMP-003,CUST-6798,BRANCH-WEST,Services,112.1,0.0,0.0,Debit Card,0,NONE
TX-103086,2026-07-16 20:34:03,EMP-004,CUST-6047,BRANCH-WEST,Services,38.41,0.0,0.0,Mobile Money,0,NONE
TX-103087,2026-07-16 20:40:36,EMP-006,CUST-6343,BRANCH-WEST,Electronics,30.22,0.0,0.0,Cash,0,NONE
TX-103088,2026-07-16 20:41:54,EMP-008,CUST-5880,BRANCH-EAST,Electronics,67.96,0.0,0.0,Debit Card,0,NONE
TX-103089,2026-07-16 20:49:55,EMP-005,CUST-8785,BRANCH-CENTRAL,Electronics,23.71,0.0,0.0,Credit Card,0,NONE
TX-103090,2026-07-16 20:51:01,EMP-002,CUST-8174,BRANCH-CENTRAL,Services,39.79,0.0,0.0,Cash,0,NONE
TX-103091,2026-07-16 20:56:31,EMP-008,CUST-6029,BRANCH-EAST,Hardware,50.41,0.0,0.0,Credit Card,0,NONE
TX-103092,2026-07-16 20:59:43,EMP-007,CUST-5518,BRANCH-WEST,Groceries,63.73,0.0,0.0,Credit Card,0,NONE
TX-103093,2026-07-17 08:08:26,EMP-008,CUST-4973,BRANCH-EAST,Apparel,120.99,0.0,0.0,Credit Card,0,NONE
TX-103094,2026-07-17 08:08:46,EMP-004,CUST-7531,BRANCH-WEST,Services,51.21,0.0,0.0,Debit Card,0,NONE
TX-103095,2026-07-17 08:09:25,EMP-005,CUST-9744,BRANCH-CENTRAL,Groceries,46.74,0.0,0.0,Mobile Money,0,NONE
TX-103096,2026-07-17 08:13:48,EMP-007,CUST-1162,BRANCH-WEST,Apparel,69.29,0.0,0.0,Cash,0,NONE
TX-103097,2026-07-17 08:17:20,EMP-003,CUST-7528,BRANCH-WEST,Electronics,31.06,0.0,0.0,Debit Card,0,NONE
TX-103098,2026-07-17 08:19:41,EMP-005,CUST-2002,BRANCH-CENTRAL,Groceries,35.22,0.0,0.0,Credit Card,0,NONE
TX-103099,2026-07-17 08:22:03,EMP-006,CUST-9521,BRANCH-WEST,Groceries,59.64,0.0,52.93,Mobile Money,0,NONE
TX-103100,2026-07-17 08:25:08,EMP-001,CUST-6404,BRANCH-WEST,Hardware,65.49,0.0,0.0,Mobile Money,0,NONE
TX-103101,2026-07-17 08:27:08,EMP-008,CUST-5291,BRANCH-EAST,Groceries,90.23,0.0,0.0,Mobile Money,0,NONE
TX-103102,2026-07-17 08:31:17,EMP-001,CUST-3447,BRANCH-WEST,Hardware,75.81,0.0,0.0,Cash,0,NONE
TX-103103,2026-07-17 08:31:37,EMP-001,CUST-4487,BRANCH-WEST,Groceries,28.29,0.0,0.0,Debit Card,0,NONE
TX-103104,2026-07-17 08:32:32,EMP-002,CUST-6830,BRANCH-CENTRAL,Electronics,70.61,14.6,0.0,Credit Card,0,NONE
TX-103105,2026-07-17 08:35:31,EMP-002,CUST-5277,BRANCH-CENTRAL,Services,43.22,8.3,0.0,Credit Card,0,NONE
TX-103106,2026-07-17 08:46:08,EMP-007,CUST-8353,BRANCH-WEST,Services,22.63,12.1,0.0,Cash,0,NONE
TX-103107,2026-07-17 08:46:38,EMP-002,CUST-9696,BRANCH-CENTRAL,Hardware,10.79,13.5,0.0,Cash,0,NONE
TX-103108,2026-07-17 08:53:07,EMP-002,CUST-4343,BRANCH-CENTRAL,Hardware,52.55,0.0,0.0,Cash,0,NONE
TX-103109,2026-07-17 09:02:47,EMP-004,CUST-5446,BRANCH-WEST,Apparel,46.31,0.0,0.0,Mobile Money,0,NONE
TX-103110,2026-07-17 09:14:15,EMP-001,CUST-7445,BRANCH-WEST,Hardware,97.83,0.0,0.0,Debit Card,0,NONE
TX-103111,2026-07-17 09:20:16,EMP-007,CUST-7131,BRANCH-WEST,Electronics,57.44,0.0,0.0,Mobile Money,0,NONE
TX-103112,2026-07-17 09:20:49,EMP-003,CUST-2914,BRANCH-WEST,Apparel,53.29,0.0,0.0,Debit Card,0,NONE
TX-103113,2026-07-17 09:23:34,EMP-008,CUST-3243,BRANCH-EAST,Apparel,70.25,0.0,0.0,Mobile Money,0,NONE
TX-103114,2026-07-17 09:24:14,EMP-003,CUST-3046,BRANCH-WEST,Services,52.12,5.8,0.0,Credit Card,0,NONE
TX-103115,2026-07-17 09:26:29,EMP-008,CUST-1481,BRANCH-EAST,Apparel,40.65,0.0,0.0,Debit Card,0,NONE
TX-103116,2026-07-17 09:30:23,EMP-005,CUST-9866,BRANCH-CENTRAL,Apparel,44.45,0.0,0.0,Mobile Money,0,NONE
TX-103117,2026-07-17 09:31:11,EMP-007,CUST-6345,BRANCH-WEST,Electronics,36.08,12.9,0.0,Mobile Money,0,NONE
TX-103118,2026-07-17 09:34:35,EMP-006,CUST-1100,BRANCH-WEST,Hardware,62.69,0.0,0.0,Credit Card,0,NONE
TX-103119,2026-07-17 09:39:56,EMP-006,CUST-6696,BRANCH-WEST,Electronics,107.38,11.4,0.0,Cash,0,NONE
TX-103120,2026-07-17 09:41:34,EMP-001,CUST-5081,BRANCH-WEST,Hardware,33.22,5.2,0.0,Cash,0,NONE
TX-103121,2026-07-17 09:44:12,EMP-008,CUST-4880,BRANCH-EAST,Electronics,132.68,0.0,0.0,Mobile Money,0,NONE
TX-103122,2026-07-17 09:48:22,EMP-007,CUST-5435,BRANCH-WEST,Services,26.13,0.0,0.0,Credit Card,0,NONE
TX-103123,2026-07-17 09:48:43,EMP-006,CUST-6263,BRANCH-WEST,Services,65.81,0.0,0.0,Credit Card,0,NONE
TX-103124,2026-07-17 09:49:05,EMP-003,CUST-6673,BRANCH-WEST,Electronics,71.49,0.0,0.0,Debit Card,0,NONE
TX-103125,2026-07-17 09:49:37,EMP-002,CUST-9230,BRANCH-CENTRAL,Apparel,55.06,0.0,0.0,Debit Card,0,NONE
TX-103126,2026-07-17 09:51:22,EMP-002,CUST-1896,BRANCH-CENTRAL,Apparel,74.05,0.0,0.0,Cash,0,NONE
TX-103127,2026-07-17 09:51:42,EMP-006,CUST-6054,BRANCH-WEST,Services,49.6,8.4,0.0,Debit Card,0,NONE
TX-103128,2026-07-17 09:52:46,EMP-004,CUST-6998,BRANCH-WEST,Electronics,27.09,0.0,0.0,Debit Card,0,NONE
TX-103129,2026-07-17 09:53:06,EMP-005,CUST-2837,BRANCH-CENTRAL,Hardware,60.35,10.0,0.0,Debit Card,0,NONE
TX-103130,2026-07-17 09:53:26,EMP-004,CUST-5259,BRANCH-WEST,Apparel,64.56,0.0,0.0,Cash,0,NONE
TX-103131,2026-07-17 09:55:35,EMP-006,CUST-4790,BRANCH-WEST,Hardware,37.1,0.0,0.0,Mobile Money,0,NONE
TX-103132,2026-07-17 10:00:40,EMP-002,CUST-9681,BRANCH-CENTRAL,Electronics,40.71,0.0,0.0,Cash,0,NONE
TX-103133,2026-07-17 10:01:30,EMP-004,CUST-4926,BRANCH-WEST,Services,73.31,0.0,0.0,Debit Card,0,NONE
TX-103134,2026-07-17 10:04:24,EMP-001,CUST-9404,BRANCH-WEST,Hardware,42.86,0.0,0.0,Cash,0,NONE
TX-103135,2026-07-17 10:07:47,EMP-006,CUST-3852,BRANCH-WEST,Hardware,35.65,0.0,0.0,Credit Card,0,NONE
TX-103136,2026-07-17 10:17:18,EMP-007,CUST-4013,BRANCH-WEST,Apparel,54.03,0.0,0.0,Cash,0,NONE
TX-103137,2026-07-17 10:25:45,EMP-008,CUST-6009,BRANCH-EAST,Hardware,42.04,0.0,0.0,Credit Card,0,NONE
TX-103138,2026-07-17 10:27:51,EMP-004,CUST-8907,BRANCH-WEST,Services,36.58,9.1,0.0,Credit Card,0,NONE
TX-103139,2026-07-17 10:29:09,EMP-007,CUST-8837,BRANCH-WEST,Electronics,51.03,0.0,0.0,Debit Card,0,NONE
TX-103140,2026-07-17 10:30:43,EMP-002,CUST-8851,BRANCH-CENTRAL,Hardware,42.28,0.0,0.0,Debit Card,0,NONE
TX-103141,2026-07-17 10:33:11,EMP-002,CUST-6085,BRANCH-CENTRAL,Electronics,47.5,7.8,0.0,Credit Card,0,NONE
TX-103142,2026-07-17 10:37:38,EMP-007,CUST-8045,BRANCH-WEST,Apparel,50.62,0.0,0.0,Cash,0,NONE
TX-103143,2026-07-17 10:42:59,EMP-001,CUST-2837,BRANCH-WEST,Groceries,22.48,0.0,0.0,Debit Card,0,NONE
TX-103144,2026-07-17 10:51:02,EMP-004,CUST-1277,BRANCH-WEST,Services,101.36,0.0,0.0,Credit Card,0,NONE
TX-103145,2026-07-17 10:51:34,EMP-003,CUST-2559,BRANCH-WEST,Groceries,106.58,0.0,0.0,Credit Card,0,NONE
TX-103146,2026-07-17 11:03:13,EMP-005,CUST-3788,BRANCH-CENTRAL,Apparel,51.9,0.0,0.0,Credit Card,0,NONE
TX-103147,2026-07-17 11:04:26,EMP-008,CUST-7073,BRANCH-EAST,Hardware,54.53,13.9,0.0,Debit Card,0,NONE
TX-103148,2026-07-17 11:15:16,EMP-006,CUST-6710,BRANCH-WEST,Services,65.97,9.2,0.0,Cash,0,NONE
TX-103149,2026-07-17 11:16:15,EMP-003,CUST-3350,BRANCH-WEST,Groceries,93.73,0.0,0.0,Cash,0,NONE
TX-103150,2026-07-17 11:18:35,EMP-003,CUST-5902,BRANCH-WEST,Services,117.76,0.0,0.0,Debit Card,0,NONE
TX-103151,2026-07-17 11:19:01,EMP-002,CUST-8571,BRANCH-CENTRAL,Groceries,57.08,0.0,0.0,Credit Card,0,NONE
TX-103152,2026-07-17 11:32:08,EMP-005,CUST-6385,BRANCH-CENTRAL,Groceries,38.37,0.0,0.0,Mobile Money,0,NONE
TX-103153,2026-07-17 11:39:03,EMP-007,CUST-9132,BRANCH-WEST,Electronics,66.11,0.0,0.0,Cash,0,NONE
TX-103154,2026-07-17 11:41:58,EMP-002,CUST-3985,BRANCH-CENTRAL,Electronics,18.43,0.0,0.0,Credit Card,0,NONE
TX-103155,2026-07-17 11:45:26,EMP-007,CUST-9787,BRANCH-WEST,Groceries,43.31,0.0,0.0,Debit Card,0,NONE
TX-103156,2026-07-17 11:50:40,EMP-002,CUST-5507,BRANCH-CENTRAL,Apparel,97.54,0.0,0.0,Cash,0,NONE
TX-103157,2026-07-17 11:55:28,EMP-003,CUST-2726,BRANCH-WEST,Hardware,37.29,0.0,0.0,Credit Card,0,NONE
TX-103158,2026-07-17 12:00:26,EMP-003,CUST-7966,BRANCH-WEST,Hardware,30.32,0.0,0.0,Credit Card,0,NONE
TX-103159,2026-07-17 12:01:32,EMP-002,CUST-6129,BRANCH-CENTRAL,Services,38.46,0.0,29.16,Cash,0,NONE
TX-103160,2026-07-17 12:04:10,EMP-006,CUST-4197,BRANCH-WEST,Electronics,37.96,0.0,29.54,Cash,0,NONE
TX-103161,2026-07-17 12:09:42,EMP-004,CUST-2307,BRANCH-WEST,Groceries,76.85,13.3,0.0,Debit Card,0,NONE
TX-103162,2026-07-17 12:10:06,EMP-005,CUST-3202,BRANCH-CENTRAL,Apparel,49.57,0.0,0.0,Debit Card,0,NONE
TX-103163,2026-07-17 12:15:59,EMP-001,CUST-1967,BRANCH-WEST,Services,39.24,0.0,0.0,Cash,0,NONE
TX-103164,2026-07-17 12:16:55,EMP-002,CUST-1699,BRANCH-CENTRAL,Apparel,21.51,0.0,0.0,Credit Card,0,NONE
TX-103165,2026-07-17 12:19:01,EMP-004,CUST-8553,BRANCH-WEST,Electronics,52.08,0.0,0.0,Debit Card,0,NONE
TX-103166,2026-07-17 12:25:04,EMP-004,CUST-7211,BRANCH-WEST,Hardware,37.4,8.3,0.0,Credit Card,0,NONE
TX-103167,2026-07-17 12:35:16,EMP-007,CUST-5019,BRANCH-WEST,Electronics,71.77,0.0,0.0,Cash,0,NONE
TX-103168,2026-07-17 12:38:51,EMP-001,CUST-6470,BRANCH-WEST,Services,40.14,0.0,0.0,Debit Card,0,NONE
TX-103169,2026-07-17 12:42:33,EMP-002,CUST-7008,BRANCH-CENTRAL,Apparel,15.0,0.0,0.0,Credit Card,0,NONE
TX-103170,2026-07-17 12:45:49,EMP-007,CUST-7153,BRANCH-WEST,Electronics,92.28,0.0,0.0,Credit Card,0,NONE
TX-103171,2026-07-17 12:46:35,EMP-006,CUST-2895,BRANCH-WEST,Groceries,8.74,0.0,0.0,Cash,0,NONE
TX-103172,2026-07-17 12:53:17,EMP-003,CUST-9324,BRANCH-WEST,Electronics,39.67,0.0,0.0,Cash,0,NONE
TX-103173,2026-07-17 12:59:05,EMP-003,CUST-9924,BRANCH-WEST,Services,68.3,0.0,0.0,Debit Card,0,NONE
TX-103174,2026-07-17 13:09:51,EMP-007,CUST-1076,BRANCH-WEST,Apparel,48.42,0.0,0.0,Cash,0,NONE
TX-103175,2026-07-17 13:10:25,EMP-007,CUST-5176,BRANCH-WEST,Apparel,65.1,11.5,0.0,Cash,0,NONE
TX-103176,2026-07-17 13:13:20,EMP-002,CUST-8566,BRANCH-CENTRAL,Apparel,33.89,0.0,0.0,Credit Card,0,NONE
TX-103177,2026-07-17 13:15:25,EMP-007,CUST-5351,BRANCH-WEST,Groceries,37.15,0.0,0.0,Cash,0,NONE
TX-103178,2026-07-17 13:17:20,EMP-004,CUST-9959,BRANCH-WEST,Groceries,47.18,14.8,11.02,Debit Card,0,NONE
TX-103179,2026-07-17 13:18:04,EMP-004,CUST-7917,BRANCH-WEST,Electronics,98.45,0.0,0.0,Cash,0,NONE
TX-103180,2026-07-17 13:19:18,EMP-005,CUST-5246,BRANCH-CENTRAL,Apparel,26.04,0.0,0.0,Mobile Money,0,NONE
TX-103181,2026-07-17 13:23:05,EMP-006,CUST-4463,BRANCH-WEST,Groceries,43.55,0.0,0.0,Cash,0,NONE
TX-103182,2026-07-17 13:26:25,EMP-007,CUST-9114,BRANCH-WEST,Hardware,58.88,0.0,0.0,Cash,0,NONE
TX-103183,2026-07-17 13:36:08,EMP-003,CUST-3836,BRANCH-WEST,Services,68.83,0.0,0.0,Debit Card,0,NONE
TX-103184,2026-07-17 13:47:48,EMP-005,CUST-6241,BRANCH-CENTRAL,Apparel,34.69,11.5,0.0,Credit Card,0,NONE
TX-103185,2026-07-17 13:49:14,EMP-008,CUST-3224,BRANCH-EAST,Hardware,56.87,6.2,0.0,Debit Card,0,NONE
TX-103186,2026-07-17 13:58:15,EMP-002,CUST-2731,BRANCH-CENTRAL,Hardware,40.83,0.0,0.0,Cash,0,NONE
TX-103187,2026-07-17 14:00:35,EMP-004,CUST-5998,BRANCH-WEST,Electronics,51.29,0.0,0.0,Cash,0,NONE
TX-103188,2026-07-17 14:00:55,EMP-008,CUST-4367,BRANCH-EAST,Services,27.16,0.0,0.0,Credit Card,0,NONE
TX-103189,2026-07-17 14:03:28,EMP-004,CUST-4834,BRANCH-WEST,Electronics,66.41,0.0,0.0,Debit Card,0,NONE
TX-103190,2026-07-17 14:07:15,EMP-001,CUST-5113,BRANCH-WEST,Groceries,46.68,3.1,43.06,Credit Card,0,NONE
TX-103191,2026-07-17 14:09:31,EMP-004,CUST-9399,BRANCH-WEST,Hardware,76.1,0.0,0.0,Mobile Money,0,NONE
TX-103192,2026-07-17 14:16:21,EMP-007,CUST-3183,BRANCH-WEST,Apparel,23.0,0.0,0.0,Cash,0,NONE
TX-103193,2026-07-17 14:16:41,EMP-005,CUST-2111,BRANCH-CENTRAL,Electronics,49.97,0.0,0.0,Cash,0,NONE
TX-103194,2026-07-17 14:21:06,EMP-001,CUST-6834,BRANCH-WEST,Hardware,37.15,0.0,29.37,Cash,0,NONE
TX-103195,2026-07-17 14:27:47,EMP-001,CUST-1927,BRANCH-WEST,Hardware,42.09,0.0,0.0,Credit Card,0,NONE
TX-103196,2026-07-17 14:35:27,EMP-002,CUST-4524,BRANCH-CENTRAL,Electronics,39.83,0.0,0.0,Mobile Money,0,NONE
TX-103197,2026-07-17 14:44:49,EMP-002,CUST-1974,BRANCH-CENTRAL,Services,52.22,0.0,0.0,Cash,0,NONE
TX-103198,2026-07-17 14:46:21,EMP-003,CUST-3362,BRANCH-WEST,Apparel,48.73,0.0,0.0,Debit Card,0,NONE
TX-103199,2026-07-17 14:46:41,EMP-003,CUST-7386,BRANCH-WEST,Apparel,66.79,0.0,0.0,Mobile Money,0,NONE
TX-103200,2026-07-17 14:51:46,EMP-003,CUST-3907,BRANCH-WEST,Apparel,31.12,9.0,0.0,Mobile Money,0,NONE
TX-103201,2026-07-17 14:52:36,EMP-003,CUST-5745,BRANCH-WEST,Groceries,54.72,0.0,0.0,Mobile Money,0,NONE
TX-103202,2026-07-17 14:57:02,EMP-003,CUST-7868,BRANCH-WEST,Groceries,55.96,12.9,0.0,Mobile Money,0,NONE
TX-103203,2026-07-17 14:58:47,EMP-005,CUST-7268,BRANCH-CENTRAL,Services,15.01,0.0,0.0,Mobile Money,0,NONE
TX-103204,2026-07-17 15:00:19,EMP-001,CUST-8780,BRANCH-WEST,Groceries,41.3,7.8,0.0,Mobile Money,0,NONE
TX-103205,2026-07-17 15:00:39,EMP-001,CUST-3481,BRANCH-WEST,Groceries,45.84,7.0,0.0,Debit Card,0,NONE
TX-103206,2026-07-17 15:02:53,EMP-007,CUST-3220,BRANCH-WEST,Groceries,43.66,0.0,0.0,Cash,0,NONE
TX-103207,2026-07-17 15:03:16,EMP-001,CUST-6553,BRANCH-WEST,Hardware,54.45,0.0,0.0,Cash,0,NONE
TX-103208,2026-07-17 15:08:56,EMP-002,CUST-9108,BRANCH-CENTRAL,Electronics,78.61,14.5,0.0,Cash,0,NONE
TX-103209,2026-07-17 15:09:16,EMP-001,CUST-8559,BRANCH-WEST,Electronics,94.88,0.0,0.0,Cash,0,NONE
TX-103210,2026-07-17 15:09:52,EMP-008,CUST-3812,BRANCH-EAST,Electronics,38.46,5.5,0.0,Cash,0,NONE
TX-103211,2026-07-17 15:12:40,EMP-008,CUST-2238,BRANCH-EAST,Hardware,85.24,0.0,0.0,Cash,0,NONE
TX-103212,2026-07-17 15:15:48,EMP-005,CUST-6180,BRANCH-CENTRAL,Apparel,46.67,0.0,0.0,Debit Card,0,NONE
TX-103213,2026-07-17 15:23:11,EMP-002,CUST-3739,BRANCH-CENTRAL,Services,42.84,0.0,0.0,Debit Card,0,NONE
TX-103214,2026-07-17 15:28:18,EMP-001,CUST-8451,BRANCH-WEST,Apparel,22.53,0.0,0.0,Mobile Money,0,NONE
TX-103215,2026-07-17 15:43:36,EMP-004,CUST-5940,BRANCH-WEST,Apparel,51.26,0.0,0.0,Mobile Money,0,NONE
TX-103216,2026-07-17 15:44:17,EMP-003,CUST-6907,BRANCH-WEST,Electronics,23.27,7.8,0.0,Mobile Money,0,NONE
TX-103217,2026-07-17 15:48:21,EMP-004,CUST-5421,BRANCH-WEST,Groceries,47.21,11.8,0.0,Cash,0,NONE
TX-103218,2026-07-17 15:48:54,EMP-005,CUST-5998,BRANCH-CENTRAL,Hardware,21.03,0.0,0.0,Mobile Money,0,NONE
TX-103219,2026-07-17 15:57:38,EMP-007,CUST-1370,BRANCH-WEST,Electronics,41.12,0.0,0.0,Credit Card,0,NONE
TX-103220,2026-07-17 15:57:58,EMP-006,CUST-2546,BRANCH-WEST,Electronics,66.36,0.0,0.0,Cash,0,NONE
TX-103221,2026-07-17 15:58:18,EMP-008,CUST-5916,BRANCH-EAST,Services,49.7,14.6,0.0,Credit Card,0,NONE
TX-103222,2026-07-17 16:11:55,EMP-006,CUST-9848,BRANCH-WEST,Apparel,18.23,3.4,0.0,Cash,0,NONE
TX-103223,2026-07-17 16:13:43,EMP-006,CUST-9798,BRANCH-WEST,Services,48.23,0.0,0.0,Debit Card,0,NONE
TX-103224,2026-07-17 16:14:03,EMP-007,CUST-5678,BRANCH-WEST,Services,37.28,0.0,0.0,Credit Card,0,NONE
TX-103225,2026-07-17 16:25:56,EMP-008,CUST-8011,BRANCH-EAST,Services,163.82,0.0,0.0,Debit Card,0,NONE
TX-103226,2026-07-17 16:27:03,EMP-007,CUST-1963,BRANCH-WEST,Groceries,25.68,0.0,0.0,Debit Card,0,NONE
TX-103227,2026-07-17 16:31:54,EMP-005,CUST-1387,BRANCH-CENTRAL,Services,158.57,0.0,0.0,Cash,0,NONE
TX-103228,2026-07-17 16:32:14,EMP-002,CUST-1532,BRANCH-CENTRAL,Hardware,33.92,0.0,0.0,Mobile Money,0,NONE
TX-103229,2026-07-17 16:37:35,EMP-002,CUST-8162,BRANCH-CENTRAL,Apparel,33.28,7.8,0.0,Mobile Money,0,NONE
TX-103230,2026-07-17 16:38:25,EMP-007,CUST-3094,BRANCH-WEST,Electronics,27.44,0.0,0.0,Credit Card,0,NONE
TX-103231,2026-07-17 16:46:19,EMP-005,CUST-9353,BRANCH-CENTRAL,Hardware,52.19,0.0,0.0,Cash,0,NONE
TX-103232,2026-07-17 16:57:43,EMP-003,CUST-2921,BRANCH-WEST,Electronics,24.18,0.0,0.0,Credit Card,0,NONE
TX-103233,2026-07-17 16:58:46,EMP-005,CUST-8072,BRANCH-CENTRAL,Electronics,50.11,13.3,0.0,Mobile Money,0,NONE
TX-103234,2026-07-17 16:59:06,EMP-004,CUST-9055,BRANCH-WEST,Electronics,76.02,0.0,0.0,Credit Card,0,NONE
TX-103235,2026-07-17 17:02:09,EMP-001,CUST-4410,BRANCH-WEST,Electronics,22.23,3.2,0.0,Debit Card,0,NONE
TX-103236,2026-07-17 17:13:40,EMP-004,CUST-5779,BRANCH-WEST,Hardware,106.5,0.0,0.0,Cash,0,NONE
TX-103237,2026-07-17 17:16:21,EMP-001,CUST-9456,BRANCH-WEST,Services,26.85,0.0,0.0,Cash,0,NONE
TX-103238,2026-07-17 17:19:13,EMP-002,CUST-5130,BRANCH-CENTRAL,Groceries,37.87,0.0,24.05,Cash,0,NONE
TX-103239,2026-07-17 17:21:45,EMP-007,CUST-3494,BRANCH-WEST,Electronics,24.11,8.9,0.0,Debit Card,0,NONE
TX-103240,2026-07-17 17:26:39,EMP-001,CUST-7360,BRANCH-WEST,Groceries,36.52,0.0,0.0,Credit Card,0,NONE
TX-103241,2026-07-17 17:26:59,EMP-002,CUST-9972,BRANCH-CENTRAL,Hardware,53.63,0.0,0.0,Mobile Money,0,NONE
TX-103242,2026-07-17 17:29:43,EMP-001,CUST-1830,BRANCH-WEST,Groceries,22.41,0.0,0.0,Credit Card,0,NONE
TX-103243,2026-07-17 17:35:25,EMP-004,CUST-5080,BRANCH-WEST,Hardware,55.96,4.2,0.0,Debit Card,0,NONE
TX-103244,2026-07-17 17:52:11,EMP-002,CUST-2574,BRANCH-CENTRAL,Services,52.09,0.0,0.0,Credit Card,0,NONE
TX-103245,2026-07-17 17:54:36,EMP-005,CUST-6402,BRANCH-CENTRAL,Services,60.59,9.9,0.0,Mobile Money,0,NONE
TX-103246,2026-07-17 17:57:42,EMP-001,CUST-4098,BRANCH-WEST,Apparel,38.27,0.0,0.0,Cash,0,NONE
TX-103247,2026-07-17 17:59:34,EMP-006,CUST-4333,BRANCH-WEST,Apparel,73.43,0.0,0.0,Debit Card,0,NONE
TX-103248,2026-07-17 18:02:17,EMP-001,CUST-8315,BRANCH-WEST,Apparel,22.07,0.0,0.0,Credit Card,0,NONE
TX-103249,2026-07-17 18:11:31,EMP-005,CUST-5478,BRANCH-CENTRAL,Hardware,51.37,0.0,0.0,Cash,0,NONE
TX-103250,2026-07-17 18:16:00,EMP-002,CUST-1959,BRANCH-CENTRAL,Services,30.91,13.6,0.0,Mobile Money,0,NONE
TX-103251,2026-07-17 18:19:42,EMP-002,CUST-9306,BRANCH-CENTRAL,Electronics,49.38,0.0,0.0,Debit Card,0,NONE
TX-103252,2026-07-17 18:20:12,EMP-005,CUST-1018,BRANCH-CENTRAL,Electronics,45.38,0.0,0.0,Cash,0,NONE
TX-103253,2026-07-17 18:22:15,EMP-006,CUST-9205,BRANCH-WEST,Groceries,29.69,0.0,0.0,Mobile Money,0,NONE
TX-103254,2026-07-17 18:25:48,EMP-008,CUST-4725,BRANCH-EAST,Apparel,63.22,0.0,0.0,Credit Card,0,NONE
TX-103255,2026-07-17 18:26:34,EMP-003,CUST-4641,BRANCH-WEST,Apparel,44.23,0.0,16.56,Mobile Money,0,NONE
TX-103256,2026-07-17 18:43:58,EMP-002,CUST-3285,BRANCH-CENTRAL,Services,100.28,0.0,0.0,Cash,0,NONE
TX-103257,2026-07-17 18:45:32,EMP-007,CUST-2137,BRANCH-WEST,Electronics,67.78,0.0,0.0,Credit Card,0,NONE
TX-103258,2026-07-17 18:45:55,EMP-001,CUST-5699,BRANCH-WEST,Hardware,91.17,3.4,0.0,Mobile Money,0,NONE
TX-103259,2026-07-17 18:46:15,EMP-004,CUST-1907,BRANCH-WEST,Apparel,33.89,0.0,7.46,Mobile Money,0,NONE
TX-103260,2026-07-17 18:52:53,EMP-003,CUST-8508,BRANCH-WEST,Groceries,29.21,11.7,0.0,Mobile Money,0,NONE
TX-103261,2026-07-17 18:53:13,EMP-004,CUST-3083,BRANCH-WEST,Services,59.14,0.0,0.0,Debit Card,0,NONE
TX-103262,2026-07-17 18:53:55,EMP-002,CUST-6748,BRANCH-CENTRAL,Groceries,50.59,10.9,0.0,Credit Card,0,NONE
TX-103263,2026-07-17 18:55:04,EMP-001,CUST-9155,BRANCH-WEST,Hardware,53.24,0.0,0.0,Credit Card,0,NONE
TX-103264,2026-07-17 18:55:24,EMP-005,CUST-7255,BRANCH-CENTRAL,Groceries,59.97,0.0,0.0,Mobile Money,0,NONE
TX-103265,2026-07-17 18:57:28,EMP-003,CUST-8205,BRANCH-WEST,Hardware,143.37,0.0,0.0,Credit Card,0,NONE
TX-103266,2026-07-17 18:59:16,EMP-007,CUST-1412,BRANCH-WEST,Groceries,69.76,0.0,0.0,Cash,0,NONE
TX-103267,2026-07-17 19:13:22,EMP-006,CUST-9179,BRANCH-WEST,Electronics,26.12,0.0,0.0,Mobile Money,0,NONE
TX-103268,2026-07-17 19:14:08,EMP-005,CUST-4848,BRANCH-CENTRAL,Apparel,23.0,0.0,0.0,Debit Card,0,NONE
TX-103269,2026-07-17 19:16:30,EMP-007,CUST-9761,BRANCH-WEST,Electronics,119.9,6.8,0.0,Mobile Money,0,NONE
TX-103270,2026-07-17 19:17:40,EMP-008,CUST-4002,BRANCH-EAST,Hardware,65.6,0.0,28.75,Debit Card,0,NONE
TX-103271,2026-07-17 19:20:48,EMP-007,CUST-6752,BRANCH-WEST,Hardware,93.33,0.0,0.0,Credit Card,0,NONE
TX-103272,2026-07-17 19:22:15,EMP-002,CUST-8240,BRANCH-CENTRAL,Hardware,29.43,0.0,0.0,Credit Card,0,NONE
TX-103273,2026-07-17 19:26:56,EMP-005,CUST-8754,BRANCH-CENTRAL,Hardware,58.77,0.0,0.0,Cash,0,NONE
TX-103274,2026-07-17 19:28:54,EMP-004,CUST-6924,BRANCH-WEST,Groceries,34.59,14.7,0.0,Credit Card,0,NONE
TX-103275,2026-07-17 19:30:44,EMP-008,CUST-5937,BRANCH-EAST,Electronics,22.25,6.8,0.0,Mobile Money,0,NONE
TX-103276,2026-07-17 19:31:09,EMP-005,CUST-1878,BRANCH-CENTRAL,Apparel,72.11,0.0,0.0,Debit Card,0,NONE
TX-103277,2026-07-17 19:35:32,EMP-003,CUST-2809,BRANCH-WEST,Electronics,36.68,12.5,0.0,Credit Card,0,NONE
TX-103278,2026-07-17 19:36:52,EMP-006,CUST-3680,BRANCH-WEST,Apparel,23.13,0.0,0.0,Cash,0,NONE
TX-103279,2026-07-17 19:37:48,EMP-007,CUST-5528,BRANCH-WEST,Apparel,47.77,0.0,0.0,Cash,0,NONE
TX-103280,2026-07-17 19:38:08,EMP-002,CUST-9078,BRANCH-CENTRAL,Electronics,40.9,0.0,0.0,Mobile Money,0,NONE
TX-103281,2026-07-17 19:39:09,EMP-008,CUST-5080,BRANCH-EAST,Groceries,74.31,0.0,0.0,Credit Card,0,NONE
TX-103282,2026-07-17 19:40:27,EMP-004,CUST-6527,BRANCH-WEST,Services,60.31,0.0,0.0,Mobile Money,0,NONE
TX-103283,2026-07-17 19:40:47,EMP-002,CUST-9654,BRANCH-CENTRAL,Services,29.35,0.0,0.0,Cash,0,NONE
TX-103284,2026-07-17 19:41:21,EMP-007,CUST-7638,BRANCH-WEST,Apparel,28.08,0.0,24.54,Cash,0,NONE
TX-103285,2026-07-17 19:46:16,EMP-001,CUST-3977,BRANCH-WEST,Groceries,68.55,13.5,0.0,Credit Card,0,NONE
TX-103286,2026-07-17 19:49:31,EMP-002,CUST-4055,BRANCH-CENTRAL,Electronics,62.51,0.0,0.0,Debit Card,0,NONE
TX-103287,2026-07-17 19:50:00,EMP-001,CUST-6094,BRANCH-WEST,Services,22.3,0.0,0.0,Cash,0,NONE
TX-103288,2026-07-17 19:53:04,EMP-004,CUST-9137,BRANCH-WEST,Electronics,24.67,11.8,0.0,Debit Card,0,NONE
TX-103289,2026-07-17 19:56:46,EMP-001,CUST-1957,BRANCH-WEST,Electronics,32.26,15.0,0.0,Debit Card,0,NONE
TX-103290,2026-07-17 20:04:58,EMP-001,CUST-2313,BRANCH-WEST,Groceries,21.1,0.0,0.0,Cash,0,NONE
TX-103291,2026-07-17 20:06:09,EMP-004,CUST-5879,BRANCH-WEST,Hardware,41.76,0.0,0.0,Debit Card,0,NONE
TX-103292,2026-07-17 20:08:45,EMP-002,CUST-8645,BRANCH-CENTRAL,Services,60.55,0.0,0.0,Cash,0,NONE
TX-103293,2026-07-17 20:10:35,EMP-007,CUST-3549,BRANCH-WEST,Apparel,46.72,0.0,0.0,Cash,0,NONE
TX-103294,2026-07-17 20:12:27,EMP-005,CUST-2614,BRANCH-CENTRAL,Services,72.71,0.0,0.0,Debit Card,0,NONE
TX-103295,2026-07-17 20:16:39,EMP-006,CUST-6974,BRANCH-WEST,Groceries,36.19,0.0,0.0,Debit Card,0,NONE
TX-103296,2026-07-17 20:20:27,EMP-006,CUST-4661,BRANCH-WEST,Apparel,68.05,0.0,0.0,Cash,0,NONE
TX-103297,2026-07-17 20:20:47,EMP-008,CUST-3727,BRANCH-EAST,Services,53.0,0.0,0.0,Debit Card,0,NONE
TX-103298,2026-07-17 20:28:58,EMP-001,CUST-8727,BRANCH-WEST,Electronics,12.82,0.0,0.0,Cash,0,NONE
TX-103299,2026-07-17 20:31:42,EMP-004,CUST-8666,BRANCH-WEST,Groceries,59.72,0.0,0.0,Cash,0,NONE
TX-103300,2026-07-17 20:36:06,EMP-002,CUST-8700,BRANCH-CENTRAL,Electronics,17.94,5.4,0.0,Debit Card,0,NONE
TX-103301,2026-07-17 20:36:41,EMP-005,CUST-8882,BRANCH-CENTRAL,Hardware,32.7,0.0,0.0,Debit Card,0,NONE
TX-103302,2026-07-17 20:38:59,EMP-006,CUST-4714,BRANCH-WEST,Groceries,13.55,0.0,0.0,Cash,0,NONE
TX-103303,2026-07-17 20:43:31,EMP-001,CUST-3982,BRANCH-WEST,Apparel,37.75,0.0,0.0,Credit Card,0,NONE
TX-103304,2026-07-17 20:45:42,EMP-006,CUST-8627,BRANCH-WEST,Services,44.95,5.0,0.0,Credit Card,0,NONE
TX-103305,2026-07-17 20:52:17,EMP-004,CUST-3211,BRANCH-WEST,Electronics,64.08,0.0,0.0,Mobile Money,0,NONE
TX-103306,2026-07-17 20:52:44,EMP-002,CUST-7401,BRANCH-CENTRAL,Services,20.88,14.9,0.0,Debit Card,0,NONE
TX-103307,2026-07-17 20:56:06,EMP-006,CUST-8469,BRANCH-WEST,Apparel,26.9,0.0,0.0,Debit Card,0,NONE
TX-103308,2026-07-18 08:30:28,EMP-006,CUST-2086,BRANCH-WEST,Hardware,35.9,0.0,0.0,Credit Card,0,NONE
TX-103309,2026-07-18 08:34:53,EMP-003,CUST-2465,BRANCH-WEST,Apparel,80.43,4.4,0.0,Credit Card,0,NONE
TX-103310,2026-07-18 08:38:00,EMP-003,CUST-7363,BRANCH-WEST,Groceries,69.55,14.1,0.0,Credit Card,0,NONE
TX-103311,2026-07-18 08:49:42,EMP-001,CUST-9563,BRANCH-WEST,Apparel,24.46,0.0,0.0,Mobile Money,0,NONE
TX-103312,2026-07-18 08:51:50,EMP-002,CUST-9817,BRANCH-CENTRAL,Electronics,68.76,0.0,0.0,Credit Card,0,NONE
TX-103313,2026-07-18 09:02:29,EMP-002,CUST-4610,BRANCH-CENTRAL,Groceries,21.24,14.0,0.0,Cash,0,NONE
TX-103314,2026-07-18 09:09:44,EMP-001,CUST-6183,BRANCH-WEST,Electronics,44.22,4.2,0.0,Debit Card,0,NONE
TX-103315,2026-07-18 09:16:36,EMP-008,CUST-6975,BRANCH-EAST,Services,44.99,0.0,0.0,Debit Card,0,NONE
TX-103316,2026-07-18 09:17:56,EMP-004,CUST-4786,BRANCH-WEST,Services,72.58,0.0,0.0,Cash,0,NONE
TX-103317,2026-07-18 09:18:16,EMP-002,CUST-1051,BRANCH-CENTRAL,Apparel,32.38,4.4,0.0,Debit Card,0,NONE
TX-103318,2026-07-18 09:20:06,EMP-007,CUST-5252,BRANCH-WEST,Electronics,190.24,0.0,0.0,Debit Card,0,NONE
TX-103319,2026-07-18 09:25:19,EMP-002,CUST-6243,BRANCH-CENTRAL,Hardware,49.79,7.0,0.0,Cash,0,NONE
TX-103320,2026-07-18 09:27:04,EMP-003,CUST-9945,BRANCH-WEST,Groceries,119.04,0.0,0.0,Credit Card,0,NONE
TX-103321,2026-07-18 09:30:14,EMP-002,CUST-3195,BRANCH-CENTRAL,Electronics,98.38,0.0,0.0,Debit Card,0,NONE
TX-103322,2026-07-18 09:34:19,EMP-002,CUST-6592,BRANCH-CENTRAL,Apparel,37.53,0.0,0.0,Cash,0,NONE
TX-103323,2026-07-18 09:34:49,EMP-008,CUST-3634,BRANCH-EAST,Electronics,61.51,0.0,21.71,Credit Card,0,NONE
TX-103324,2026-07-18 09:35:50,EMP-007,CUST-7058,BRANCH-WEST,Apparel,90.47,0.0,0.0,Mobile Money,0,NONE
TX-103325,2026-07-18 09:40:39,EMP-001,CUST-6867,BRANCH-WEST,Groceries,39.47,0.0,0.0,Mobile Money,0,NONE
TX-103326,2026-07-18 09:46:52,EMP-001,CUST-9192,BRANCH-WEST,Hardware,24.06,7.6,0.0,Debit Card,0,NONE
TX-103327,2026-07-18 09:48:52,EMP-004,CUST-8883,BRANCH-WEST,Groceries,23.95,8.8,0.0,Mobile Money,0,NONE
TX-103328,2026-07-18 09:49:43,EMP-001,CUST-4042,BRANCH-WEST,Hardware,41.91,0.0,0.0,Credit Card,0,NONE
TX-103329,2026-07-18 10:07:50,EMP-006,CUST-8520,BRANCH-WEST,Electronics,32.08,0.0,0.0,Mobile Money,0,NONE
TX-103330,2026-07-18 10:08:33,EMP-006,CUST-5252,BRANCH-WEST,Hardware,58.94,0.0,0.0,Mobile Money,0,NONE
TX-103331,2026-07-18 10:13:25,EMP-008,CUST-4046,BRANCH-EAST,Services,53.14,0.0,0.0,Cash,0,NONE
TX-103332,2026-07-18 10:25:04,EMP-008,CUST-7825,BRANCH-EAST,Hardware,147.05,0.0,53.95,Debit Card,0,NONE
TX-103333,2026-07-18 10:27:34,EMP-004,CUST-3356,BRANCH-WEST,Hardware,33.45,0.0,0.0,Mobile Money,0,NONE
TX-103334,2026-07-18 10:31:33,EMP-006,CUST-4411,BRANCH-WEST,Services,23.5,0.0,0.0,Debit Card,0,NONE
TX-103335,2026-07-18 10:34:23,EMP-003,CUST-6867,BRANCH-WEST,Services,58.62,13.7,0.0,Debit Card,0,NONE
TX-103336,2026-07-18 10:37:23,EMP-001,CUST-7659,BRANCH-WEST,Groceries,51.75,0.0,0.0,Debit Card,0,NONE
TX-103337,2026-07-18 10:41:44,EMP-004,CUST-3889,BRANCH-WEST,Groceries,74.2,0.0,0.0,Mobile Money,0,NONE
TX-103338,2026-07-18 10:42:12,EMP-005,CUST-1098,BRANCH-CENTRAL,Apparel,44.36,0.0,0.0,Mobile Money,0,NONE
TX-103339,2026-07-18 10:51:10,EMP-008,CUST-4277,BRANCH-EAST,Services,152.08,0.0,0.0,Credit Card,0,NONE
TX-103340,2026-07-18 11:01:15,EMP-008,CUST-8029,BRANCH-EAST,Apparel,64.16,0.0,0.0,Credit Card,0,NONE
TX-103341,2026-07-18 11:04:22,EMP-007,CUST-8376,BRANCH-WEST,Groceries,43.68,0.0,0.0,Debit Card,0,NONE
TX-103342,2026-07-18 11:05:00,EMP-008,CUST-6554,BRANCH-EAST,Apparel,76.87,0.0,0.0,Cash,0,NONE
TX-103343,2026-07-18 11:10:00,EMP-001,CUST-4952,BRANCH-WEST,Services,22.97,0.0,0.0,Debit Card,0,NONE
TX-103344,2026-07-18 11:19:56,EMP-004,CUST-7593,BRANCH-WEST,Electronics,81.85,0.0,0.0,Cash,0,NONE
TX-103345,2026-07-18 11:21:56,EMP-003,CUST-3874,BRANCH-WEST,Electronics,111.52,0.0,0.0,Cash,0,NONE
TX-103346,2026-07-18 11:22:16,EMP-008,CUST-7078,BRANCH-EAST,Hardware,70.3,0.0,0.0,Debit Card,0,NONE
TX-103347,2026-07-18 11:26:45,EMP-002,CUST-7929,BRANCH-CENTRAL,Electronics,27.56,6.5,0.0,Credit Card,0,NONE
TX-103348,2026-07-18 11:28:54,EMP-002,CUST-5734,BRANCH-CENTRAL,Apparel,47.32,0.0,0.0,Mobile Money,0,NONE
TX-103349,2026-07-18 11:29:14,EMP-001,CUST-7140,BRANCH-WEST,Electronics,86.56,0.0,0.0,Cash,0,NONE
TX-103350,2026-07-18 11:30:05,EMP-004,CUST-3935,BRANCH-WEST,Electronics,64.93,5.2,0.0,Cash,0,NONE
TX-103351,2026-07-18 11:39:05,EMP-002,CUST-5360,BRANCH-CENTRAL,Electronics,61.67,0.0,0.0,Cash,0,NONE
TX-103352,2026-07-18 11:39:35,EMP-001,CUST-7919,BRANCH-WEST,Services,60.19,3.9,0.0,Cash,0,NONE
TX-103353,2026-07-18 11:40:21,EMP-004,CUST-2317,BRANCH-WEST,Hardware,29.92,0.0,0.0,Cash,0,NONE
TX-103354,2026-07-18 11:43:49,EMP-006,CUST-1176,BRANCH-WEST,Groceries,37.78,0.0,0.0,Mobile Money,0,NONE
TX-103355,2026-07-18 11:48:15,EMP-007,CUST-8517,BRANCH-WEST,Electronics,69.07,0.0,0.0,Mobile Money,0,NONE
TX-103356,2026-07-18 11:49:04,EMP-002,CUST-8218,BRANCH-CENTRAL,Electronics,22.38,0.0,0.0,Debit Card,0,NONE
TX-103357,2026-07-18 11:50:00,EMP-004,CUST-1087,BRANCH-WEST,Services,86.78,9.8,0.0,Credit Card,0,NONE
TX-103358,2026-07-18 11:51:30,EMP-005,CUST-1997,BRANCH-CENTRAL,Electronics,23.22,0.0,0.0,Credit Card,0,NONE
TX-103359,2026-07-18 11:53:52,EMP-002,CUST-4587,BRANCH-CENTRAL,Services,33.85,8.5,0.0,Debit Card,0,NONE
TX-103360,2026-07-18 11:55:24,EMP-003,CUST-9862,BRANCH-WEST,Groceries,106.0,9.9,0.0,Mobile Money,0,NONE
TX-103361,2026-07-18 11:58:44,EMP-006,CUST-1782,BRANCH-WEST,Apparel,39.46,0.0,0.0,Debit Card,0,NONE
TX-103362,2026-07-18 11:59:25,EMP-001,CUST-3055,BRANCH-WEST,Hardware,41.98,0.0,0.0,Credit Card,0,NONE
TX-103363,2026-07-18 12:03:37,EMP-003,CUST-8432,BRANCH-WEST,Electronics,155.88,0.0,0.0,Mobile Money,0,NONE
TX-103364,2026-07-18 12:12:26,EMP-008,CUST-5338,BRANCH-EAST,Services,101.25,0.0,0.0,Cash,0,NONE
TX-103365,2026-07-18 12:17:59,EMP-008,CUST-1009,BRANCH-EAST,Services,63.42,0.0,0.0,Cash,0,NONE
TX-103366,2026-07-18 12:20:39,EMP-007,CUST-9112,BRANCH-WEST,Apparel,24.8,0.0,0.0,Cash,0,NONE
TX-103367,2026-07-18 12:37:05,EMP-003,CUST-1730,BRANCH-WEST,Services,99.9,11.6,0.0,Mobile Money,0,NONE
TX-103368,2026-07-18 12:41:29,EMP-001,CUST-3718,BRANCH-WEST,Electronics,37.53,0.0,0.0,Credit Card,0,NONE
TX-103369,2026-07-18 12:45:23,EMP-004,CUST-1533,BRANCH-WEST,Apparel,45.5,0.0,0.0,Cash,0,NONE
TX-103370,2026-07-18 12:45:43,EMP-004,CUST-3840,BRANCH-WEST,Electronics,50.87,0.0,0.0,Mobile Money,0,NONE
TX-103371,2026-07-18 12:47:20,EMP-003,CUST-1107,BRANCH-WEST,Electronics,53.62,3.8,0.0,Credit Card,0,NONE
TX-103372,2026-07-18 12:49:38,EMP-006,CUST-6636,BRANCH-WEST,Groceries,31.01,13.6,0.0,Credit Card,0,NONE
TX-103373,2026-07-18 12:54:18,EMP-005,CUST-6383,BRANCH-CENTRAL,Groceries,35.18,7.9,0.0,Credit Card,0,NONE
TX-103374,2026-07-18 12:57:11,EMP-004,CUST-4172,BRANCH-WEST,Electronics,39.32,4.9,0.0,Debit Card,0,NONE
TX-103375,2026-07-18 13:00:46,EMP-003,CUST-7991,BRANCH-WEST,Electronics,40.77,9.4,0.0,Mobile Money,0,NONE
TX-103376,2026-07-18 13:01:06,EMP-002,CUST-3069,BRANCH-CENTRAL,Apparel,57.25,0.0,0.0,Cash,0,NONE
TX-103377,2026-07-18 13:06:41,EMP-008,CUST-6461,BRANCH-EAST,Services,93.51,0.0,0.0,Mobile Money,0,NONE
TX-103378,2026-07-18 13:11:43,EMP-001,CUST-2931,BRANCH-WEST,Electronics,34.8,9.0,0.0,Debit Card,0,NONE
TX-103379,2026-07-18 13:15:49,EMP-008,CUST-6062,BRANCH-EAST,Services,169.73,0.0,0.0,Cash,0,NONE
TX-103380,2026-07-18 13:16:09,EMP-007,CUST-3986,BRANCH-WEST,Services,92.77,0.0,0.0,Cash,0,NONE
TX-103381,2026-07-18 13:18:55,EMP-004,CUST-8342,BRANCH-WEST,Apparel,66.94,0.0,0.0,Mobile Money,0,NONE
TX-103382,2026-07-18 13:20:41,EMP-003,CUST-7480,BRANCH-WEST,Hardware,95.25,5.7,0.0,Mobile Money,0,NONE
TX-103383,2026-07-18 13:25:24,EMP-007,CUST-3098,BRANCH-WEST,Hardware,28.29,0.0,0.0,Credit Card,0,NONE
TX-103384,2026-07-18 13:33:35,EMP-003,CUST-9334,BRANCH-WEST,Hardware,110.1,0.0,0.0,Mobile Money,0,NONE
TX-103385,2026-07-18 13:36:52,EMP-001,CUST-7975,BRANCH-WEST,Groceries,28.9,0.0,0.0,Cash,0,NONE
TX-103386,2026-07-18 13:45:26,EMP-001,CUST-3594,BRANCH-WEST,Services,87.34,0.0,0.0,Mobile Money,0,NONE
TX-103387,2026-07-18 13:48:52,EMP-005,CUST-2000,BRANCH-CENTRAL,Electronics,155.22,4.3,0.0,Mobile Money,0,NONE
TX-103388,2026-07-18 13:54:24,EMP-006,CUST-6810,BRANCH-WEST,Groceries,122.07,0.0,0.0,Mobile Money,0,NONE
TX-103389,2026-07-18 13:57:02,EMP-002,CUST-2721,BRANCH-CENTRAL,Apparel,57.63,13.1,0.0,Debit Card,0,NONE
TX-103390,2026-07-18 13:57:25,EMP-008,CUST-8552,BRANCH-EAST,Electronics,94.92,0.0,0.0,Mobile Money,0,NONE
TX-103391,2026-07-18 13:58:54,EMP-006,CUST-5117,BRANCH-WEST,Electronics,62.29,4.1,0.0,Credit Card,0,NONE
TX-103392,2026-07-18 14:00:21,EMP-006,CUST-9842,BRANCH-WEST,Groceries,36.84,0.0,0.0,Cash,0,NONE
TX-103393,2026-07-18 14:03:56,EMP-005,CUST-9892,BRANCH-CENTRAL,Hardware,56.36,0.0,0.0,Debit Card,0,NONE
TX-103394,2026-07-18 14:14:55,EMP-004,CUST-4423,BRANCH-WEST,Electronics,35.64,0.0,0.0,Debit Card,0,NONE
TX-103395,2026-07-18 14:19:35,EMP-006,CUST-2560,BRANCH-WEST,Apparel,93.85,0.0,0.0,Mobile Money,0,NONE
TX-103396,2026-07-18 14:21:16,EMP-006,CUST-8655,BRANCH-WEST,Services,59.89,0.0,0.0,Credit Card,0,NONE
TX-103397,2026-07-18 14:23:01,EMP-001,CUST-9515,BRANCH-WEST,Apparel,70.19,0.0,0.0,Credit Card,0,NONE
TX-103398,2026-07-18 14:23:21,EMP-004,CUST-9871,BRANCH-WEST,Electronics,53.18,0.0,0.0,Debit Card,0,NONE
TX-103399,2026-07-18 14:29:05,EMP-008,CUST-3211,BRANCH-EAST,Hardware,54.38,0.0,30.08,Debit Card,0,NONE
TX-103400,2026-07-18 14:32:10,EMP-008,CUST-3053,BRANCH-EAST,Services,37.59,0.0,0.0,Mobile Money,0,NONE
TX-103401,2026-07-18 14:34:32,EMP-006,CUST-7115,BRANCH-WEST,Groceries,31.96,0.0,0.0,Mobile Money,0,NONE
TX-103402,2026-07-18 14:34:52,EMP-003,CUST-4007,BRANCH-WEST,Apparel,60.8,4.3,0.0,Debit Card,0,NONE
TX-103403,2026-07-18 14:51:48,EMP-003,CUST-5913,BRANCH-WEST,Hardware,91.48,7.9,0.0,Credit Card,0,NONE
TX-103404,2026-07-18 14:55:01,EMP-003,CUST-1208,BRANCH-WEST,Groceries,77.32,0.0,0.0,Mobile Money,0,NONE
TX-103405,2026-07-18 14:55:37,EMP-004,CUST-5481,BRANCH-WEST,Groceries,57.93,0.0,0.0,Cash,0,NONE
TX-103406,2026-07-18 14:56:01,EMP-001,CUST-7840,BRANCH-WEST,Hardware,54.14,11.3,0.0,Debit Card,0,NONE
TX-103407,2026-07-18 14:59:08,EMP-007,CUST-1004,BRANCH-WEST,Apparel,49.01,0.0,0.0,Cash,0,NONE
TX-103408,2026-07-18 15:02:07,EMP-006,CUST-8050,BRANCH-WEST,Electronics,59.02,8.7,0.0,Cash,0,NONE
TX-103409,2026-07-18 15:03:03,EMP-001,CUST-4794,BRANCH-WEST,Services,43.72,11.8,0.0,Mobile Money,0,NONE
TX-103410,2026-07-18 15:07:25,EMP-004,CUST-7074,BRANCH-WEST,Electronics,56.26,0.0,0.0,Mobile Money,0,NONE
TX-103411,2026-07-18 15:08:07,EMP-005,CUST-8596,BRANCH-CENTRAL,Groceries,31.88,10.1,0.0,Cash,0,NONE
TX-103412,2026-07-18 15:13:26,EMP-001,CUST-7879,BRANCH-WEST,Groceries,33.78,0.0,0.0,Debit Card,0,NONE
TX-103413,2026-07-18 15:17:05,EMP-001,CUST-6248,BRANCH-WEST,Hardware,16.99,0.0,0.0,Debit Card,0,NONE
TX-103414,2026-07-18 15:17:50,EMP-001,CUST-8766,BRANCH-WEST,Hardware,26.69,0.0,0.0,Mobile Money,0,NONE
TX-103415,2026-07-18 15:22:10,EMP-006,CUST-1169,BRANCH-WEST,Groceries,69.33,0.0,0.0,Mobile Money,0,NONE
TX-103416,2026-07-18 15:22:51,EMP-004,CUST-5446,BRANCH-WEST,Hardware,36.82,12.9,0.0,Mobile Money,0,NONE
TX-103417,2026-07-18 15:25:03,EMP-002,CUST-4368,BRANCH-CENTRAL,Electronics,52.25,0.0,0.0,Credit Card,0,NONE
TX-103418,2026-07-18 15:26:11,EMP-005,CUST-2526,BRANCH-CENTRAL,Hardware,30.28,0.0,0.0,Cash,0,NONE
TX-103419,2026-07-18 15:34:43,EMP-007,CUST-6717,BRANCH-WEST,Apparel,77.05,0.0,0.0,Mobile Money,0,NONE
TX-103420,2026-07-18 15:43:36,EMP-008,CUST-3927,BRANCH-EAST,Hardware,82.96,0.0,0.0,Credit Card,0,NONE
TX-103421,2026-07-18 15:43:58,EMP-008,CUST-7884,BRANCH-EAST,Groceries,38.69,0.0,0.0,Credit Card,0,NONE
TX-103422,2026-07-18 15:45:57,EMP-005,CUST-3950,BRANCH-CENTRAL,Services,67.95,0.0,0.0,Debit Card,0,NONE
TX-103423,2026-07-18 15:49:52,EMP-002,CUST-8755,BRANCH-CENTRAL,Apparel,77.85,0.0,0.0,Debit Card,0,NONE
TX-103424,2026-07-18 15:51:11,EMP-001,CUST-2417,BRANCH-WEST,Hardware,27.24,0.0,0.0,Mobile Money,0,NONE
TX-103425,2026-07-18 15:56:15,EMP-005,CUST-3994,BRANCH-CENTRAL,Groceries,39.54,0.0,0.0,Mobile Money,0,NONE
TX-103426,2026-07-18 15:59:03,EMP-008,CUST-6040,BRANCH-EAST,Apparel,42.89,0.0,0.0,Debit Card,0,NONE
TX-103427,2026-07-18 16:00:37,EMP-003,CUST-4588,BRANCH-WEST,Apparel,94.09,0.0,0.0,Mobile Money,0,NONE
TX-103428,2026-07-18 16:02:14,EMP-007,CUST-5186,BRANCH-WEST,Hardware,52.45,0.0,0.0,Mobile Money,0,NONE
TX-103429,2026-07-18 16:05:09,EMP-006,CUST-5807,BRANCH-WEST,Services,43.38,0.0,0.0,Mobile Money,0,NONE
TX-103430,2026-07-18 16:07:34,EMP-007,CUST-1679,BRANCH-WEST,Apparel,19.77,0.0,0.0,Debit Card,0,NONE
TX-103431,2026-07-18 16:17:53,EMP-005,CUST-2035,BRANCH-CENTRAL,Groceries,41.49,0.0,17.37,Credit Card,0,NONE
TX-103432,2026-07-18 16:18:13,EMP-006,CUST-8892,BRANCH-WEST,Apparel,78.07,7.7,0.0,Credit Card,0,NONE
TX-103433,2026-07-18 16:19:12,EMP-001,CUST-1532,BRANCH-WEST,Services,106.62,0.0,0.0,Cash,0,NONE
TX-103434,2026-07-18 16:21:26,EMP-005,CUST-8001,BRANCH-CENTRAL,Groceries,79.19,0.0,0.0,Debit Card,0,NONE
TX-103435,2026-07-18 16:21:46,EMP-002,CUST-5810,BRANCH-CENTRAL,Electronics,64.84,0.0,0.0,Credit Card,0,NONE
TX-103436,2026-07-18 16:32:48,EMP-005,CUST-4477,BRANCH-CENTRAL,Hardware,35.56,11.7,0.0,Debit Card,0,NONE
TX-103437,2026-07-18 16:34:01,EMP-006,CUST-7809,BRANCH-WEST,Apparel,32.56,0.0,0.0,Mobile Money,0,NONE
TX-103438,2026-07-18 16:34:21,EMP-007,CUST-4831,BRANCH-WEST,Hardware,37.49,0.0,0.0,Cash,0,NONE
TX-103439,2026-07-18 16:34:48,EMP-006,CUST-5864,BRANCH-WEST,Groceries,36.78,0.0,0.0,Cash,0,NONE
TX-103440,2026-07-18 16:39:53,EMP-001,CUST-3443,BRANCH-WEST,Hardware,32.37,0.0,0.0,Cash,0,NONE
TX-103441,2026-07-18 16:40:13,EMP-001,CUST-9470,BRANCH-WEST,Apparel,52.65,0.0,0.0,Debit Card,0,NONE
TX-103442,2026-07-18 16:41:13,EMP-001,CUST-5752,BRANCH-WEST,Electronics,20.25,0.0,0.0,Debit Card,0,NONE
TX-103443,2026-07-18 16:44:07,EMP-001,CUST-6528,BRANCH-WEST,Groceries,33.31,6.0,0.0,Debit Card,0,NONE
TX-103444,2026-07-18 16:45:17,EMP-004,CUST-4461,BRANCH-WEST,Groceries,21.67,0.0,0.0,Mobile Money,0,NONE
TX-103445,2026-07-18 16:47:12,EMP-001,CUST-7628,BRANCH-WEST,Hardware,58.89,0.0,0.0,Cash,0,NONE
TX-103446,2026-07-18 16:49:19,EMP-003,CUST-3998,BRANCH-WEST,Electronics,54.87,0.0,0.0,Debit Card,0,NONE
TX-103447,2026-07-18 16:57:05,EMP-005,CUST-2331,BRANCH-CENTRAL,Services,95.69,9.1,0.0,Debit Card,0,NONE
TX-103448,2026-07-18 17:08:37,EMP-006,CUST-4572,BRANCH-WEST,Services,59.15,0.0,0.0,Cash,0,NONE
TX-103449,2026-07-18 17:09:00,EMP-007,CUST-8712,BRANCH-WEST,Electronics,21.8,0.0,0.0,Mobile Money,0,NONE
TX-103450,2026-07-18 17:09:53,EMP-008,CUST-7550,BRANCH-EAST,Groceries,36.81,0.0,0.0,Credit Card,0,NONE
TX-103451,2026-07-18 17:18:15,EMP-001,CUST-5959,BRANCH-WEST,Services,33.02,12.9,0.0,Cash,0,NONE
TX-103452,2026-07-18 17:18:56,EMP-005,CUST-7923,BRANCH-CENTRAL,Groceries,121.31,0.0,0.0,Debit Card,0,NONE
TX-103453,2026-07-18 17:23:38,EMP-001,CUST-7670,BRANCH-WEST,Hardware,25.86,13.1,0.0,Debit Card,0,NONE
TX-103454,2026-07-18 17:25:33,EMP-003,CUST-1242,BRANCH-WEST,Hardware,70.55,12.7,0.0,Cash,0,NONE
TX-103455,2026-07-18 17:27:51,EMP-003,CUST-9036,BRANCH-WEST,Groceries,103.8,0.0,0.0,Credit Card,0,NONE
TX-103456,2026-07-18 17:28:11,EMP-004,CUST-4823,BRANCH-WEST,Hardware,93.78,11.9,0.0,Debit Card,0,NONE
TX-103457,2026-07-18 17:31:59,EMP-005,CUST-5299,BRANCH-CENTRAL,Electronics,41.51,0.0,0.0,Cash,0,NONE
TX-103458,2026-07-18 17:39:07,EMP-004,CUST-9774,BRANCH-WEST,Electronics,32.49,0.0,0.0,Mobile Money,0,NONE
TX-103459,2026-07-18 17:39:27,EMP-006,CUST-5955,BRANCH-WEST,Services,42.64,0.0,0.0,Credit Card,0,NONE
TX-103460,2026-07-18 17:40:53,EMP-007,CUST-8366,BRANCH-WEST,Groceries,80.53,0.0,0.0,Cash,0,NONE
TX-103461,2026-07-18 17:42:17,EMP-006,CUST-9824,BRANCH-WEST,Hardware,58.05,7.4,0.0,Mobile Money,0,NONE
TX-103462,2026-07-18 17:45:01,EMP-005,CUST-4801,BRANCH-CENTRAL,Services,19.75,0.0,0.0,Credit Card,0,NONE
TX-103463,2026-07-18 17:46:04,EMP-004,CUST-1889,BRANCH-WEST,Electronics,25.44,0.0,0.0,Cash,0,NONE
TX-103464,2026-07-18 17:46:39,EMP-008,CUST-9827,BRANCH-EAST,Groceries,34.69,0.0,0.0,Cash,0,NONE
TX-103465,2026-07-18 18:01:07,EMP-007,CUST-7175,BRANCH-WEST,Apparel,82.04,0.0,0.0,Credit Card,0,NONE
TX-103466,2026-07-18 18:01:58,EMP-001,CUST-2686,BRANCH-WEST,Hardware,22.34,0.0,0.0,Mobile Money,0,NONE
TX-103467,2026-07-18 18:02:18,EMP-002,CUST-6383,BRANCH-CENTRAL,Groceries,23.71,8.4,0.0,Debit Card,0,NONE
TX-103468,2026-07-18 18:09:36,EMP-001,CUST-3557,BRANCH-WEST,Hardware,41.05,0.0,0.0,Cash,0,NONE
TX-103469,2026-07-18 18:12:44,EMP-004,CUST-1509,BRANCH-WEST,Services,80.41,0.0,0.0,Cash,0,NONE
TX-103470,2026-07-18 18:16:58,EMP-008,CUST-3610,BRANCH-EAST,Hardware,137.17,5.0,0.0,Mobile Money,0,NONE
TX-103471,2026-07-18 18:17:18,EMP-005,CUST-5901,BRANCH-CENTRAL,Services,25.68,0.0,0.0,Cash,0,NONE
TX-103472,2026-07-18 18:17:38,EMP-008,CUST-3413,BRANCH-EAST,Services,178.07,0.0,0.0,Credit Card,0,NONE
TX-103473,2026-07-18 18:26:23,EMP-003,CUST-8650,BRANCH-WEST,Apparel,27.97,8.0,26.52,Cash,0,NONE
TX-103474,2026-07-18 18:26:49,EMP-007,CUST-2805,BRANCH-WEST,Electronics,41.28,0.0,0.0,Mobile Money,0,NONE
TX-103475,2026-07-18 18:28:49,EMP-001,CUST-1542,BRANCH-WEST,Services,50.78,3.2,0.0,Debit Card,0,NONE
TX-103476,2026-07-18 18:30:20,EMP-001,CUST-3870,BRANCH-WEST,Hardware,24.2,13.8,0.0,Credit Card,0,NONE
TX-103477,2026-07-18 18:33:08,EMP-004,CUST-6342,BRANCH-WEST,Services,45.12,0.0,0.0,Credit Card,0,NONE
TX-103478,2026-07-18 18:39:36,EMP-006,CUST-9551,BRANCH-WEST,Hardware,34.87,0.0,0.0,Cash,0,NONE
TX-103479,2026-07-18 18:47:09,EMP-005,CUST-3336,BRANCH-CENTRAL,Apparel,12.1,13.5,0.0,Cash,0,NONE
TX-103480,2026-07-18 18:52:02,EMP-002,CUST-3559,BRANCH-CENTRAL,Electronics,20.44,0.0,0.0,Mobile Money,0,NONE
TX-103481,2026-07-18 19:00:40,EMP-005,CUST-8394,BRANCH-CENTRAL,Hardware,42.99,0.0,0.0,Cash,0,NONE
TX-103482,2026-07-18 19:04:06,EMP-004,CUST-7172,BRANCH-WEST,Hardware,37.44,14.0,0.0,Debit Card,0,NONE
TX-103483,2026-07-18 19:10:36,EMP-006,CUST-3178,BRANCH-WEST,Apparel,28.97,7.3,0.0,Debit Card,0,NONE
TX-103484,2026-07-18 19:10:56,EMP-005,CUST-9212,BRANCH-CENTRAL,Groceries,36.08,0.0,0.0,Credit Card,0,NONE
TX-103485,2026-07-18 19:13:38,EMP-005,CUST-1266,BRANCH-CENTRAL,Electronics,78.97,0.0,0.0,Credit Card,0,NONE
TX-103486,2026-07-18 19:22:08,EMP-003,CUST-2947,BRANCH-WEST,Apparel,102.26,0.0,0.0,Debit Card,0,NONE
TX-103487,2026-07-18 19:22:28,EMP-004,CUST-9483,BRANCH-WEST,Apparel,17.87,0.0,0.0,Debit Card,0,NONE
TX-103488,2026-07-18 19:22:48,EMP-003,CUST-4237,BRANCH-WEST,Electronics,92.28,3.5,0.0,Debit Card,0,NONE
TX-103489,2026-07-18 19:23:19,EMP-007,CUST-5648,BRANCH-WEST,Services,31.3,7.5,0.0,Debit Card,0,NONE
TX-103490,2026-07-18 19:23:47,EMP-003,CUST-3210,BRANCH-WEST,Groceries,143.14,0.0,0.0,Debit Card,0,NONE
TX-103491,2026-07-18 19:28:45,EMP-003,CUST-3716,BRANCH-WEST,Hardware,40.03,0.0,0.0,Debit Card,0,NONE
TX-103492,2026-07-18 19:29:32,EMP-007,CUST-7523,BRANCH-WEST,Groceries,69.65,0.0,0.0,Debit Card,0,NONE
TX-103493,2026-07-18 19:37:29,EMP-003,CUST-4098,BRANCH-WEST,Apparel,52.87,0.0,0.0,Mobile Money,0,NONE
TX-103494,2026-07-18 19:43:24,EMP-004,CUST-4528,BRANCH-WEST,Apparel,61.92,0.0,0.0,Debit Card,0,NONE
TX-103495,2026-07-18 19:49:15,EMP-008,CUST-9117,BRANCH-EAST,Hardware,56.16,0.0,0.0,Debit Card,0,NONE
TX-103496,2026-07-18 19:52:52,EMP-001,CUST-5933,BRANCH-WEST,Groceries,22.73,9.3,0.0,Credit Card,0,NONE
TX-103497,2026-07-18 19:53:23,EMP-004,CUST-2567,BRANCH-WEST,Apparel,35.55,9.3,0.0,Cash,0,NONE
TX-103498,2026-07-18 19:56:14,EMP-003,CUST-3065,BRANCH-WEST,Hardware,28.71,3.1,0.0,Credit Card,0,NONE
TX-103499,2026-07-18 19:58:48,EMP-001,CUST-8641,BRANCH-WEST,Hardware,64.52,10.4,0.0,Cash,0,NONE
TX-103500,2026-07-18 20:00:36,EMP-005,CUST-4716,BRANCH-CENTRAL,Groceries,62.34,0.0,0.0,Cash,0,NONE
TX-103501,2026-07-18 20:01:18,EMP-004,CUST-5923,BRANCH-WEST,Groceries,58.49,9.2,0.0,Credit Card,0,NONE
TX-103502,2026-07-18 20:03:13,EMP-003,CUST-9905,BRANCH-WEST,Hardware,75.44,10.1,0.0,Credit Card,0,NONE
TX-103503,2026-07-18 20:08:26,EMP-007,CUST-5868,BRANCH-WEST,Electronics,33.19,0.0,0.0,Mobile Money,0,NONE
TX-103504,2026-07-18 20:19:10,EMP-005,CUST-1186,BRANCH-CENTRAL,Apparel,47.42,0.0,0.0,Mobile Money,0,NONE
TX-103505,2026-07-18 20:19:30,EMP-001,CUST-9496,BRANCH-WEST,Electronics,29.58,13.0,0.0,Debit Card,0,NONE
TX-103506,2026-07-18 20:28:28,EMP-007,CUST-8014,BRANCH-WEST,Services,129.38,0.0,0.0,Credit Card,0,NONE
TX-103507,2026-07-18 20:35:35,EMP-007,CUST-3049,BRANCH-WEST,Services,60.84,0.0,0.0,Cash,0,NONE
TX-103508,2026-07-18 20:36:14,EMP-006,CUST-7591,BRANCH-WEST,Services,30.31,3.1,0.0,Credit Card,0,NONE
TX-103509,2026-07-18 20:38:45,EMP-004,CUST-1045,BRANCH-WEST,Hardware,43.6,0.0,0.0,Debit Card,0,NONE
TX-103510,2026-07-18 20:42:23,EMP-006,CUST-8869,BRANCH-WEST,Electronics,41.48,0.0,0.0,Credit Card,0,NONE
TX-103511,2026-07-18 20:51:24,EMP-001,CUST-6072,BRANCH-WEST,Electronics,32.13,0.0,0.0,Credit Card,0,NONE
TX-103512,2026-07-19 08:08:45,EMP-003,CUST-6209,BRANCH-WEST,Electronics,40.48,0.0,0.0,Debit Card,0,NONE
TX-103513,2026-07-19 08:18:12,EMP-006,CUST-7630,BRANCH-WEST,Groceries,51.91,9.0,0.0,Mobile Money,0,NONE
TX-103514,2026-07-19 08:21:06,EMP-002,CUST-9131,BRANCH-CENTRAL,Apparel,63.26,8.0,0.0,Mobile Money,0,NONE
TX-103515,2026-07-19 08:26:02,EMP-001,CUST-3402,BRANCH-WEST,Apparel,59.17,0.0,0.0,Cash,0,NONE
TX-103516,2026-07-19 08:26:55,EMP-004,CUST-9448,BRANCH-WEST,Hardware,69.98,8.5,0.0,Mobile Money,0,NONE
TX-103517,2026-07-19 08:27:54,EMP-005,CUST-6087,BRANCH-CENTRAL,Apparel,27.98,0.0,0.0,Cash,0,NONE
TX-103518,2026-07-19 08:30:12,EMP-005,CUST-9083,BRANCH-CENTRAL,Hardware,59.89,12.0,0.0,Mobile Money,0,NONE
TX-103519,2026-07-19 08:32:36,EMP-004,CUST-6164,BRANCH-WEST,Groceries,69.97,0.0,0.0,Debit Card,0,NONE
TX-103520,2026-07-19 08:38:53,EMP-007,CUST-6265,BRANCH-WEST,Groceries,63.45,0.0,0.0,Debit Card,0,NONE
TX-103521,2026-07-19 08:39:55,EMP-001,CUST-6853,BRANCH-WEST,Groceries,61.53,0.0,0.0,Mobile Money,0,NONE
TX-103522,2026-07-19 08:41:11,EMP-006,CUST-2285,BRANCH-WEST,Apparel,31.03,0.0,0.0,Credit Card,0,NONE
TX-103523,2026-07-19 08:42:27,EMP-001,CUST-2202,BRANCH-WEST,Services,33.71,0.0,0.0,Credit Card,0,NONE
TX-103524,2026-07-19 08:43:23,EMP-006,CUST-9922,BRANCH-WEST,Groceries,63.85,0.0,0.0,Credit Card,0,NONE
TX-103525,2026-07-19 08:43:49,EMP-008,CUST-5269,BRANCH-EAST,Apparel,64.52,0.0,0.0,Credit Card,0,NONE
TX-103526,2026-07-19 08:48:54,EMP-004,CUST-2916,BRANCH-WEST,Hardware,39.31,8.9,0.0,Cash,0,NONE
TX-103527,2026-07-19 08:59:08,EMP-005,CUST-1185,BRANCH-CENTRAL,Services,50.38,12.9,19.14,Credit Card,0,NONE
TX-103528,2026-07-19 09:02:29,EMP-002,CUST-9840,BRANCH-CENTRAL,Apparel,78.91,0.0,0.0,Mobile Money,0,NONE
TX-103529,2026-07-19 09:03:40,EMP-003,CUST-3919,BRANCH-WEST,Groceries,47.35,0.0,13.85,Debit Card,0,NONE
TX-103530,2026-07-19 09:08:23,EMP-007,CUST-3626,BRANCH-WEST,Groceries,131.66,7.5,0.0,Debit Card,0,NONE
TX-103531,2026-07-19 09:09:23,EMP-005,CUST-1344,BRANCH-CENTRAL,Hardware,31.1,0.0,15.22,Mobile Money,0,NONE
TX-103532,2026-07-19 09:13:54,EMP-006,CUST-2483,BRANCH-WEST,Hardware,40.11,0.0,0.0,Mobile Money,0,NONE
TX-103533,2026-07-19 09:17:44,EMP-004,CUST-4878,BRANCH-WEST,Apparel,104.01,0.0,0.0,Cash,0,NONE
TX-103534,2026-07-19 09:20:10,EMP-004,CUST-8674,BRANCH-WEST,Apparel,51.75,0.0,47.44,Cash,0,NONE
TX-103535,2026-07-19 09:27:32,EMP-007,CUST-8985,BRANCH-WEST,Groceries,80.33,0.0,0.0,Debit Card,0,NONE
TX-103536,2026-07-19 09:33:59,EMP-001,CUST-3755,BRANCH-WEST,Groceries,20.77,0.0,0.0,Cash,0,NONE
TX-103537,2026-07-19 09:36:04,EMP-005,CUST-4643,BRANCH-CENTRAL,Groceries,35.81,11.2,0.0,Debit Card,0,NONE
TX-103538,2026-07-19 09:43:03,EMP-007,CUST-2642,BRANCH-WEST,Groceries,55.12,0.0,0.0,Credit Card,0,NONE
TX-103539,2026-07-19 09:49:36,EMP-001,CUST-6618,BRANCH-WEST,Electronics,19.66,0.0,0.0,Cash,0,NONE
TX-103540,2026-07-19 09:51:20,EMP-002,CUST-7607,BRANCH-CENTRAL,Groceries,24.66,0.0,0.0,Mobile Money,0,NONE
TX-103541,2026-07-19 09:51:47,EMP-003,CUST-1296,BRANCH-WEST,Apparel,89.24,13.9,0.0,Debit Card,0,NONE
TX-103542,2026-07-19 09:58:06,EMP-008,CUST-5466,BRANCH-EAST,Apparel,59.4,0.0,0.0,Cash,0,NONE
TX-103543,2026-07-19 10:05:49,EMP-003,CUST-4222,BRANCH-WEST,Groceries,51.81,0.0,0.0,Debit Card,0,NONE
TX-103544,2026-07-19 10:07:31,EMP-002,CUST-6553,BRANCH-CENTRAL,Electronics,36.17,0.0,0.0,Debit Card,0,NONE
TX-103545,2026-07-19 10:07:56,EMP-007,CUST-7687,BRANCH-WEST,Electronics,116.8,0.0,0.0,Credit Card,0,NONE
TX-103546,2026-07-19 10:12:51,EMP-007,CUST-1045,BRANCH-WEST,Apparel,80.24,3.2,0.0,Cash,0,NONE
TX-103547,2026-07-19 10:14:52,EMP-005,CUST-1269,BRANCH-CENTRAL,Electronics,58.67,0.0,0.0,Debit Card,0,NONE
TX-103548,2026-07-19 10:16:30,EMP-001,CUST-4540,BRANCH-WEST,Hardware,37.46,0.0,0.0,Cash,0,NONE
TX-103549,2026-07-19 10:19:42,EMP-007,CUST-4874,BRANCH-WEST,Groceries,25.39,0.0,0.0,Cash,0,NONE
TX-103550,2026-07-19 10:23:41,EMP-006,CUST-1721,BRANCH-WEST,Electronics,42.7,0.0,0.0,Cash,0,NONE
TX-103551,2026-07-19 10:25:18,EMP-007,CUST-5357,BRANCH-WEST,Groceries,44.38,0.0,0.0,Cash,0,NONE
TX-103552,2026-07-19 10:27:41,EMP-004,CUST-1717,BRANCH-WEST,Services,23.79,5.0,0.0,Mobile Money,0,NONE
TX-103553,2026-07-19 10:29:49,EMP-001,CUST-3345,BRANCH-WEST,Apparel,92.82,10.3,0.0,Mobile Money,0,NONE
TX-103554,2026-07-19 10:35:05,EMP-008,CUST-7078,BRANCH-EAST,Services,101.38,0.0,0.0,Mobile Money,0,NONE
TX-103555,2026-07-19 10:36:14,EMP-002,CUST-4058,BRANCH-CENTRAL,Hardware,55.17,10.5,0.0,Cash,0,NONE
TX-103556,2026-07-19 10:39:59,EMP-003,CUST-8593,BRANCH-WEST,Apparel,28.64,0.0,0.0,Credit Card,0,NONE
TX-103557,2026-07-19 10:42:38,EMP-006,CUST-5223,BRANCH-WEST,Apparel,73.13,0.0,0.0,Mobile Money,0,NONE
TX-103558,2026-07-19 10:44:08,EMP-001,CUST-6226,BRANCH-WEST,Apparel,33.44,0.0,0.0,Credit Card,0,NONE
TX-103559,2026-07-19 10:44:34,EMP-005,CUST-6396,BRANCH-CENTRAL,Electronics,36.02,0.0,0.0,Cash,0,NONE
TX-103560,2026-07-19 10:49:09,EMP-002,CUST-9978,BRANCH-CENTRAL,Services,52.49,0.0,0.0,Mobile Money,0,NONE
TX-103561,2026-07-19 10:54:22,EMP-005,CUST-5636,BRANCH-CENTRAL,Apparel,47.21,0.0,0.0,Mobile Money,0,NONE
TX-103562,2026-07-19 10:54:42,EMP-006,CUST-3447,BRANCH-WEST,Groceries,110.45,0.0,0.0,Credit Card,0,NONE
TX-103563,2026-07-19 11:09:37,EMP-007,CUST-7224,BRANCH-WEST,Groceries,27.76,12.7,0.0,Debit Card,0,NONE
TX-103564,2026-07-19 11:12:39,EMP-003,CUST-6072,BRANCH-WEST,Services,57.58,0.0,0.0,Credit Card,0,NONE
TX-103565,2026-07-19 11:16:09,EMP-008,CUST-3527,BRANCH-EAST,Hardware,36.92,0.0,0.0,Mobile Money,0,NONE
TX-103566,2026-07-19 11:22:55,EMP-004,CUST-6788,BRANCH-WEST,Groceries,29.33,0.0,0.0,Cash,0,NONE
TX-103567,2026-07-19 11:25:38,EMP-006,CUST-4261,BRANCH-WEST,Groceries,52.33,5.8,0.0,Cash,0,NONE
TX-103568,2026-07-19 11:31:03,EMP-007,CUST-9143,BRANCH-WEST,Groceries,51.73,0.0,0.0,Debit Card,0,NONE
TX-103569,2026-07-19 11:32:30,EMP-001,CUST-7118,BRANCH-WEST,Electronics,79.9,6.6,0.0,Credit Card,0,NONE
TX-103570,2026-07-19 11:47:03,EMP-005,CUST-8247,BRANCH-CENTRAL,Services,28.63,0.0,0.0,Credit Card,0,NONE
TX-103571,2026-07-19 11:48:21,EMP-006,CUST-4502,BRANCH-WEST,Groceries,93.46,0.0,0.0,Debit Card,0,NONE
TX-103572,2026-07-19 11:53:36,EMP-001,CUST-6231,BRANCH-WEST,Hardware,29.21,14.2,0.0,Debit Card,0,NONE
TX-103573,2026-07-19 11:56:37,EMP-007,CUST-5920,BRANCH-WEST,Hardware,40.89,0.0,0.0,Debit Card,0,NONE
TX-103574,2026-07-19 11:57:59,EMP-002,CUST-4851,BRANCH-CENTRAL,Electronics,29.58,0.0,0.0,Debit Card,0,NONE
TX-103575,2026-07-19 12:02:14,EMP-005,CUST-8536,BRANCH-CENTRAL,Hardware,50.63,0.0,36.33,Cash,0,NONE
TX-103576,2026-07-19 12:03:33,EMP-003,CUST-4979,BRANCH-WEST,Hardware,90.07,0.0,0.0,Cash,0,NONE
TX-103577,2026-07-19 12:07:18,EMP-005,CUST-5003,BRANCH-CENTRAL,Groceries,32.25,0.0,0.0,Mobile Money,0,NONE
TX-103578,2026-07-19 12:21:26,EMP-003,CUST-1418,BRANCH-WEST,Services,125.92,0.0,0.0,Mobile Money,0,NONE
TX-103579,2026-07-19 12:21:46,EMP-004,CUST-3353,BRANCH-WEST,Services,32.6,0.0,0.0,Mobile Money,0,NONE
TX-103580,2026-07-19 12:23:47,EMP-004,CUST-7633,BRANCH-WEST,Apparel,52.93,0.0,0.0,Mobile Money,0,NONE
TX-103581,2026-07-19 12:25:08,EMP-006,CUST-4933,BRANCH-WEST,Electronics,54.6,0.0,0.0,Debit Card,0,NONE
TX-103582,2026-07-19 12:25:38,EMP-007,CUST-4061,BRANCH-WEST,Apparel,79.98,8.7,0.0,Mobile Money,0,NONE
TX-103583,2026-07-19 12:27:30,EMP-004,CUST-9764,BRANCH-WEST,Apparel,95.55,0.0,0.0,Mobile Money,0,NONE
TX-103584,2026-07-19 12:39:33,EMP-003,CUST-1355,BRANCH-WEST,Services,58.19,11.3,27.51,Mobile Money,0,NONE
TX-103585,2026-07-19 12:40:42,EMP-004,CUST-3870,BRANCH-WEST,Services,66.39,0.0,0.0,Credit Card,0,NONE
TX-103586,2026-07-19 12:43:45,EMP-008,CUST-2156,BRANCH-EAST,Services,87.17,0.0,0.0,Cash,0,NONE
TX-103587,2026-07-19 12:45:41,EMP-008,CUST-6429,BRANCH-EAST,Apparel,45.74,0.0,0.0,Credit Card,0,NONE
TX-103588,2026-07-19 12:47:44,EMP-006,CUST-3078,BRANCH-WEST,Hardware,38.97,14.1,0.0,Cash,0,NONE
TX-103589,2026-07-19 12:50:21,EMP-004,CUST-4623,BRANCH-WEST,Groceries,32.83,11.6,0.0,Credit Card,0,NONE
TX-103590,2026-07-19 12:52:14,EMP-004,CUST-4497,BRANCH-WEST,Electronics,41.6,12.1,0.0,Mobile Money,0,NONE
TX-103591,2026-07-19 12:56:51,EMP-003,CUST-9073,BRANCH-WEST,Hardware,60.41,0.0,0.0,Cash,0,NONE
TX-103592,2026-07-19 12:59:08,EMP-007,CUST-9294,BRANCH-WEST,Groceries,65.35,0.0,0.0,Credit Card,0,NONE
TX-103593,2026-07-19 13:05:37,EMP-008,CUST-1463,BRANCH-EAST,Hardware,53.81,9.7,0.0,Debit Card,0,NONE
TX-103594,2026-07-19 13:08:16,EMP-001,CUST-6489,BRANCH-WEST,Services,60.68,0.0,0.0,Credit Card,0,NONE
TX-103595,2026-07-19 13:09:37,EMP-003,CUST-5713,BRANCH-WEST,Groceries,34.48,0.0,0.0,Debit Card,0,NONE
TX-103596,2026-07-19 13:10:41,EMP-005,CUST-1878,BRANCH-CENTRAL,Electronics,36.35,0.0,0.0,Debit Card,0,NONE
TX-103597,2026-07-19 13:21:41,EMP-008,CUST-7010,BRANCH-EAST,Services,51.54,8.4,0.0,Cash,0,NONE
TX-103598,2026-07-19 13:24:37,EMP-007,CUST-3619,BRANCH-WEST,Groceries,77.73,0.0,0.0,Debit Card,0,NONE
TX-103599,2026-07-19 13:26:37,EMP-004,CUST-9328,BRANCH-WEST,Apparel,44.78,0.0,0.0,Debit Card,0,NONE
TX-103600,2026-07-19 13:28:14,EMP-005,CUST-7744,BRANCH-CENTRAL,Groceries,35.07,0.0,0.0,Credit Card,0,NONE
TX-103601,2026-07-19 13:29:45,EMP-008,CUST-4422,BRANCH-EAST,Groceries,38.48,0.0,0.0,Debit Card,0,NONE
TX-103602,2026-07-19 13:34:16,EMP-005,CUST-2267,BRANCH-CENTRAL,Apparel,58.49,0.0,0.0,Debit Card,0,NONE
TX-103603,2026-07-19 13:34:36,EMP-001,CUST-6160,BRANCH-WEST,Apparel,18.51,6.4,0.0,Mobile Money,0,NONE
TX-103604,2026-07-19 13:35:26,EMP-003,CUST-7831,BRANCH-WEST,Hardware,86.87,0.0,0.0,Mobile Money,0,NONE
TX-103605,2026-07-19 13:37:19,EMP-005,CUST-7242,BRANCH-CENTRAL,Groceries,41.61,4.9,0.0,Cash,0,NONE
TX-103606,2026-07-19 13:41:40,EMP-002,CUST-6399,BRANCH-CENTRAL,Services,34.08,0.0,0.0,Mobile Money,0,NONE
TX-103607,2026-07-19 13:42:00,EMP-005,CUST-1266,BRANCH-CENTRAL,Groceries,37.5,0.0,0.0,Debit Card,0,NONE
TX-103608,2026-07-19 13:43:27,EMP-007,CUST-3676,BRANCH-WEST,Electronics,44.7,0.0,0.0,Credit Card,0,NONE
TX-103609,2026-07-19 13:49:10,EMP-008,CUST-5918,BRANCH-EAST,Electronics,57.74,0.0,0.0,Mobile Money,0,NONE
TX-103610,2026-07-19 13:49:30,EMP-006,CUST-7515,BRANCH-WEST,Hardware,16.91,0.0,0.0,Cash,0,NONE
TX-103611,2026-07-19 13:52:19,EMP-003,CUST-3109,BRANCH-WEST,Electronics,101.05,0.0,0.0,Debit Card,0,NONE
TX-103612,2026-07-19 13:55:37,EMP-001,CUST-6403,BRANCH-WEST,Services,23.67,0.0,0.0,Debit Card,0,NONE
TX-103613,2026-07-19 14:00:54,EMP-001,CUST-7298,BRANCH-WEST,Groceries,24.77,0.0,0.0,Credit Card,0,NONE
TX-103614,2026-07-19 14:09:06,EMP-006,CUST-7566,BRANCH-WEST,Apparel,37.8,0.0,0.0,Credit Card,0,NONE
TX-103615,2026-07-19 14:12:18,EMP-007,CUST-1401,BRANCH-WEST,Apparel,72.68,0.0,0.0,Credit Card,0,NONE
TX-103616,2026-07-19 14:14:04,EMP-007,CUST-4158,BRANCH-WEST,Services,57.63,3.0,0.0,Debit Card,0,NONE
TX-103617,2026-07-19 14:17:02,EMP-003,CUST-4298,BRANCH-WEST,Hardware,41.28,0.0,0.0,Cash,0,NONE
TX-103618,2026-07-19 14:17:56,EMP-003,CUST-7835,BRANCH-WEST,Groceries,121.74,0.0,0.0,Cash,0,NONE
TX-103619,2026-07-19 14:21:30,EMP-007,CUST-6286,BRANCH-WEST,Apparel,46.73,0.0,0.0,Debit Card,0,NONE
TX-103620,2026-07-19 14:21:54,EMP-005,CUST-6415,BRANCH-CENTRAL,Hardware,100.54,0.0,0.0,Debit Card,0,NONE
TX-103621,2026-07-19 14:28:11,EMP-006,CUST-6370,BRANCH-WEST,Apparel,52.15,0.0,0.0,Mobile Money,0,NONE
TX-103622,2026-07-19 14:32:09,EMP-005,CUST-8704,BRANCH-CENTRAL,Hardware,54.8,0.0,24.24,Debit Card,0,NONE
TX-103623,2026-07-19 14:36:40,EMP-006,CUST-9536,BRANCH-WEST,Hardware,30.23,0.0,0.0,Credit Card,0,NONE
TX-103624,2026-07-19 14:37:00,EMP-001,CUST-6855,BRANCH-WEST,Groceries,17.99,0.0,0.0,Credit Card,0,NONE
TX-103625,2026-07-19 14:41:25,EMP-002,CUST-3521,BRANCH-CENTRAL,Electronics,29.02,0.0,0.0,Credit Card,0,NONE
TX-103626,2026-07-19 14:42:23,EMP-002,CUST-9393,BRANCH-CENTRAL,Services,62.92,0.0,0.0,Cash,0,NONE
TX-103627,2026-07-19 14:48:46,EMP-003,CUST-4304,BRANCH-WEST,Electronics,69.94,0.0,0.0,Debit Card,0,NONE
TX-103628,2026-07-19 14:58:56,EMP-001,CUST-9397,BRANCH-WEST,Electronics,22.29,0.0,0.0,Cash,0,NONE
TX-103629,2026-07-19 15:06:47,EMP-002,CUST-8415,BRANCH-CENTRAL,Groceries,98.15,0.0,0.0,Cash,0,NONE
TX-103630,2026-07-19 15:07:56,EMP-005,CUST-5387,BRANCH-CENTRAL,Electronics,45.3,0.0,0.0,Debit Card,0,NONE
TX-103631,2026-07-19 15:14:14,EMP-001,CUST-3840,BRANCH-WEST,Groceries,43.34,0.0,0.0,Cash,0,NONE
TX-103632,2026-07-19 15:14:35,EMP-004,CUST-1498,BRANCH-WEST,Services,66.99,0.0,0.0,Cash,0,NONE
TX-103633,2026-07-19 15:14:55,EMP-004,CUST-5409,BRANCH-WEST,Services,37.93,12.2,0.0,Debit Card,0,NONE
TX-103634,2026-07-19 15:21:42,EMP-008,CUST-8978,BRANCH-EAST,Electronics,121.24,0.0,0.0,Mobile Money,0,NONE
TX-103635,2026-07-19 15:26:27,EMP-005,CUST-2794,BRANCH-CENTRAL,Electronics,21.77,0.0,0.0,Cash,0,NONE
TX-103636,2026-07-19 15:28:07,EMP-005,CUST-6206,BRANCH-CENTRAL,Groceries,57.78,0.0,0.0,Debit Card,0,NONE
TX-103637,2026-07-19 15:33:32,EMP-008,CUST-5901,BRANCH-EAST,Services,211.34,0.0,29.14,Mobile Money,0,NONE
TX-103638,2026-07-19 15:36:23,EMP-005,CUST-1308,BRANCH-CENTRAL,Apparel,19.21,0.0,0.0,Cash,0,NONE
TX-103639,2026-07-19 15:36:43,EMP-003,CUST-8081,BRANCH-WEST,Groceries,34.21,10.4,0.0,Cash,0,NONE
TX-103640,2026-07-19 15:38:21,EMP-004,CUST-2474,BRANCH-WEST,Apparel,77.62,0.0,0.0,Mobile Money,0,NONE
TX-103641,2026-07-19 15:45:52,EMP-006,CUST-9529,BRANCH-WEST,Apparel,19.63,0.0,0.0,Debit Card,0,NONE
TX-103642,2026-07-19 15:48:11,EMP-004,CUST-6114,BRANCH-WEST,Electronics,65.0,4.2,0.0,Debit Card,0,NONE
TX-103643,2026-07-19 15:52:54,EMP-008,CUST-5680,BRANCH-EAST,Services,67.71,0.0,0.0,Credit Card,0,NONE
TX-103644,2026-07-19 15:53:14,EMP-002,CUST-6058,BRANCH-CENTRAL,Groceries,56.96,0.0,0.0,Credit Card,0,NONE
TX-103645,2026-07-19 16:00:35,EMP-003,CUST-4300,BRANCH-WEST,Groceries,48.0,0.0,0.0,Mobile Money,0,NONE
TX-103646,2026-07-19 16:04:25,EMP-006,CUST-9519,BRANCH-WEST,Hardware,38.86,0.0,0.0,Credit Card,0,NONE
TX-103647,2026-07-19 16:11:28,EMP-002,CUST-7885,BRANCH-CENTRAL,Electronics,45.3,12.2,0.0,Debit Card,0,NONE
TX-103648,2026-07-19 16:17:40,EMP-001,CUST-6907,BRANCH-WEST,Services,58.58,0.0,0.0,Credit Card,0,NONE
TX-103649,2026-07-19 16:18:38,EMP-003,CUST-8524,BRANCH-WEST,Hardware,40.94,0.0,0.0,Mobile Money,0,NONE
TX-103650,2026-07-19 16:18:58,EMP-002,CUST-8265,BRANCH-CENTRAL,Electronics,34.62,0.0,0.0,Mobile Money,0,NONE
TX-103651,2026-07-19 16:20:36,EMP-004,CUST-2416,BRANCH-WEST,Apparel,41.58,12.7,0.0,Cash,0,NONE
TX-103652,2026-07-19 16:22:46,EMP-008,CUST-9861,BRANCH-EAST,Services,15.58,12.3,0.0,Credit Card,0,NONE
TX-103653,2026-07-19 16:24:01,EMP-006,CUST-6118,BRANCH-WEST,Hardware,73.56,0.0,0.0,Cash,0,NONE
TX-103654,2026-07-19 16:24:21,EMP-007,CUST-3502,BRANCH-WEST,Electronics,25.73,11.7,0.0,Debit Card,0,NONE
TX-103655,2026-07-19 16:25:46,EMP-002,CUST-8377,BRANCH-CENTRAL,Services,88.9,0.0,0.0,Mobile Money,0,NONE
TX-103656,2026-07-19 16:33:50,EMP-003,CUST-4735,BRANCH-WEST,Hardware,85.29,0.0,0.0,Cash,0,NONE
TX-103657,2026-07-19 16:36:33,EMP-007,CUST-6183,BRANCH-WEST,Apparel,62.7,0.0,0.0,Debit Card,0,NONE
TX-103658,2026-07-19 16:37:06,EMP-001,CUST-5596,BRANCH-WEST,Hardware,25.39,0.0,0.0,Credit Card,0,NONE
TX-103659,2026-07-19 16:39:25,EMP-002,CUST-8293,BRANCH-CENTRAL,Hardware,58.96,0.0,0.0,Cash,0,NONE
TX-103660,2026-07-19 16:39:45,EMP-001,CUST-8412,BRANCH-WEST,Electronics,37.05,0.0,0.0,Cash,0,NONE
TX-103661,2026-07-19 16:49:05,EMP-006,CUST-9095,BRANCH-WEST,Services,45.37,10.0,0.0,Debit Card,0,NONE
TX-103662,2026-07-19 16:57:04,EMP-003,CUST-7635,BRANCH-WEST,Services,136.56,6.2,0.0,Debit Card,0,NONE
TX-103663,2026-07-19 17:00:55,EMP-004,CUST-9603,BRANCH-WEST,Groceries,46.55,0.0,0.0,Debit Card,0,NONE
TX-103664,2026-07-19 17:07:24,EMP-007,CUST-2298,BRANCH-WEST,Electronics,98.03,7.8,0.0,Cash,0,NONE
TX-103665,2026-07-19 17:09:52,EMP-001,CUST-6467,BRANCH-WEST,Groceries,33.88,0.0,0.0,Cash,0,NONE
TX-103666,2026-07-19 17:21:11,EMP-003,CUST-9847,BRANCH-WEST,Services,16.83,0.0,0.0,Cash,0,NONE
TX-103667,2026-07-19 17:27:19,EMP-003,CUST-1435,BRANCH-WEST,Hardware,39.58,7.8,0.0,Cash,0,NONE
TX-103668,2026-07-19 17:34:12,EMP-002,CUST-1771,BRANCH-CENTRAL,Hardware,24.53,0.0,0.0,Mobile Money,0,NONE
TX-103669,2026-07-19 17:36:43,EMP-003,CUST-7350,BRANCH-WEST,Services,71.36,0.0,0.0,Credit Card,0,NONE
TX-103670,2026-07-19 17:50:29,EMP-007,CUST-5977,BRANCH-WEST,Services,71.88,0.0,0.0,Mobile Money,0,NONE
TX-103671,2026-07-19 17:50:49,EMP-006,CUST-1724,BRANCH-WEST,Hardware,56.08,0.0,0.0,Debit Card,0,NONE
TX-103672,2026-07-19 17:53:20,EMP-004,CUST-4129,BRANCH-WEST,Apparel,82.93,0.0,0.0,Debit Card,0,NONE
TX-103673,2026-07-19 17:53:40,EMP-008,CUST-4868,BRANCH-EAST,Groceries,82.99,0.0,0.0,Mobile Money,0,NONE
TX-103674,2026-07-19 18:01:19,EMP-002,CUST-6290,BRANCH-CENTRAL,Apparel,23.59,0.0,0.0,Credit Card,0,NONE
TX-103675,2026-07-19 18:02:50,EMP-008,CUST-1536,BRANCH-EAST,Apparel,74.42,4.1,0.0,Mobile Money,0,NONE
TX-103676,2026-07-19 18:04:09,EMP-005,CUST-5590,BRANCH-CENTRAL,Apparel,33.04,7.4,0.0,Mobile Money,0,NONE
TX-103677,2026-07-19 18:04:50,EMP-002,CUST-2250,BRANCH-CENTRAL,Apparel,44.82,13.7,0.0,Cash,0,NONE
TX-103678,2026-07-19 18:11:32,EMP-003,CUST-4716,BRANCH-WEST,Apparel,54.83,0.0,0.0,Debit Card,0,NONE
TX-103679,2026-07-19 18:13:56,EMP-002,CUST-6313,BRANCH-CENTRAL,Hardware,35.03,0.0,0.0,Cash,0,NONE
TX-103680,2026-07-19 18:16:50,EMP-001,CUST-8174,BRANCH-WEST,Hardware,34.34,0.0,0.0,Mobile Money,0,NONE
TX-103681,2026-07-19 18:23:04,EMP-004,CUST-5957,BRANCH-WEST,Apparel,103.97,0.0,0.0,Credit Card,0,NONE
TX-103682,2026-07-19 18:26:55,EMP-007,CUST-8750,BRANCH-WEST,Services,20.73,0.0,16.97,Mobile Money,0,NONE
TX-103683,2026-07-19 18:32:21,EMP-007,CUST-8000,BRANCH-WEST,Apparel,29.61,0.0,0.0,Mobile Money,0,NONE
TX-103684,2026-07-19 18:35:49,EMP-003,CUST-6231,BRANCH-WEST,Hardware,38.67,9.0,0.0,Cash,0,NONE
TX-103685,2026-07-19 18:36:50,EMP-006,CUST-9162,BRANCH-WEST,Apparel,36.08,0.0,0.0,Mobile Money,0,NONE
TX-103686,2026-07-19 18:40:15,EMP-008,CUST-4826,BRANCH-EAST,Groceries,85.21,0.0,0.0,Mobile Money,0,NONE
TX-103687,2026-07-19 18:40:59,EMP-001,CUST-3239,BRANCH-WEST,Services,11.83,0.0,0.0,Credit Card,0,NONE
TX-103688,2026-07-19 18:45:19,EMP-005,CUST-3681,BRANCH-CENTRAL,Electronics,36.22,6.6,0.0,Credit Card,0,NONE
TX-103689,2026-07-19 18:48:01,EMP-002,CUST-6684,BRANCH-CENTRAL,Apparel,58.9,0.0,0.0,Debit Card,0,NONE
TX-103690,2026-07-19 19:02:51,EMP-001,CUST-8644,BRANCH-WEST,Electronics,61.02,0.0,0.0,Debit Card,0,NONE
TX-103691,2026-07-19 19:03:13,EMP-005,CUST-7369,BRANCH-CENTRAL,Electronics,20.62,0.0,0.0,Credit Card,0,NONE
TX-103692,2026-07-19 19:06:56,EMP-005,CUST-2348,BRANCH-CENTRAL,Hardware,66.97,0.0,0.0,Cash,0,NONE
TX-103693,2026-07-19 19:11:48,EMP-007,CUST-2042,BRANCH-WEST,Hardware,70.54,3.2,0.0,Mobile Money,0,NONE
TX-103694,2026-07-19 19:15:21,EMP-002,CUST-9415,BRANCH-CENTRAL,Groceries,72.92,0.0,0.0,Credit Card,0,NONE
TX-103695,2026-07-19 19:27:55,EMP-002,CUST-4734,BRANCH-CENTRAL,Apparel,40.92,0.0,0.0,Debit Card,0,NONE
TX-103696,2026-07-19 19:30:40,EMP-001,CUST-5180,BRANCH-WEST,Services,41.95,8.8,0.0,Cash,0,NONE
TX-103697,2026-07-19 19:33:45,EMP-003,CUST-3054,BRANCH-WEST,Services,88.76,0.0,0.0,Mobile Money,0,NONE
TX-103698,2026-07-19 19:36:10,EMP-004,CUST-1469,BRANCH-WEST,Electronics,53.32,0.0,0.0,Credit Card,0,NONE
TX-103699,2026-07-19 19:38:04,EMP-001,CUST-7299,BRANCH-WEST,Electronics,19.01,13.7,0.0,Debit Card,0,NONE
TX-103700,2026-07-19 19:40:26,EMP-008,CUST-3017,BRANCH-EAST,Services,41.25,0.0,0.0,Debit Card,0,NONE
TX-103701,2026-07-19 19:40:46,EMP-007,CUST-2277,BRANCH-WEST,Groceries,48.57,6.8,0.0,Mobile Money,0,NONE
TX-103702,2026-07-19 19:46:44,EMP-005,CUST-3849,BRANCH-CENTRAL,Groceries,87.6,13.2,0.0,Mobile Money,0,NONE
TX-103703,2026-07-19 19:47:22,EMP-005,CUST-9916,BRANCH-CENTRAL,Groceries,53.3,14.9,0.0,Debit Card,0,NONE
TX-103704,2026-07-19 19:50:45,EMP-004,CUST-7897,BRANCH-WEST,Hardware,35.8,0.0,0.0,Cash,0,NONE
TX-103705,2026-07-19 19:51:05,EMP-008,CUST-8411,BRANCH-EAST,Services,48.14,4.8,0.0,Debit Card,0,NONE
TX-103706,2026-07-19 19:51:38,EMP-002,CUST-5494,BRANCH-CENTRAL,Apparel,31.97,5.0,0.0,Credit Card,0,NONE
TX-103707,2026-07-19 20:08:40,EMP-002,CUST-8502,BRANCH-CENTRAL,Apparel,37.5,0.0,0.0,Debit Card,0,NONE
TX-103708,2026-07-19 20:10:08,EMP-005,CUST-3295,BRANCH-CENTRAL,Hardware,39.13,0.0,0.0,Debit Card,0,NONE
TX-103709,2026-07-19 20:13:40,EMP-004,CUST-9021,BRANCH-WEST,Electronics,44.54,0.0,0.0,Credit Card,0,NONE
TX-103710,2026-07-19 20:14:00,EMP-007,CUST-6486,BRANCH-WEST,Apparel,44.95,0.0,0.0,Mobile Money,0,NONE
TX-103711,2026-07-19 20:14:20,EMP-008,CUST-8187,BRANCH-EAST,Hardware,32.86,0.0,0.0,Cash,0,NONE
TX-103712,2026-07-19 20:18:25,EMP-005,CUST-1736,BRANCH-CENTRAL,Groceries,21.76,13.3,0.0,Credit Card,0,NONE
TX-103713,2026-07-19 20:19:20,EMP-001,CUST-3931,BRANCH-WEST,Apparel,30.24,0.0,0.0,Mobile Money,0,NONE
TX-103714,2026-07-19 20:23:34,EMP-005,CUST-5727,BRANCH-CENTRAL,Apparel,25.33,0.0,0.0,Mobile Money,0,NONE
TX-103715,2026-07-19 20:28:14,EMP-003,CUST-9739,BRANCH-WEST,Services,55.84,3.0,0.0,Mobile Money,0,NONE
TX-103716,2026-07-19 20:31:33,EMP-004,CUST-2083,BRANCH-WEST,Apparel,69.78,0.0,0.0,Cash,0,NONE
TX-103717,2026-07-19 20:32:02,EMP-006,CUST-8900,BRANCH-WEST,Apparel,69.99,0.0,0.0,Credit Card,0,NONE
TX-103718,2026-07-19 20:36:46,EMP-002,CUST-2875,BRANCH-CENTRAL,Apparel,58.9,0.0,0.0,Debit Card,0,NONE
TX-103719,2026-07-19 20:37:22,EMP-006,CUST-4500,BRANCH-WEST,Groceries,41.33,11.3,0.0,Credit Card,0,NONE
TX-103720,2026-07-19 20:41:29,EMP-005,CUST-4995,BRANCH-CENTRAL,Hardware,54.65,0.0,0.0,Cash,0,NONE
TX-103721,2026-07-19 20:43:05,EMP-004,CUST-1848,BRANCH-WEST,Services,49.14,0.0,0.0,Cash,0,NONE
TX-103722,2026-07-19 20:56:11,EMP-002,CUST-9780,BRANCH-CENTRAL,Hardware,38.78,0.0,0.0,Mobile Money,0,NONE
TX-103723,2026-07-20 08:23:05,EMP-006,CUST-2508,BRANCH-WEST,Groceries,53.42,0.0,0.0,Debit Card,0,NONE
TX-103724,2026-07-20 08:44:47,EMP-003,CUST-2702,BRANCH-WEST,Groceries,53.83,0.0,0.0,Debit Card,0,NONE
TX-103725,2026-07-20 08:47:43,EMP-002,CUST-1742,BRANCH-CENTRAL,Services,21.49,0.0,0.0,Credit Card,0,NONE
TX-103726,2026-07-20 08:49:06,EMP-007,CUST-5934,BRANCH-WEST,Electronics,42.34,0.0,0.0,Cash,0,NONE
TX-103727,2026-07-20 08:49:51,EMP-007,CUST-9977,BRANCH-WEST,Groceries,23.78,8.1,0.0,Mobile Money,0,NONE
TX-103728,2026-07-20 08:58:06,EMP-004,CUST-2181,BRANCH-WEST,Apparel,41.43,0.0,0.0,Mobile Money,0,NONE
TX-103729,2026-07-20 09:02:18,EMP-001,CUST-7623,BRANCH-WEST,Groceries,44.09,5.3,0.0,Debit Card,0,NONE
TX-103730,2026-07-20 09:06:32,EMP-006,CUST-6490,BRANCH-WEST,Groceries,45.82,0.0,0.0,Mobile Money,0,NONE
TX-103731,2026-07-20 09:17:17,EMP-003,CUST-5723,BRANCH-WEST,Groceries,62.21,12.5,0.0,Debit Card,0,NONE
TX-103732,2026-07-20 09:22:23,EMP-008,CUST-1600,BRANCH-EAST,Groceries,59.71,0.0,0.0,Mobile Money,0,NONE
TX-103733,2026-07-20 09:25:16,EMP-001,CUST-2563,BRANCH-WEST,Hardware,42.68,0.0,0.0,Mobile Money,0,NONE
TX-103734,2026-07-20 09:26:19,EMP-003,CUST-3223,BRANCH-WEST,Electronics,80.09,0.0,0.0,Credit Card,0,NONE
TX-103735,2026-07-20 09:26:53,EMP-004,CUST-3137,BRANCH-WEST,Electronics,41.61,0.0,0.0,Debit Card,0,NONE
TX-103736,2026-07-20 09:29:24,EMP-003,CUST-1451,BRANCH-WEST,Groceries,36.82,0.0,0.0,Cash,0,NONE
TX-103737,2026-07-20 09:30:55,EMP-002,CUST-2865,BRANCH-CENTRAL,Electronics,48.3,0.0,0.0,Mobile Money,0,NONE
TX-103738,2026-07-20 09:33:07,EMP-002,CUST-4152,BRANCH-CENTRAL,Electronics,26.64,0.0,0.0,Debit Card,0,NONE
TX-103739,2026-07-20 09:47:27,EMP-002,CUST-4517,BRANCH-CENTRAL,Electronics,28.44,10.2,0.0,Debit Card,0,NONE
TX-103740,2026-07-20 09:48:06,EMP-005,CUST-6460,BRANCH-CENTRAL,Electronics,62.78,5.2,0.0,Credit Card,0,NONE
TX-103741,2026-07-20 09:49:27,EMP-008,CUST-8015,BRANCH-EAST,Groceries,73.03,10.0,0.0,Mobile Money,0,NONE
TX-103742,2026-07-20 09:50:16,EMP-005,CUST-3848,BRANCH-CENTRAL,Groceries,79.96,0.0,0.0,Credit Card,0,NONE
TX-103743,2026-07-20 09:54:55,EMP-004,CUST-8164,BRANCH-WEST,Hardware,79.05,0.0,0.0,Mobile Money,0,NONE
TX-103744,2026-07-20 09:56:27,EMP-005,CUST-6906,BRANCH-CENTRAL,Electronics,42.73,0.0,0.0,Credit Card,0,NONE
TX-103745,2026-07-20 10:03:56,EMP-007,CUST-2509,BRANCH-WEST,Apparel,74.21,0.0,0.0,Debit Card,0,NONE
TX-103746,2026-07-20 10:06:20,EMP-006,CUST-6447,BRANCH-WEST,Services,25.49,0.0,0.0,Debit Card,0,NONE
TX-103747,2026-07-20 10:08:33,EMP-003,CUST-7057,BRANCH-WEST,Electronics,57.61,0.0,0.0,Debit Card,0,NONE
TX-103748,2026-07-20 10:11:38,EMP-007,CUST-5917,BRANCH-WEST,Groceries,50.72,0.0,0.0,Credit Card,0,NONE
TX-103749,2026-07-20 10:17:42,EMP-004,CUST-5083,BRANCH-WEST,Hardware,43.46,0.0,0.0,Mobile Money,0,NONE
TX-103750,2026-07-20 10:22:15,EMP-005,CUST-8234,BRANCH-CENTRAL,Apparel,61.54,0.0,0.0,Credit Card,0,NONE
TX-103751,2026-07-20 10:22:35,EMP-004,CUST-6538,BRANCH-WEST,Electronics,57.82,0.0,0.0,Debit Card,0,NONE
TX-103752,2026-07-20 10:25:50,EMP-003,CUST-6555,BRANCH-WEST,Electronics,71.03,5.4,0.0,Debit Card,0,NONE
TX-103753,2026-07-20 10:27:23,EMP-008,CUST-3469,BRANCH-EAST,Apparel,129.95,8.7,0.0,Debit Card,0,NONE
TX-103754,2026-07-20 10:27:58,EMP-007,CUST-4219,BRANCH-WEST,Services,50.05,0.0,0.0,Mobile Money,0,NONE
TX-103755,2026-07-20 10:36:23,EMP-005,CUST-7730,BRANCH-CENTRAL,Services,69.52,0.0,0.0,Mobile Money,0,NONE
TX-103756,2026-07-20 10:39:54,EMP-001,CUST-7765,BRANCH-WEST,Groceries,62.83,0.0,0.0,Credit Card,0,NONE
TX-103757,2026-07-20 10:44:12,EMP-008,CUST-4872,BRANCH-EAST,Services,87.95,0.0,0.0,Cash,0,NONE
TX-103758,2026-07-20 10:46:13,EMP-007,CUST-2575,BRANCH-WEST,Apparel,97.77,0.0,0.0,Cash,0,NONE
TX-103759,2026-07-20 10:48:05,EMP-002,CUST-7449,BRANCH-CENTRAL,Services,45.2,0.0,0.0,Cash,0,NONE
TX-103760,2026-07-20 10:50:02,EMP-001,CUST-5011,BRANCH-WEST,Groceries,44.24,0.0,0.0,Mobile Money,0,NONE
TX-103761,2026-07-20 10:52:09,EMP-007,CUST-1965,BRANCH-WEST,Hardware,37.76,0.0,0.0,Cash,0,NONE
TX-103762,2026-07-20 10:54:13,EMP-002,CUST-5487,BRANCH-CENTRAL,Services,35.55,0.0,0.0,Cash,0,NONE
TX-103763,2026-07-20 10:57:49,EMP-003,CUST-7334,BRANCH-WEST,Apparel,70.55,0.0,0.0,Cash,0,NONE
TX-103764,2026-07-20 11:03:43,EMP-005,CUST-7524,BRANCH-CENTRAL,Electronics,37.32,0.0,0.0,Debit Card,0,NONE
TX-103765,2026-07-20 11:12:49,EMP-007,CUST-4013,BRANCH-WEST,Apparel,61.44,0.0,0.0,Mobile Money,0,NONE
TX-103766,2026-07-20 11:17:05,EMP-007,CUST-5858,BRANCH-WEST,Apparel,50.86,0.0,0.0,Mobile Money,0,NONE
TX-103767,2026-07-20 11:20:12,EMP-002,CUST-8536,BRANCH-CENTRAL,Electronics,70.02,0.0,0.0,Credit Card,0,NONE
TX-103768,2026-07-20 11:30:15,EMP-001,CUST-4526,BRANCH-WEST,Hardware,37.39,0.0,0.0,Cash,0,NONE
TX-103769,2026-07-20 11:31:31,EMP-002,CUST-3974,BRANCH-CENTRAL,Hardware,66.45,0.0,0.0,Credit Card,0,NONE
TX-103770,2026-07-20 11:33:30,EMP-008,CUST-2448,BRANCH-EAST,Services,34.12,0.0,0.0,Cash,0,NONE
TX-103771,2026-07-20 11:34:45,EMP-007,CUST-4673,BRANCH-WEST,Electronics,36.19,0.0,0.0,Cash,0,NONE
TX-103772,2026-07-20 11:42:38,EMP-002,CUST-7383,BRANCH-CENTRAL,Groceries,48.16,12.4,0.0,Cash,0,NONE
TX-103773,2026-07-20 11:43:23,EMP-007,CUST-5045,BRANCH-WEST,Services,41.44,0.0,0.0,Cash,0,NONE
TX-103774,2026-07-20 11:45:04,EMP-002,CUST-4189,BRANCH-CENTRAL,Electronics,42.15,14.7,0.0,Debit Card,0,NONE
TX-103775,2026-07-20 11:50:55,EMP-008,CUST-4360,BRANCH-EAST,Apparel,62.27,0.0,0.0,Cash,0,NONE
TX-103776,2026-07-20 11:59:34,EMP-005,CUST-2451,BRANCH-CENTRAL,Groceries,40.55,0.0,0.0,Debit Card,0,NONE
TX-103777,2026-07-20 12:02:06,EMP-004,CUST-1617,BRANCH-WEST,Groceries,26.34,0.0,0.0,Cash,0,NONE
TX-103778,2026-07-20 12:10:22,EMP-002,CUST-7561,BRANCH-CENTRAL,Groceries,45.53,0.0,0.0,Cash,0,NONE
TX-103779,2026-07-20 12:14:48,EMP-001,CUST-1779,BRANCH-WEST,Apparel,81.07,0.0,0.0,Cash,0,NONE
TX-103780,2026-07-20 12:22:19,EMP-003,CUST-9677,BRANCH-WEST,Services,64.56,0.0,0.0,Debit Card,0,NONE
TX-103781,2026-07-20 12:31:49,EMP-002,CUST-7622,BRANCH-CENTRAL,Services,43.7,0.0,0.0,Cash,0,NONE
TX-103782,2026-07-20 12:37:12,EMP-001,CUST-5037,BRANCH-WEST,Apparel,85.22,14.5,0.0,Credit Card,0,NONE
TX-103783,2026-07-20 12:38:54,EMP-006,CUST-5953,BRANCH-WEST,Services,130.72,0.0,0.0,Cash,0,NONE
TX-103784,2026-07-20 12:41:50,EMP-004,CUST-6230,BRANCH-WEST,Electronics,33.8,3.7,0.0,Cash,0,NONE
TX-103785,2026-07-20 12:46:50,EMP-008,CUST-2633,BRANCH-EAST,Electronics,152.24,0.0,0.0,Cash,0,NONE
TX-103786,2026-07-20 12:54:43,EMP-006,CUST-8873,BRANCH-WEST,Groceries,39.85,0.0,0.0,Debit Card,0,NONE
TX-103787,2026-07-20 12:56:48,EMP-002,CUST-4330,BRANCH-CENTRAL,Electronics,25.73,0.0,0.0,Credit Card,0,NONE
TX-103788,2026-07-20 13:01:27,EMP-001,CUST-3217,BRANCH-WEST,Apparel,54.78,0.0,0.0,Cash,0,NONE
TX-103789,2026-07-20 13:09:50,EMP-003,CUST-9532,BRANCH-WEST,Services,35.99,0.0,0.0,Cash,0,NONE
TX-103790,2026-07-20 13:11:59,EMP-002,CUST-3171,BRANCH-CENTRAL,Services,39.26,0.0,0.0,Credit Card,0,NONE
TX-103791,2026-07-20 13:23:59,EMP-003,CUST-8939,BRANCH-WEST,Groceries,54.75,0.0,0.0,Debit Card,0,NONE
TX-103792,2026-07-20 13:36:41,EMP-008,CUST-9357,BRANCH-EAST,Apparel,67.7,0.0,0.0,Debit Card,0,NONE
TX-103793,2026-07-20 13:44:13,EMP-004,CUST-2175,BRANCH-WEST,Electronics,28.44,0.0,0.0,Cash,0,NONE
TX-103794,2026-07-20 13:44:33,EMP-008,CUST-5942,BRANCH-EAST,Services,33.93,0.0,0.0,Debit Card,0,NONE
TX-103795,2026-07-20 13:52:28,EMP-002,CUST-5690,BRANCH-CENTRAL,Electronics,60.58,4.8,0.0,Cash,0,NONE
TX-103796,2026-07-20 13:53:47,EMP-002,CUST-4890,BRANCH-CENTRAL,Groceries,72.66,0.0,0.0,Cash,0,NONE
TX-103797,2026-07-20 13:54:47,EMP-007,CUST-8099,BRANCH-WEST,Electronics,88.8,0.0,0.0,Credit Card,0,NONE
TX-103798,2026-07-20 13:55:07,EMP-006,CUST-6523,BRANCH-WEST,Electronics,20.71,0.0,0.0,Debit Card,0,NONE
TX-103799,2026-07-20 14:01:44,EMP-005,CUST-2229,BRANCH-CENTRAL,Groceries,32.37,7.4,0.0,Cash,0,NONE
TX-103800,2026-07-20 14:08:10,EMP-008,CUST-9893,BRANCH-EAST,Services,185.41,0.0,0.0,Credit Card,0,NONE
TX-103801,2026-07-20 14:11:52,EMP-007,CUST-7396,BRANCH-WEST,Services,34.42,0.0,0.0,Mobile Money,0,NONE
TX-103802,2026-07-20 14:18:53,EMP-001,CUST-1501,BRANCH-WEST,Apparel,18.86,14.9,0.0,Credit Card,0,NONE
TX-103803,2026-07-20 14:20:06,EMP-007,CUST-8396,BRANCH-WEST,Apparel,40.47,0.0,0.0,Mobile Money,0,NONE
TX-103804,2026-07-20 14:23:10,EMP-006,CUST-6964,BRANCH-WEST,Services,16.89,0.0,0.0,Mobile Money,0,NONE
TX-103805,2026-07-20 14:23:32,EMP-008,CUST-2415,BRANCH-EAST,Hardware,30.5,7.9,0.0,Credit Card,0,NONE
TX-103806,2026-07-20 14:28:36,EMP-007,CUST-7012,BRANCH-WEST,Groceries,39.18,0.0,0.0,Debit Card,0,NONE
TX-103807,2026-07-20 14:30:43,EMP-001,CUST-1701,BRANCH-WEST,Groceries,30.31,0.0,0.0,Credit Card,0,NONE
TX-103808,2026-07-20 14:31:45,EMP-002,CUST-4645,BRANCH-CENTRAL,Groceries,19.36,0.0,0.0,Debit Card,0,NONE
TX-103809,2026-07-20 14:34:08,EMP-003,CUST-5270,BRANCH-WEST,Groceries,110.28,0.0,0.0,Cash,0,NONE
TX-103810,2026-07-20 14:37:12,EMP-001,CUST-1056,BRANCH-WEST,Hardware,31.94,0.0,0.0,Credit Card,0,NONE
TX-103811,2026-07-20 14:45:41,EMP-002,CUST-8960,BRANCH-CENTRAL,Electronics,36.63,0.0,17.89,Mobile Money,0,NONE
TX-103812,2026-07-20 14:47:57,EMP-002,CUST-2994,BRANCH-CENTRAL,Apparel,35.61,0.0,0.0,Mobile Money,0,NONE
TX-103813,2026-07-20 14:50:42,EMP-004,CUST-3340,BRANCH-WEST,Services,49.86,5.1,0.0,Cash,0,NONE
TX-103814,2026-07-20 14:53:55,EMP-005,CUST-8717,BRANCH-CENTRAL,Apparel,98.1,0.0,0.0,Credit Card,0,NONE
TX-103815,2026-07-20 14:54:41,EMP-005,CUST-1523,BRANCH-CENTRAL,Groceries,55.54,0.0,0.0,Credit Card,0,NONE
TX-103816,2026-07-20 14:55:50,EMP-008,CUST-2897,BRANCH-EAST,Electronics,67.16,0.0,0.0,Cash,0,NONE
TX-103817,2026-07-20 14:56:47,EMP-004,CUST-6685,BRANCH-WEST,Groceries,31.25,0.0,0.0,Credit Card,0,NONE
TX-103818,2026-07-20 14:57:07,EMP-004,CUST-6221,BRANCH-WEST,Hardware,35.17,0.0,0.0,Mobile Money,0,NONE
TX-103819,2026-07-20 15:02:04,EMP-001,CUST-8154,BRANCH-WEST,Apparel,32.61,11.4,0.0,Debit Card,0,NONE
TX-103820,2026-07-20 15:05:07,EMP-001,CUST-8608,BRANCH-WEST,Services,31.72,4.5,0.0,Cash,0,NONE
TX-103821,2026-07-20 15:08:50,EMP-001,CUST-5916,BRANCH-WEST,Groceries,48.56,0.0,0.0,Credit Card,0,NONE
TX-103822,2026-07-20 15:10:28,EMP-004,CUST-5936,BRANCH-WEST,Groceries,23.91,0.0,0.0,Mobile Money,0,NONE
TX-103823,2026-07-20 15:10:49,EMP-002,CUST-5303,BRANCH-CENTRAL,Apparel,62.92,0.0,0.0,Debit Card,0,NONE
TX-103824,2026-07-20 15:11:49,EMP-005,CUST-3111,BRANCH-CENTRAL,Services,38.71,4.0,0.0,Mobile Money,0,NONE
TX-103825,2026-07-20 15:16:06,EMP-001,CUST-7316,BRANCH-WEST,Electronics,21.97,0.0,0.0,Cash,0,NONE
TX-103826,2026-07-20 15:17:19,EMP-004,CUST-8612,BRANCH-WEST,Services,52.16,0.0,0.0,Mobile Money,0,NONE
TX-103827,2026-07-20 15:21:02,EMP-002,CUST-4635,BRANCH-CENTRAL,Services,38.25,0.0,0.0,Credit Card,0,NONE
TX-103828,2026-07-20 15:34:12,EMP-004,CUST-7594,BRANCH-WEST,Services,36.31,0.0,0.0,Credit Card,0,NONE
TX-103829,2026-07-20 15:37:36,EMP-006,CUST-6643,BRANCH-WEST,Hardware,130.0,0.0,0.0,Credit Card,0,NONE
TX-103830,2026-07-20 15:48:07,EMP-001,CUST-9924,BRANCH-WEST,Apparel,31.31,13.7,16.03,Debit Card,0,NONE
TX-103831,2026-07-20 15:49:11,EMP-001,CUST-5883,BRANCH-WEST,Apparel,60.57,0.0,0.0,Debit Card,0,NONE
TX-103832,2026-07-20 15:50:24,EMP-001,CUST-7181,BRANCH-WEST,Groceries,84.53,0.0,0.0,Debit Card,0,NONE
TX-103833,2026-07-20 15:53:11,EMP-008,CUST-4941,BRANCH-EAST,Electronics,68.31,0.0,0.0,Debit Card,0,NONE
TX-103834,2026-07-20 15:53:31,EMP-001,CUST-2359,BRANCH-WEST,Hardware,57.84,0.0,0.0,Cash,0,NONE
TX-103835,2026-07-20 15:54:53,EMP-004,CUST-7852,BRANCH-WEST,Services,68.61,10.1,0.0,Mobile Money,0,NONE
TX-103836,2026-07-20 15:59:14,EMP-006,CUST-4603,BRANCH-WEST,Groceries,65.84,0.0,0.0,Debit Card,0,NONE
TX-103837,2026-07-20 16:06:41,EMP-003,CUST-7517,BRANCH-WEST,Apparel,59.62,0.0,0.0,Debit Card,0,NONE
TX-103838,2026-07-20 16:09:39,EMP-003,CUST-6293,BRANCH-WEST,Groceries,88.66,0.0,0.0,Mobile Money,0,NONE
TX-103839,2026-07-20 16:12:23,EMP-003,CUST-5104,BRANCH-WEST,Electronics,75.69,9.1,0.0,Credit Card,0,NONE
TX-103840,2026-07-20 16:13:53,EMP-002,CUST-8444,BRANCH-CENTRAL,Electronics,30.86,0.0,0.0,Credit Card,0,NONE
TX-103841,2026-07-20 16:15:51,EMP-004,CUST-7526,BRANCH-WEST,Services,71.44,9.4,0.0,Credit Card,0,NONE
TX-103842,2026-07-20 16:23:52,EMP-001,CUST-7294,BRANCH-WEST,Electronics,29.22,0.0,0.0,Debit Card,0,NONE
TX-103843,2026-07-20 16:24:50,EMP-001,CUST-3656,BRANCH-WEST,Apparel,79.48,8.4,0.0,Mobile Money,0,NONE
TX-103844,2026-07-20 16:26:35,EMP-004,CUST-3365,BRANCH-WEST,Services,35.67,0.0,0.0,Credit Card,0,NONE
TX-103845,2026-07-20 16:32:01,EMP-006,CUST-3970,BRANCH-WEST,Electronics,33.46,0.0,0.0,Mobile Money,0,NONE
TX-103846,2026-07-20 16:33:10,EMP-007,CUST-4708,BRANCH-WEST,Groceries,19.26,0.0,0.0,Mobile Money,0,NONE
TX-103847,2026-07-20 16:49:15,EMP-007,CUST-7427,BRANCH-WEST,Electronics,34.81,0.0,0.0,Cash,0,NONE
TX-103848,2026-07-20 16:51:14,EMP-008,CUST-3587,BRANCH-EAST,Groceries,144.26,0.0,0.0,Mobile Money,0,NONE
TX-103849,2026-07-20 16:53:24,EMP-003,CUST-1433,BRANCH-WEST,Apparel,129.54,8.6,0.0,Mobile Money,0,NONE
TX-103850,2026-07-20 16:55:39,EMP-002,CUST-6884,BRANCH-CENTRAL,Electronics,44.42,0.0,0.0,Debit Card,0,NONE
TX-103851,2026-07-20 16:58:27,EMP-004,CUST-8779,BRANCH-WEST,Groceries,38.32,0.0,0.0,Credit Card,0,NONE
TX-103852,2026-07-20 16:59:05,EMP-001,CUST-4529,BRANCH-WEST,Groceries,43.77,0.0,0.0,Cash,0,NONE
TX-103853,2026-07-20 16:59:57,EMP-005,CUST-9710,BRANCH-CENTRAL,Apparel,30.37,4.8,0.0,Cash,0,NONE
TX-103854,2026-07-20 17:01:06,EMP-002,CUST-4921,BRANCH-CENTRAL,Electronics,36.5,10.4,0.0,Debit Card,0,NONE
TX-103855,2026-07-20 17:02:41,EMP-002,CUST-2012,BRANCH-CENTRAL,Groceries,56.05,3.3,0.0,Credit Card,0,NONE
TX-103856,2026-07-20 17:03:37,EMP-007,CUST-2629,BRANCH-WEST,Hardware,43.26,13.1,0.0,Credit Card,0,NONE
TX-103857,2026-07-20 17:08:04,EMP-008,CUST-2048,BRANCH-EAST,Services,67.17,0.0,0.0,Credit Card,0,NONE
TX-103858,2026-07-20 17:11:01,EMP-001,CUST-8364,BRANCH-WEST,Services,51.04,0.0,0.0,Mobile Money,0,NONE
TX-103859,2026-07-20 17:11:33,EMP-004,CUST-1007,BRANCH-WEST,Apparel,67.83,0.0,0.0,Mobile Money,0,NONE
TX-103860,2026-07-20 17:13:35,EMP-003,CUST-4839,BRANCH-WEST,Groceries,50.95,0.0,0.0,Debit Card,0,NONE
TX-103861,2026-07-20 17:14:48,EMP-008,CUST-9756,BRANCH-EAST,Groceries,48.94,0.0,0.0,Debit Card,0,NONE
TX-103862,2026-07-20 17:18:02,EMP-005,CUST-5015,BRANCH-CENTRAL,Hardware,57.85,11.9,0.0,Credit Card,0,NONE
TX-103863,2026-07-20 17:18:34,EMP-004,CUST-2710,BRANCH-WEST,Groceries,49.21,0.0,0.0,Debit Card,0,NONE
TX-103864,2026-07-20 17:33:07,EMP-007,CUST-8012,BRANCH-WEST,Apparel,72.03,5.1,0.0,Debit Card,0,NONE
TX-103865,2026-07-20 17:34:46,EMP-002,CUST-3048,BRANCH-CENTRAL,Groceries,31.72,0.0,0.0,Cash,0,NONE
TX-103866,2026-07-20 17:35:23,EMP-006,CUST-8811,BRANCH-WEST,Services,35.39,10.9,0.0,Cash,0,NONE
TX-103867,2026-07-20 17:39:41,EMP-003,CUST-3163,BRANCH-WEST,Electronics,92.9,4.4,0.0,Debit Card,0,NONE
TX-103868,2026-07-20 17:43:01,EMP-001,CUST-7330,BRANCH-WEST,Hardware,31.57,0.0,0.0,Mobile Money,0,NONE
TX-103869,2026-07-20 17:48:17,EMP-003,CUST-3476,BRANCH-WEST,Electronics,14.33,0.0,0.0,Credit Card,0,NONE
TX-103870,2026-07-20 17:48:39,EMP-003,CUST-2173,BRANCH-WEST,Electronics,89.14,0.0,0.0,Credit Card,0,NONE
TX-103871,2026-07-20 17:48:59,EMP-006,CUST-7784,BRANCH-WEST,Electronics,49.24,0.0,0.0,Credit Card,0,NONE
TX-103872,2026-07-20 17:49:35,EMP-003,CUST-6104,BRANCH-WEST,Electronics,51.69,3.3,0.0,Debit Card,0,NONE
TX-103873,2026-07-20 17:51:39,EMP-006,CUST-5024,BRANCH-WEST,Services,92.9,0.0,0.0,Mobile Money,0,NONE
TX-103874,2026-07-20 17:52:14,EMP-004,CUST-2198,BRANCH-WEST,Electronics,31.91,8.2,0.0,Debit Card,0,NONE
TX-103875,2026-07-20 17:54:49,EMP-007,CUST-4419,BRANCH-WEST,Electronics,52.24,0.0,0.0,Credit Card,0,NONE
TX-103876,2026-07-20 18:00:35,EMP-002,CUST-9042,BRANCH-CENTRAL,Services,41.34,11.2,0.0,Cash,0,NONE
TX-103877,2026-07-20 18:19:54,EMP-006,CUST-4445,BRANCH-WEST,Services,20.02,4.1,0.0,Cash,0,NONE
TX-103878,2026-07-20 18:24:32,EMP-007,CUST-6785,BRANCH-WEST,Electronics,45.51,0.0,0.0,Mobile Money,0,NONE
TX-103879,2026-07-20 18:30:22,EMP-007,CUST-8292,BRANCH-WEST,Electronics,86.9,0.0,0.0,Mobile Money,0,NONE
TX-103880,2026-07-20 18:30:42,EMP-008,CUST-3999,BRANCH-EAST,Apparel,60.2,0.0,0.0,Mobile Money,0,NONE
TX-103881,2026-07-20 18:32:45,EMP-008,CUST-6987,BRANCH-EAST,Hardware,58.4,0.0,0.0,Debit Card,0,NONE
TX-103882,2026-07-20 18:40:13,EMP-007,CUST-5262,BRANCH-WEST,Services,92.61,0.0,0.0,Debit Card,0,NONE
TX-103883,2026-07-20 18:45:09,EMP-003,CUST-3698,BRANCH-WEST,Apparel,36.25,0.0,0.0,Credit Card,0,NONE
TX-103884,2026-07-20 18:48:40,EMP-002,CUST-1355,BRANCH-CENTRAL,Apparel,69.14,0.0,0.0,Cash,0,NONE
TX-103885,2026-07-20 18:50:20,EMP-007,CUST-3123,BRANCH-WEST,Services,22.35,0.0,0.0,Credit Card,0,NONE
TX-103886,2026-07-20 18:50:41,EMP-002,CUST-3342,BRANCH-CENTRAL,Groceries,69.2,0.0,0.0,Debit Card,0,NONE
TX-103887,2026-07-20 18:52:16,EMP-007,CUST-9064,BRANCH-WEST,Electronics,28.44,0.0,0.0,Credit Card,0,NONE
TX-103888,2026-07-20 18:54:15,EMP-001,CUST-8222,BRANCH-WEST,Services,27.21,0.0,0.0,Credit Card,0,NONE
TX-103889,2026-07-20 18:56:21,EMP-003,CUST-2195,BRANCH-WEST,Electronics,36.8,0.0,0.0,Credit Card,0,NONE
TX-103890,2026-07-20 19:01:26,EMP-001,CUST-4048,BRANCH-WEST,Electronics,53.84,0.0,0.0,Debit Card,0,NONE
TX-103891,2026-07-20 19:01:46,EMP-008,CUST-1102,BRANCH-EAST,Apparel,67.92,0.0,0.0,Debit Card,0,NONE
TX-103892,2026-07-20 19:04:33,EMP-003,CUST-7120,BRANCH-WEST,Groceries,91.39,0.0,0.0,Cash,0,NONE
TX-103893,2026-07-20 19:04:53,EMP-008,CUST-1396,BRANCH-EAST,Electronics,72.22,10.3,0.0,Credit Card,0,NONE
TX-103894,2026-07-20 19:08:17,EMP-008,CUST-3359,BRANCH-EAST,Electronics,55.53,10.7,0.0,Cash,0,NONE
TX-103895,2026-07-20 19:16:38,EMP-005,CUST-6188,BRANCH-CENTRAL,Groceries,57.75,0.0,0.0,Debit Card,0,NONE
TX-103896,2026-07-20 19:16:58,EMP-008,CUST-1192,BRANCH-EAST,Hardware,74.73,10.6,0.0,Debit Card,0,NONE
TX-103897,2026-07-20 19:21:14,EMP-004,CUST-1071,BRANCH-WEST,Groceries,54.84,4.7,0.0,Mobile Money,0,NONE
TX-103898,2026-07-20 19:23:32,EMP-001,CUST-1802,BRANCH-WEST,Services,31.79,0.0,0.0,Mobile Money,0,NONE
TX-103899,2026-07-20 19:28:12,EMP-007,CUST-5147,BRANCH-WEST,Services,51.08,14.9,0.0,Debit Card,0,NONE
TX-103900,2026-07-20 19:30:49,EMP-007,CUST-1375,BRANCH-WEST,Services,45.43,14.7,0.0,Debit Card,0,NONE
TX-103901,2026-07-20 19:31:09,EMP-008,CUST-2405,BRANCH-EAST,Electronics,56.73,0.0,0.0,Credit Card,0,NONE
TX-103902,2026-07-20 19:34:33,EMP-005,CUST-8124,BRANCH-CENTRAL,Services,46.59,9.7,0.0,Debit Card,0,NONE
TX-103903,2026-07-20 19:41:20,EMP-005,CUST-1851,BRANCH-CENTRAL,Groceries,128.81,0.0,0.0,Credit Card,0,NONE
TX-103904,2026-07-20 19:49:13,EMP-002,CUST-4525,BRANCH-CENTRAL,Apparel,31.8,10.8,0.0,Cash,0,NONE
TX-103905,2026-07-20 19:52:33,EMP-002,CUST-2774,BRANCH-CENTRAL,Apparel,94.79,0.0,0.0,Credit Card,0,NONE
TX-103906,2026-07-20 19:56:44,EMP-001,CUST-9861,BRANCH-WEST,Groceries,52.95,9.3,0.0,Cash,0,NONE
TX-103907,2026-07-20 19:57:18,EMP-005,CUST-5182,BRANCH-CENTRAL,Groceries,39.86,3.7,0.0,Credit Card,0,NONE
TX-103908,2026-07-20 20:01:45,EMP-007,CUST-7307,BRANCH-WEST,Services,31.2,0.0,0.0,Credit Card,0,NONE
TX-103909,2026-07-20 20:02:42,EMP-004,CUST-9559,BRANCH-WEST,Groceries,26.56,0.0,0.0,Debit Card,0,NONE
TX-103910,2026-07-20 20:06:13,EMP-005,CUST-8505,BRANCH-CENTRAL,Apparel,35.39,0.0,0.0,Cash,0,NONE
TX-103911,2026-07-20 20:07:45,EMP-001,CUST-2689,BRANCH-WEST,Hardware,38.38,0.0,0.0,Credit Card,0,NONE
TX-103912,2026-07-20 20:14:24,EMP-008,CUST-2802,BRANCH-EAST,Hardware,111.19,0.0,0.0,Credit Card,0,NONE
TX-103913,2026-07-20 20:19:11,EMP-001,CUST-2494,BRANCH-WEST,Services,60.2,13.7,0.0,Cash,0,NONE
TX-103914,2026-07-20 20:20:40,EMP-007,CUST-9636,BRANCH-WEST,Services,45.58,0.0,0.0,Cash,0,NONE
TX-103915,2026-07-20 20:27:47,EMP-007,CUST-2530,BRANCH-WEST,Groceries,41.37,0.0,0.0,Debit Card,0,NONE
TX-103916,2026-07-20 20:43:31,EMP-007,CUST-2848,BRANCH-WEST,Groceries,45.66,0.0,0.0,Debit Card,0,NONE
TX-103917,2026-07-20 20:44:07,EMP-008,CUST-6836,BRANCH-EAST,Services,67.27,0.0,0.0,Mobile Money,0,NONE
TX-103918,2026-07-20 20:45:40,EMP-003,CUST-7780,BRANCH-WEST,Groceries,46.09,0.0,0.0,Credit Card,0,NONE
TX-103919,2026-07-20 20:57:09,EMP-001,CUST-6453,BRANCH-WEST,Services,42.0,5.3,0.0,Cash,0,NONE
TX-103920,2026-07-20 20:58:58,EMP-006,CUST-7913,BRANCH-WEST,Apparel,43.98,0.0,0.0,Credit Card,0,NONE
TX-103921,2026-07-21 08:12:23,EMP-004,CUST-5054,BRANCH-WEST,Services,53.71,0.0,0.0,Mobile Money,0,NONE
TX-103922,2026-07-21 08:16:06,EMP-005,CUST-3608,BRANCH-CENTRAL,Hardware,85.43,0.0,0.0,Debit Card,0,NONE
TX-103923,2026-07-21 08:20:03,EMP-008,CUST-6491,BRANCH-EAST,Services,123.16,11.2,0.0,Credit Card,0,NONE
TX-103924,2026-07-21 08:23:16,EMP-007,CUST-8008,BRANCH-WEST,Services,63.06,0.0,0.0,Cash,0,NONE
TX-103925,2026-07-21 08:24:14,EMP-004,CUST-1105,BRANCH-WEST,Electronics,60.06,0.0,0.0,Mobile Money,0,NONE
TX-103926,2026-07-21 08:24:35,EMP-008,CUST-3928,BRANCH-EAST,Hardware,184.95,0.0,0.0,Mobile Money,0,NONE
TX-103927,2026-07-21 08:31:39,EMP-005,CUST-6188,BRANCH-CENTRAL,Groceries,12.99,0.0,0.0,Cash,0,NONE
TX-103928,2026-07-21 08:33:59,EMP-003,CUST-6241,BRANCH-WEST,Electronics,100.46,0.0,0.0,Credit Card,0,NONE
TX-103929,2026-07-21 08:34:19,EMP-007,CUST-2744,BRANCH-WEST,Electronics,164.28,9.5,0.0,Cash,0,NONE
TX-103930,2026-07-21 08:38:08,EMP-008,CUST-3049,BRANCH-EAST,Groceries,58.02,0.0,0.0,Mobile Money,0,NONE
TX-103931,2026-07-21 08:41:44,EMP-003,CUST-8926,BRANCH-WEST,Hardware,74.57,0.0,0.0,Cash,0,NONE
TX-103932,2026-07-21 08:45:20,EMP-002,CUST-9212,BRANCH-CENTRAL,Apparel,42.83,4.5,0.0,Debit Card,0,NONE
TX-103933,2026-07-21 08:46:21,EMP-004,CUST-1017,BRANCH-WEST,Services,58.13,8.3,0.0,Cash,0,NONE
TX-103934,2026-07-21 08:47:06,EMP-001,CUST-3319,BRANCH-WEST,Apparel,63.18,6.5,0.0,Mobile Money,0,NONE
TX-103935,2026-07-21 08:51:13,EMP-001,CUST-6714,BRANCH-WEST,Hardware,81.13,0.0,0.0,Debit Card,0,NONE
TX-103936,2026-07-21 08:51:35,EMP-008,CUST-2539,BRANCH-EAST,Services,60.4,0.0,0.0,Debit Card,0,NONE
TX-103937,2026-07-21 08:53:05,EMP-002,CUST-8778,BRANCH-CENTRAL,Groceries,64.8,0.0,0.0,Debit Card,0,NONE
TX-103938,2026-07-21 08:55:33,EMP-006,CUST-7533,BRANCH-WEST,Hardware,67.48,0.0,0.0,Cash,0,NONE
TX-103939,2026-07-21 09:06:08,EMP-007,CUST-9585,BRANCH-WEST,Electronics,45.17,12.3,29.7,Credit Card,0,NONE
TX-103940,2026-07-21 09:07:34,EMP-003,CUST-3645,BRANCH-WEST,Apparel,75.75,0.0,0.0,Debit Card,0,NONE
TX-103941,2026-07-21 09:18:15,EMP-006,CUST-4215,BRANCH-WEST,Hardware,52.74,0.0,0.0,Mobile Money,0,NONE
TX-103942,2026-07-21 09:19:22,EMP-003,CUST-2445,BRANCH-WEST,Services,31.04,6.1,0.0,Cash,0,NONE
TX-103943,2026-07-21 09:26:19,EMP-008,CUST-1348,BRANCH-EAST,Apparel,86.54,0.0,0.0,Mobile Money,0,NONE
TX-103944,2026-07-21 09:26:39,EMP-007,CUST-1820,BRANCH-WEST,Groceries,21.93,0.0,0.0,Cash,0,NONE
TX-103945,2026-07-21 09:28:12,EMP-002,CUST-6386,BRANCH-CENTRAL,Groceries,62.11,0.0,0.0,Cash,0,NONE
TX-103946,2026-07-21 09:32:20,EMP-007,CUST-3480,BRANCH-WEST,Hardware,60.03,9.0,0.0,Credit Card,0,NONE
TX-103947,2026-07-21 09:40:00,EMP-004,CUST-5286,BRANCH-WEST,Hardware,83.48,0.0,0.0,Mobile Money,0,NONE
TX-103948,2026-07-21 09:41:13,EMP-004,CUST-6220,BRANCH-WEST,Apparel,14.81,0.0,0.0,Credit Card,0,NONE
TX-103949,2026-07-21 09:41:33,EMP-008,CUST-2462,BRANCH-EAST,Services,110.44,6.4,0.0,Cash,0,NONE
TX-103950,2026-07-21 09:44:48,EMP-005,CUST-7298,BRANCH-CENTRAL,Electronics,68.99,0.0,0.0,Debit Card,0,NONE
TX-103951,2026-07-21 09:50:07,EMP-007,CUST-5647,BRANCH-WEST,Electronics,112.75,0.0,20.58,Debit Card,0,NONE
TX-103952,2026-07-21 09:53:30,EMP-003,CUST-7679,BRANCH-WEST,Hardware,32.13,0.0,0.0,Mobile Money,0,NONE
TX-103953,2026-07-21 09:53:50,EMP-005,CUST-7436,BRANCH-CENTRAL,Services,59.79,0.0,0.0,Mobile Money,0,NONE
TX-103954,2026-07-21 09:56:04,EMP-008,CUST-3105,BRANCH-EAST,Apparel,28.29,12.7,0.0,Mobile Money,0,NONE
TX-103955,2026-07-21 10:01:09,EMP-001,CUST-9947,BRANCH-WEST,Hardware,51.96,0.0,0.0,Debit Card,0,NONE
TX-103956,2026-07-21 10:05:16,EMP-001,CUST-6236,BRANCH-WEST,Groceries,66.99,0.0,0.0,Credit Card,0,NONE
TX-103957,2026-07-21 10:09:27,EMP-005,CUST-4415,BRANCH-CENTRAL,Electronics,31.31,0.0,0.0,Mobile Money,0,NONE
TX-103958,2026-07-21 10:13:30,EMP-001,CUST-4246,BRANCH-WEST,Electronics,35.1,0.0,0.0,Mobile Money,0,NONE
TX-103959,2026-07-21 10:18:16,EMP-007,CUST-4289,BRANCH-WEST,Groceries,52.45,3.7,0.0,Cash,0,NONE
TX-103960,2026-07-21 10:20:09,EMP-004,CUST-2080,BRANCH-WEST,Services,26.27,0.0,0.0,Cash,0,NONE
TX-103961,2026-07-21 10:21:03,EMP-005,CUST-9711,BRANCH-CENTRAL,Groceries,56.37,10.7,0.0,Credit Card,0,NONE
TX-103962,2026-07-21 10:22:42,EMP-005,CUST-2056,BRANCH-CENTRAL,Apparel,19.06,0.0,0.0,Mobile Money,0,NONE
TX-103963,2026-07-21 10:25:35,EMP-001,CUST-4770,BRANCH-WEST,Groceries,35.81,0.0,0.0,Debit Card,0,NONE
TX-103964,2026-07-21 10:26:18,EMP-007,CUST-7958,BRANCH-WEST,Groceries,114.8,8.0,0.0,Cash,0,NONE
TX-103965,2026-07-21 10:28:35,EMP-002,CUST-3299,BRANCH-CENTRAL,Electronics,48.05,0.0,0.0,Cash,0,NONE
TX-103966,2026-07-21 10:32:33,EMP-006,CUST-5965,BRANCH-WEST,Hardware,24.14,0.0,0.0,Debit Card,0,NONE
TX-103967,2026-07-21 10:36:00,EMP-001,CUST-6693,BRANCH-WEST,Electronics,24.85,12.9,0.0,Cash,0,NONE
TX-103968,2026-07-21 10:38:45,EMP-006,CUST-9986,BRANCH-WEST,Electronics,20.33,0.0,0.0,Cash,0,NONE
TX-103969,2026-07-21 10:40:34,EMP-007,CUST-9146,BRANCH-WEST,Electronics,68.43,0.0,0.0,Credit Card,0,NONE
TX-103970,2026-07-21 10:40:55,EMP-003,CUST-2550,BRANCH-WEST,Services,36.69,0.0,0.0,Credit Card,0,NONE
TX-103971,2026-07-21 10:49:07,EMP-003,CUST-7917,BRANCH-WEST,Services,95.99,15.0,0.0,Credit Card,0,NONE
TX-103972,2026-07-21 10:51:46,EMP-001,CUST-2701,BRANCH-WEST,Hardware,42.69,0.0,0.0,Cash,0,NONE
TX-103973,2026-07-21 10:53:41,EMP-008,CUST-8843,BRANCH-EAST,Hardware,28.25,0.0,0.0,Mobile Money,0,NONE
TX-103974,2026-07-21 10:57:00,EMP-007,CUST-4869,BRANCH-WEST,Hardware,22.32,0.0,0.0,Credit Card,0,NONE
TX-103975,2026-07-21 11:01:57,EMP-001,CUST-2438,BRANCH-WEST,Hardware,26.11,0.0,0.0,Mobile Money,0,NONE
TX-103976,2026-07-21 11:03:45,EMP-008,CUST-7578,BRANCH-EAST,Electronics,62.38,0.0,0.0,Debit Card,0,NONE
TX-103977,2026-07-21 11:08:50,EMP-007,CUST-8272,BRANCH-WEST,Services,90.77,0.0,0.0,Mobile Money,0,NONE
TX-103978,2026-07-21 11:09:17,EMP-008,CUST-7505,BRANCH-EAST,Groceries,83.4,0.0,0.0,Credit Card,0,NONE
TX-103979,2026-07-21 11:10:14,EMP-003,CUST-4068,BRANCH-WEST,Services,88.4,0.0,0.0,Cash,0,NONE
TX-103980,2026-07-21 11:10:51,EMP-008,CUST-5774,BRANCH-EAST,Services,58.92,0.0,0.0,Cash,0,NONE
TX-103981,2026-07-21 11:11:11,EMP-003,CUST-6299,BRANCH-WEST,Apparel,30.72,0.0,0.0,Mobile Money,0,NONE
TX-103982,2026-07-21 11:13:12,EMP-007,CUST-6287,BRANCH-WEST,Services,67.23,0.0,0.0,Cash,0,NONE
TX-103983,2026-07-21 11:16:06,EMP-004,CUST-7051,BRANCH-WEST,Services,54.05,3.4,0.0,Credit Card,0,NONE
TX-103984,2026-07-21 11:22:56,EMP-002,CUST-8222,BRANCH-CENTRAL,Groceries,34.11,0.0,0.0,Credit Card,0,NONE
TX-103985,2026-07-21 11:24:26,EMP-008,CUST-4087,BRANCH-EAST,Services,69.15,12.9,0.0,Credit Card,0,NONE
TX-103986,2026-07-21 11:27:51,EMP-007,CUST-6749,BRANCH-WEST,Groceries,37.53,0.0,0.0,Cash,0,NONE
TX-103987,2026-07-21 11:28:44,EMP-005,CUST-9611,BRANCH-CENTRAL,Hardware,32.42,13.5,0.0,Cash,0,NONE
TX-103988,2026-07-21 11:38:57,EMP-001,CUST-4008,BRANCH-WEST,Apparel,47.47,0.0,0.0,Mobile Money,0,NONE
TX-103989,2026-07-21 11:40:56,EMP-008,CUST-9049,BRANCH-EAST,Apparel,85.42,0.0,0.0,Mobile Money,0,NONE
TX-103990,2026-07-21 11:43:44,EMP-001,CUST-3314,BRANCH-WEST,Services,18.76,4.5,0.0,Mobile Money,0,NONE
TX-103991,2026-07-21 11:46:32,EMP-006,CUST-1216,BRANCH-WEST,Groceries,38.57,0.0,0.0,Cash,0,NONE
TX-103992,2026-07-21 11:46:52,EMP-008,CUST-5509,BRANCH-EAST,Electronics,54.55,0.0,0.0,Debit Card,0,NONE
TX-103993,2026-07-21 11:49:46,EMP-006,CUST-3445,BRANCH-WEST,Electronics,85.57,13.2,0.0,Mobile Money,0,NONE
TX-103994,2026-07-21 11:51:36,EMP-002,CUST-1256,BRANCH-CENTRAL,Hardware,63.76,3.5,0.0,Debit Card,0,NONE
TX-103995,2026-07-21 11:57:21,EMP-004,CUST-1324,BRANCH-WEST,Electronics,71.13,0.0,0.0,Debit Card,0,NONE
TX-103996,2026-07-21 12:02:28,EMP-007,CUST-3275,BRANCH-WEST,Apparel,39.46,0.0,0.0,Credit Card,0,NONE
TX-103997,2026-07-21 12:05:00,EMP-004,CUST-8693,BRANCH-WEST,Apparel,31.6,0.0,0.0,Credit Card,0,NONE
TX-103998,2026-07-21 12:06:36,EMP-008,CUST-2507,BRANCH-EAST,Apparel,47.49,0.0,0.0,Credit Card,0,NONE
TX-103999,2026-07-21 12:07:11,EMP-007,CUST-9127,BRANCH-WEST,Apparel,87.33,7.6,0.0,Mobile Money,0,NONE
TX-104000,2026-07-21 12:09:13,EMP-006,CUST-5979,BRANCH-WEST,Apparel,25.16,0.0,0.0,Credit Card,0,NONE
TX-104001,2026-07-21 12:09:33,EMP-002,CUST-5598,BRANCH-CENTRAL,Hardware,107.5,0.0,0.0,Debit Card,0,NONE
TX-104002,2026-07-21 12:12:13,EMP-006,CUST-9423,BRANCH-WEST,Electronics,45.42,0.0,0.0,Mobile Money,0,NONE
TX-104003,2026-07-21 12:20:26,EMP-005,CUST-4746,BRANCH-CENTRAL,Apparel,104.04,0.0,0.0,Mobile Money,0,NONE
TX-104004,2026-07-21 12:21:47,EMP-007,CUST-9102,BRANCH-WEST,Electronics,88.32,0.0,0.0,Credit Card,0,NONE
TX-104005,2026-07-21 12:28:03,EMP-006,CUST-4937,BRANCH-WEST,Electronics,18.34,11.0,0.0,Credit Card,0,NONE
TX-104006,2026-07-21 12:29:37,EMP-008,CUST-1074,BRANCH-EAST,Services,49.19,0.0,0.0,Mobile Money,0,NONE
TX-104007,2026-07-21 12:30:59,EMP-007,CUST-4578,BRANCH-WEST,Apparel,62.4,0.0,0.0,Debit Card,0,NONE
TX-104008,2026-07-21 12:31:36,EMP-006,CUST-9774,BRANCH-WEST,Groceries,33.27,0.0,0.0,Credit Card,0,NONE
TX-104009,2026-07-21 12:36:39,EMP-006,CUST-1976,BRANCH-WEST,Apparel,57.2,0.0,0.0,Mobile Money,0,NONE
TX-104010,2026-07-21 12:48:07,EMP-005,CUST-7568,BRANCH-CENTRAL,Hardware,136.93,12.9,0.0,Mobile Money,0,NONE
TX-104011,2026-07-21 12:50:35,EMP-005,CUST-3821,BRANCH-CENTRAL,Services,96.93,0.0,0.0,Debit Card,0,NONE
TX-104012,2026-07-21 12:52:09,EMP-008,CUST-4723,BRANCH-EAST,Hardware,200.78,0.0,0.0,Credit Card,0,NONE
TX-104013,2026-07-21 13:09:13,EMP-005,CUST-6658,BRANCH-CENTRAL,Groceries,34.21,14.1,0.0,Mobile Money,0,NONE
TX-104014,2026-07-21 13:20:19,EMP-006,CUST-6753,BRANCH-WEST,Groceries,109.9,0.0,0.0,Cash,0,NONE
TX-104015,2026-07-21 13:29:20,EMP-005,CUST-6627,BRANCH-CENTRAL,Groceries,36.57,0.0,0.0,Cash,0,NONE
TX-104016,2026-07-21 13:31:19,EMP-005,CUST-4436,BRANCH-CENTRAL,Apparel,42.54,3.8,0.0,Credit Card,0,NONE
TX-104017,2026-07-21 13:34:59,EMP-004,CUST-4666,BRANCH-WEST,Hardware,64.81,0.0,0.0,Credit Card,0,NONE
TX-104018,2026-07-21 13:39:55,EMP-004,CUST-2288,BRANCH-WEST,Groceries,55.29,5.9,0.0,Cash,0,NONE
TX-104019,2026-07-21 13:41:10,EMP-005,CUST-3733,BRANCH-CENTRAL,Hardware,94.09,0.0,0.0,Credit Card,0,NONE
TX-104020,2026-07-21 13:47:09,EMP-003,CUST-8112,BRANCH-WEST,Hardware,157.54,0.0,0.0,Credit Card,0,NONE
TX-104021,2026-07-21 13:48:42,EMP-002,CUST-1837,BRANCH-CENTRAL,Services,58.65,0.0,0.0,Mobile Money,0,NONE
TX-104022,2026-07-21 13:51:19,EMP-006,CUST-6710,BRANCH-WEST,Apparel,23.11,0.0,0.0,Debit Card,0,NONE
TX-104023,2026-07-21 13:52:12,EMP-001,CUST-2324,BRANCH-WEST,Services,84.79,4.1,0.0,Credit Card,0,NONE
TX-104024,2026-07-21 14:05:14,EMP-006,CUST-6856,BRANCH-WEST,Apparel,93.97,0.0,0.0,Debit Card,0,NONE
TX-104025,2026-07-21 14:07:21,EMP-001,CUST-7846,BRANCH-WEST,Electronics,41.0,0.0,0.0,Cash,0,NONE
TX-104026,2026-07-21 14:09:06,EMP-007,CUST-8465,BRANCH-WEST,Electronics,24.94,6.0,0.0,Mobile Money,0,NONE
TX-104027,2026-07-21 14:12:14,EMP-002,CUST-6201,BRANCH-CENTRAL,Hardware,20.81,0.0,0.0,Mobile Money,0,NONE
TX-104028,2026-07-21 14:15:22,EMP-007,CUST-5216,BRANCH-WEST,Groceries,31.27,8.1,0.0,Cash,0,NONE
TX-104029,2026-07-21 14:18:06,EMP-008,CUST-7426,BRANCH-EAST,Electronics,67.11,10.5,0.0,Mobile Money,0,NONE
TX-104030,2026-07-21 14:18:50,EMP-002,CUST-8069,BRANCH-CENTRAL,Electronics,91.86,13.1,0.0,Credit Card,0,NONE
TX-104031,2026-07-21 14:20:53,EMP-002,CUST-8140,BRANCH-CENTRAL,Hardware,71.38,0.0,0.0,Cash,0,NONE
TX-104032,2026-07-21 14:30:28,EMP-006,CUST-9844,BRANCH-WEST,Electronics,75.79,0.0,0.0,Debit Card,0,NONE
TX-104033,2026-07-21 14:32:18,EMP-008,CUST-4728,BRANCH-EAST,Groceries,90.13,0.0,0.0,Mobile Money,0,NONE
TX-104034,2026-07-21 14:45:10,EMP-005,CUST-4754,BRANCH-CENTRAL,Services,51.13,0.0,0.0,Cash,0,NONE
TX-104035,2026-07-21 14:45:55,EMP-005,CUST-9226,BRANCH-CENTRAL,Apparel,50.44,0.0,0.0,Credit Card,0,NONE
TX-104036,2026-07-21 14:47:10,EMP-003,CUST-1936,BRANCH-WEST,Electronics,41.27,0.0,0.0,Debit Card,0,NONE
TX-104037,2026-07-21 14:54:54,EMP-005,CUST-7000,BRANCH-CENTRAL,Groceries,29.12,0.0,0.0,Mobile Money,0,NONE
TX-104038,2026-07-21 14:55:14,EMP-004,CUST-2754,BRANCH-WEST,Electronics,47.67,0.0,0.0,Credit Card,0,NONE
TX-104039,2026-07-21 14:56:07,EMP-008,CUST-7202,BRANCH-EAST,Hardware,57.49,10.3,0.0,Credit Card,0,NONE
TX-104040,2026-07-21 14:57:10,EMP-005,CUST-1397,BRANCH-CENTRAL,Apparel,50.53,0.0,0.0,Cash,0,NONE
TX-104041,2026-07-21 14:57:30,EMP-004,CUST-5901,BRANCH-WEST,Electronics,96.43,0.0,0.0,Mobile Money,0,NONE
TX-104042,2026-07-21 14:59:44,EMP-002,CUST-1624,BRANCH-CENTRAL,Electronics,28.84,0.0,0.0,Debit Card,0,NONE
TX-104043,2026-07-21 15:04:14,EMP-002,CUST-2756,BRANCH-CENTRAL,Apparel,39.73,4.8,0.0,Debit Card,0,NONE
TX-104044,2026-07-21 15:09:04,EMP-003,CUST-7386,BRANCH-WEST,Apparel,99.9,0.0,0.0,Mobile Money,0,NONE
TX-104045,2026-07-21 15:09:24,EMP-003,CUST-9343,BRANCH-WEST,Groceries,98.47,0.0,0.0,Cash,0,NONE
TX-104046,2026-07-21 15:21:42,EMP-001,CUST-9248,BRANCH-WEST,Hardware,48.02,10.4,0.0,Mobile Money,0,NONE
TX-104047,2026-07-21 15:22:05,EMP-007,CUST-2237,BRANCH-WEST,Apparel,62.03,0.0,0.0,Debit Card,0,NONE
TX-104048,2026-07-21 15:27:27,EMP-008,CUST-2866,BRANCH-EAST,Groceries,69.96,0.0,0.0,Debit Card,0,NONE
TX-104049,2026-07-21 15:30:49,EMP-008,CUST-1016,BRANCH-EAST,Hardware,74.24,0.0,0.0,Cash,0,NONE
TX-104050,2026-07-21 15:42:27,EMP-006,CUST-4219,BRANCH-WEST,Groceries,110.77,0.0,0.0,Cash,0,NONE
TX-104051,2026-07-21 15:45:02,EMP-003,CUST-1096,BRANCH-WEST,Electronics,37.5,0.0,0.0,Mobile Money,0,NONE
TX-104052,2026-07-21 15:55:50,EMP-008,CUST-1560,BRANCH-EAST,Electronics,67.44,0.0,0.0,Credit Card,0,NONE
TX-104053,2026-07-21 16:00:28,EMP-001,CUST-3786,BRANCH-WEST,Services,27.37,0.0,0.0,Debit Card,0,NONE
TX-104054,2026-07-21 16:06:44,EMP-001,CUST-4895,BRANCH-WEST,Groceries,57.41,0.0,0.0,Mobile Money,0,NONE
TX-104055,2026-07-21 16:18:07,EMP-005,CUST-7686,BRANCH-CENTRAL,Hardware,47.81,0.0,0.0,Cash,0,NONE
TX-104056,2026-07-21 16:18:27,EMP-003,CUST-4933,BRANCH-WEST,Hardware,55.84,0.0,0.0,Cash,0,NONE
TX-104057,2026-07-21 16:20:02,EMP-004,CUST-3165,BRANCH-WEST,Hardware,50.35,3.6,0.0,Cash,0,NONE
TX-104058,2026-07-21 16:23:06,EMP-004,CUST-5006,BRANCH-WEST,Apparel,76.84,0.0,0.0,Credit Card,0,NONE
TX-104059,2026-07-21 16:24:20,EMP-003,CUST-3439,BRANCH-WEST,Groceries,192.56,9.4,0.0,Credit Card,0,NONE
TX-104060,2026-07-21 16:33:31,EMP-004,CUST-3847,BRANCH-WEST,Groceries,48.25,0.0,0.0,Cash,0,NONE
TX-104061,2026-07-21 16:42:21,EMP-007,CUST-9568,BRANCH-WEST,Groceries,71.19,0.0,0.0,Mobile Money,0,NONE
TX-104062,2026-07-21 16:44:17,EMP-007,CUST-1148,BRANCH-WEST,Electronics,47.88,0.0,0.0,Cash,0,NONE
TX-104063,2026-07-21 16:44:48,EMP-008,CUST-5022,BRANCH-EAST,Hardware,145.72,0.0,0.0,Credit Card,0,NONE
TX-104064,2026-07-21 16:55:19,EMP-008,CUST-8019,BRANCH-EAST,Hardware,143.92,3.5,0.0,Cash,0,NONE
TX-104065,2026-07-21 16:57:08,EMP-005,CUST-2633,BRANCH-CENTRAL,Groceries,38.19,0.0,0.0,Debit Card,0,NONE
TX-104066,2026-07-21 16:57:28,EMP-002,CUST-8105,BRANCH-CENTRAL,Electronics,43.75,0.0,0.0,Cash,0,NONE
TX-104067,2026-07-21 17:02:09,EMP-006,CUST-2707,BRANCH-WEST,Electronics,28.04,3.1,0.0,Cash,0,NONE
TX-104068,2026-07-21 17:03:46,EMP-002,CUST-5338,BRANCH-CENTRAL,Apparel,71.73,0.0,0.0,Debit Card,0,NONE
TX-104069,2026-07-21 17:08:38,EMP-008,CUST-3322,BRANCH-EAST,Services,109.17,0.0,0.0,Cash,0,NONE
TX-104070,2026-07-21 17:11:20,EMP-003,CUST-8430,BRANCH-WEST,Hardware,63.98,0.0,0.0,Debit Card,0,NONE
TX-104071,2026-07-21 17:13:43,EMP-002,CUST-9208,BRANCH-CENTRAL,Services,64.77,0.0,0.0,Debit Card,0,NONE
TX-104072,2026-07-21 17:14:36,EMP-004,CUST-6806,BRANCH-WEST,Hardware,48.36,11.9,0.0,Debit Card,0,NONE
TX-104073,2026-07-21 17:18:36,EMP-008,CUST-9911,BRANCH-EAST,Electronics,65.42,0.0,0.0,Debit Card,0,NONE
TX-104074,2026-07-21 17:19:44,EMP-004,CUST-8516,BRANCH-WEST,Groceries,82.41,13.2,0.0,Credit Card,0,NONE
TX-104075,2026-07-21 17:21:19,EMP-001,CUST-3717,BRANCH-WEST,Electronics,28.23,10.9,0.0,Credit Card,0,NONE
TX-104076,2026-07-21 17:22:25,EMP-007,CUST-2127,BRANCH-WEST,Apparel,64.72,0.0,0.0,Debit Card,0,NONE
TX-104077,2026-07-21 17:22:58,EMP-003,CUST-9097,BRANCH-WEST,Hardware,49.41,5.6,0.0,Cash,0,NONE
TX-104078,2026-07-21 17:25:23,EMP-002,CUST-8488,BRANCH-CENTRAL,Hardware,107.04,0.0,0.0,Mobile Money,0,NONE
TX-104079,2026-07-21 17:29:23,EMP-002,CUST-7137,BRANCH-CENTRAL,Electronics,45.4,0.0,0.0,Debit Card,0,NONE
TX-104080,2026-07-21 17:36:02,EMP-007,CUST-4394,BRANCH-WEST,Hardware,50.81,0.0,0.0,Credit Card,0,NONE
TX-104081,2026-07-21 17:37:20,EMP-007,CUST-6131,BRANCH-WEST,Hardware,49.64,0.0,0.0,Debit Card,0,NONE
TX-104082,2026-07-21 17:37:57,EMP-001,CUST-4546,BRANCH-WEST,Hardware,25.07,0.0,0.0,Mobile Money,0,NONE
TX-104083,2026-07-21 17:40:54,EMP-001,CUST-1463,BRANCH-WEST,Apparel,23.87,0.0,0.0,Mobile Money,0,NONE
TX-104084,2026-07-21 17:45:15,EMP-007,CUST-4719,BRANCH-WEST,Groceries,100.14,0.0,0.0,Mobile Money,0,NONE
TX-104085,2026-07-21 17:46:53,EMP-003,CUST-2861,BRANCH-WEST,Electronics,45.21,0.0,0.0,Credit Card,0,NONE
TX-104086,2026-07-21 17:48:15,EMP-004,CUST-5590,BRANCH-WEST,Groceries,42.9,6.2,0.0,Mobile Money,0,NONE
TX-104087,2026-07-21 17:48:35,EMP-002,CUST-2342,BRANCH-CENTRAL,Services,44.66,0.0,0.0,Mobile Money,0,NONE
TX-104088,2026-07-21 17:50:44,EMP-005,CUST-8861,BRANCH-CENTRAL,Groceries,46.09,0.0,27.04,Debit Card,0,NONE
TX-104089,2026-07-21 17:51:06,EMP-007,CUST-1875,BRANCH-WEST,Hardware,56.03,0.0,0.0,Credit Card,0,NONE
TX-104090,2026-07-21 17:58:35,EMP-008,CUST-5667,BRANCH-EAST,Services,92.42,0.0,0.0,Cash,0,NONE
TX-104091,2026-07-21 18:05:26,EMP-006,CUST-3641,BRANCH-WEST,Electronics,83.25,4.5,0.0,Debit Card,0,NONE
TX-104092,2026-07-21 18:07:30,EMP-006,CUST-7840,BRANCH-WEST,Apparel,44.25,0.0,0.0,Cash,0,NONE
TX-104093,2026-07-21 18:10:41,EMP-001,CUST-8088,BRANCH-WEST,Groceries,19.84,0.0,0.0,Credit Card,0,NONE
TX-104094,2026-07-21 18:13:46,EMP-007,CUST-4985,BRANCH-WEST,Groceries,68.42,0.0,0.0,Cash,0,NONE
TX-104095,2026-07-21 18:23:04,EMP-003,CUST-8552,BRANCH-WEST,Apparel,67.29,0.0,0.0,Mobile Money,0,NONE
TX-104096,2026-07-21 18:31:24,EMP-007,CUST-2693,BRANCH-WEST,Hardware,45.83,0.0,0.0,Mobile Money,0,NONE
TX-104097,2026-07-21 18:34:07,EMP-008,CUST-9308,BRANCH-EAST,Groceries,54.68,13.1,0.0,Cash,0,NONE
TX-104098,2026-07-21 18:41:36,EMP-007,CUST-9690,BRANCH-WEST,Electronics,109.98,0.0,0.0,Mobile Money,0,NONE
TX-104099,2026-07-21 18:42:11,EMP-001,CUST-9185,BRANCH-WEST,Groceries,40.08,0.0,0.0,Mobile Money,0,NONE
TX-104100,2026-07-21 18:43:20,EMP-003,CUST-2882,BRANCH-WEST,Hardware,46.25,14.8,0.0,Cash,0,NONE
TX-104101,2026-07-21 18:45:03,EMP-004,CUST-2259,BRANCH-WEST,Hardware,65.38,0.0,0.0,Credit Card,0,NONE
TX-104102,2026-07-21 18:46:16,EMP-001,CUST-1743,BRANCH-WEST,Apparel,71.6,0.0,0.0,Mobile Money,0,NONE
TX-104103,2026-07-21 18:48:06,EMP-008,CUST-3676,BRANCH-EAST,Services,43.85,0.0,0.0,Credit Card,0,NONE
TX-104104,2026-07-21 18:51:20,EMP-004,CUST-6599,BRANCH-WEST,Hardware,99.62,0.0,0.0,Mobile Money,0,NONE
TX-104105,2026-07-21 18:56:30,EMP-002,CUST-3509,BRANCH-CENTRAL,Hardware,24.8,0.0,0.0,Mobile Money,0,NONE
TX-104106,2026-07-21 18:57:26,EMP-003,CUST-3383,BRANCH-WEST,Apparel,72.99,0.0,0.0,Cash,0,NONE
TX-104107,2026-07-21 18:59:40,EMP-008,CUST-5461,BRANCH-EAST,Groceries,100.79,0.0,0.0,Mobile Money,0,NONE
TX-104108,2026-07-21 19:00:28,EMP-006,CUST-2093,BRANCH-WEST,Apparel,32.54,0.0,0.0,Mobile Money,0,NONE
TX-104109,2026-07-21 19:07:06,EMP-002,CUST-3985,BRANCH-CENTRAL,Electronics,26.65,0.0,0.0,Debit Card,0,NONE
TX-104110,2026-07-21 19:11:51,EMP-004,CUST-5278,BRANCH-WEST,Apparel,44.58,0.0,0.0,Credit Card,0,NONE
TX-104111,2026-07-21 19:16:53,EMP-006,CUST-4829,BRANCH-WEST,Groceries,85.23,0.0,0.0,Cash,0,NONE
TX-104112,2026-07-21 19:18:50,EMP-004,CUST-1142,BRANCH-WEST,Hardware,66.81,0.0,0.0,Credit Card,0,NONE
TX-104113,2026-07-21 19:33:45,EMP-001,CUST-8022,BRANCH-WEST,Apparel,22.75,0.0,0.0,Debit Card,0,NONE
TX-104114,2026-07-21 19:35:14,EMP-003,CUST-5547,BRANCH-WEST,Groceries,157.64,0.0,0.0,Mobile Money,0,NONE
TX-104115,2026-07-21 19:38:21,EMP-002,CUST-8551,BRANCH-CENTRAL,Hardware,35.97,0.0,0.0,Credit Card,0,NONE
TX-104116,2026-07-21 19:45:46,EMP-002,CUST-7857,BRANCH-CENTRAL,Hardware,51.99,0.0,0.0,Mobile Money,0,NONE
TX-104117,2026-07-21 19:53:31,EMP-004,CUST-8708,BRANCH-WEST,Electronics,77.82,0.0,0.0,Debit Card,0,NONE
TX-104118,2026-07-21 19:53:59,EMP-003,CUST-2982,BRANCH-WEST,Hardware,94.56,0.0,0.0,Cash,0,NONE
TX-104119,2026-07-21 19:54:53,EMP-003,CUST-6007,BRANCH-WEST,Electronics,55.4,0.0,0.0,Credit Card,0,NONE
TX-104120,2026-07-21 19:55:13,EMP-002,CUST-9605,BRANCH-CENTRAL,Electronics,55.8,0.0,0.0,Mobile Money,0,NONE
TX-104121,2026-07-21 19:55:55,EMP-003,CUST-4845,BRANCH-WEST,Hardware,79.37,0.0,0.0,Cash,0,NONE
TX-104122,2026-07-21 20:03:37,EMP-002,CUST-6079,BRANCH-CENTRAL,Apparel,48.32,0.0,0.0,Credit Card,0,NONE
TX-104123,2026-07-21 20:10:42,EMP-003,CUST-1504,BRANCH-WEST,Electronics,156.65,0.0,0.0,Credit Card,0,NONE
TX-104124,2026-07-21 20:12:52,EMP-001,CUST-6040,BRANCH-WEST,Hardware,29.85,0.0,0.0,Cash,0,NONE
TX-104125,2026-07-21 20:15:40,EMP-002,CUST-9433,BRANCH-CENTRAL,Hardware,29.55,0.0,0.0,Debit Card,0,NONE
TX-104126,2026-07-21 20:18:41,EMP-005,CUST-1132,BRANCH-CENTRAL,Services,57.2,0.0,0.0,Credit Card,0,NONE
TX-104127,2026-07-21 20:22:09,EMP-008,CUST-6759,BRANCH-EAST,Electronics,88.07,0.0,0.0,Cash,0,NONE
TX-104128,2026-07-21 20:28:13,EMP-004,CUST-8658,BRANCH-WEST,Groceries,74.9,0.0,0.0,Mobile Money,0,NONE
TX-104129,2026-07-21 20:30:19,EMP-005,CUST-6321,BRANCH-CENTRAL,Groceries,27.52,0.0,0.0,Mobile Money,0,NONE
TX-104130,2026-07-21 20:38:40,EMP-007,CUST-2246,BRANCH-WEST,Groceries,70.06,5.4,0.0,Credit Card,0,NONE
TX-104131,2026-07-21 20:40:33,EMP-003,CUST-3874,BRANCH-WEST,Groceries,29.87,0.0,0.0,Debit Card,0,NONE
TX-104132,2026-07-21 20:43:36,EMP-007,CUST-7252,BRANCH-WEST,Hardware,45.73,0.0,0.0,Debit Card,0,NONE
TX-104133,2026-07-21 20:46:47,EMP-003,CUST-3750,BRANCH-WEST,Services,30.0,0.0,0.0,Debit Card,0,NONE
TX-104134,2026-07-21 20:58:41,EMP-002,CUST-5096,BRANCH-CENTRAL,Groceries,31.05,0.0,0.0,Mobile Money,0,NONE
TX-104135,2026-07-21 20:59:01,EMP-001,CUST-4776,BRANCH-WEST,Apparel,75.23,10.8,0.0,Credit Card,0,NONE
TX-104136,2026-07-21 20:59:21,EMP-001,CUST-7202,BRANCH-WEST,Hardware,26.35,0.0,0.0,Mobile Money,0,NONE
TX-104137,2026-07-21 20:59:41,EMP-005,CUST-7719,BRANCH-CENTRAL,Electronics,11.33,6.6,0.0,Mobile Money,0,NONE
TX-104138,2026-07-22 08:12:16,EMP-004,CUST-8743,BRANCH-WEST,Apparel,65.37,14.5,0.0,Debit Card,0,NONE
TX-104139,2026-07-22 08:13:41,EMP-005,CUST-1610,BRANCH-CENTRAL,Services,20.01,0.0,0.0,Credit Card,0,NONE
TX-104140,2026-07-22 08:14:24,EMP-003,CUST-5657,BRANCH-WEST,Electronics,34.05,0.0,0.0,Mobile Money,0,NONE
TX-104141,2026-07-22 08:17:27,EMP-006,CUST-6628,BRANCH-WEST,Groceries,34.4,0.0,0.0,Cash,0,NONE
TX-104142,2026-07-22 08:18:20,EMP-006,CUST-3672,BRANCH-WEST,Services,24.71,0.0,0.0,Credit Card,0,NONE
TX-104143,2026-07-22 08:22:46,EMP-005,CUST-8857,BRANCH-CENTRAL,Groceries,44.91,8.1,0.0,Debit Card,0,NONE
TX-104144,2026-07-22 08:28:22,EMP-005,CUST-6353,BRANCH-CENTRAL,Electronics,42.71,0.0,0.0,Debit Card,0,NONE
TX-104145,2026-07-22 08:28:42,EMP-007,CUST-6376,BRANCH-WEST,Groceries,33.18,0.0,0.0,Mobile Money,0,NONE
TX-104146,2026-07-22 08:32:20,EMP-001,CUST-1616,BRANCH-WEST,Services,43.19,0.0,0.0,Mobile Money,0,NONE
TX-104147,2026-07-22 08:35:14,EMP-008,CUST-4477,BRANCH-EAST,Apparel,31.14,0.0,0.0,Debit Card,0,NONE
TX-104148,2026-07-22 08:45:33,EMP-007,CUST-9459,BRANCH-WEST,Hardware,139.89,0.0,0.0,Credit Card,0,NONE
TX-104149,2026-07-22 08:47:36,EMP-008,CUST-1268,BRANCH-EAST,Hardware,121.27,0.0,0.0,Cash,0,NONE
TX-104150,2026-07-22 08:59:30,EMP-007,CUST-1843,BRANCH-WEST,Groceries,37.29,0.0,0.0,Cash,0,NONE
TX-104151,2026-07-22 09:06:56,EMP-002,CUST-1431,BRANCH-CENTRAL,Electronics,67.13,0.0,0.0,Debit Card,0,NONE
TX-104152,2026-07-22 09:09:11,EMP-002,CUST-6516,BRANCH-CENTRAL,Hardware,52.61,0.0,0.0,Debit Card,0,NONE
TX-104153,2026-07-22 09:10:01,EMP-006,CUST-1000,BRANCH-WEST,Apparel,51.61,11.7,0.0,Cash,0,NONE
TX-104154,2026-07-22 09:14:50,EMP-002,CUST-7297,BRANCH-CENTRAL,Hardware,27.73,0.0,0.0,Mobile Money,0,NONE
TX-104155,2026-07-22 09:16:14,EMP-004,CUST-5654,BRANCH-WEST,Electronics,32.24,0.0,0.0,Debit Card,0,NONE
TX-104156,2026-07-22 09:21:24,EMP-006,CUST-1305,BRANCH-WEST,Apparel,29.68,0.0,0.0,Credit Card,0,NONE
TX-104157,2026-07-22 09:21:50,EMP-007,CUST-7693,BRANCH-WEST,Services,65.95,0.0,0.0,Credit Card,0,NONE
TX-104158,2026-07-22 09:22:55,EMP-005,CUST-1746,BRANCH-CENTRAL,Electronics,35.92,0.0,0.0,Credit Card,0,NONE
TX-104159,2026-07-22 09:23:15,EMP-003,CUST-8121,BRANCH-WEST,Groceries,22.69,0.0,0.0,Mobile Money,0,NONE
TX-104160,2026-07-22 09:37:21,EMP-006,CUST-8302,BRANCH-WEST,Groceries,27.8,0.0,0.0,Mobile Money,0,NONE
TX-104161,2026-07-22 09:38:53,EMP-006,CUST-1912,BRANCH-WEST,Electronics,73.1,0.0,0.0,Debit Card,0,NONE
TX-104162,2026-07-22 09:41:15,EMP-007,CUST-3825,BRANCH-WEST,Hardware,32.9,0.0,0.0,Cash,0,NONE
TX-104163,2026-07-22 09:42:05,EMP-007,CUST-5085,BRANCH-WEST,Services,60.88,0.0,0.0,Debit Card,0,NONE
TX-104164,2026-07-22 09:49:55,EMP-001,CUST-7313,BRANCH-WEST,Electronics,28.93,0.0,0.0,Cash,0,NONE
TX-104165,2026-07-22 09:58:07,EMP-002,CUST-1356,BRANCH-CENTRAL,Groceries,23.37,0.0,0.0,Debit Card,0,NONE
TX-104166,2026-07-22 10:02:28,EMP-006,CUST-2377,BRANCH-WEST,Services,76.72,0.0,26.08,Credit Card,0,NONE
TX-104167,2026-07-22 10:02:48,EMP-003,CUST-9023,BRANCH-WEST,Hardware,39.21,0.0,0.0,Debit Card,0,NONE
TX-104168,2026-07-22 10:08:07,EMP-001,CUST-4542,BRANCH-WEST,Hardware,72.94,0.0,0.0,Mobile Money,0,NONE
TX-104169,2026-07-22 10:20:29,EMP-007,CUST-4532,BRANCH-WEST,Apparel,50.48,0.0,0.0,Credit Card,0,NONE
TX-104170,2026-07-22 10:30:53,EMP-007,CUST-9334,BRANCH-WEST,Services,52.4,0.0,0.0,Mobile Money,0,NONE
TX-104171,2026-07-22 10:32:40,EMP-004,CUST-2719,BRANCH-WEST,Services,77.56,14.6,0.0,Credit Card,0,NONE
TX-104172,2026-07-22 10:35:10,EMP-008,CUST-7908,BRANCH-EAST,Groceries,92.53,0.0,0.0,Cash,0,NONE
TX-104173,2026-07-22 10:36:05,EMP-008,CUST-4601,BRANCH-EAST,Groceries,78.82,0.0,0.0,Credit Card,0,NONE
TX-104174,2026-07-22 10:46:05,EMP-008,CUST-8562,BRANCH-EAST,Hardware,57.29,8.0,0.0,Mobile Money,0,NONE
TX-104175,2026-07-22 10:46:31,EMP-007,CUST-8282,BRANCH-WEST,Services,68.52,0.0,0.0,Debit Card,0,NONE
TX-104176,2026-07-22 10:46:59,EMP-008,CUST-5341,BRANCH-EAST,Hardware,97.75,0.0,0.0,Credit Card,0,NONE
TX-104177,2026-07-22 10:53:30,EMP-005,CUST-4922,BRANCH-CENTRAL,Apparel,22.44,0.0,0.0,Mobile Money,0,NONE
TX-104178,2026-07-22 11:02:40,EMP-006,CUST-4117,BRANCH-WEST,Hardware,43.39,0.0,0.0,Cash,0,NONE
TX-104179,2026-07-22 11:03:00,EMP-004,CUST-8802,BRANCH-WEST,Hardware,18.62,0.0,0.0,Credit Card,0,NONE
TX-104180,2026-07-22 11:04:42,EMP-001,CUST-5344,BRANCH-WEST,Electronics,49.23,13.4,0.0,Credit Card,0,NONE
TX-104181,2026-07-22 11:07:11,EMP-002,CUST-6048,BRANCH-CENTRAL,Services,27.1,0.0,0.0,Cash,0,NONE
TX-104182,2026-07-22 11:09:55,EMP-002,CUST-6195,BRANCH-CENTRAL,Hardware,56.45,0.0,0.0,Mobile Money,0,NONE
TX-104183,2026-07-22 11:10:53,EMP-001,CUST-1953,BRANCH-WEST,Groceries,37.91,0.0,0.0,Credit Card,0,NONE
TX-104184,2026-07-22 11:13:47,EMP-001,CUST-7701,BRANCH-WEST,Apparel,47.19,0.0,0.0,Mobile Money,0,NONE
TX-104185,2026-07-22 11:24:21,EMP-004,CUST-5759,BRANCH-WEST,Apparel,109.14,0.0,0.0,Credit Card,0,NONE
TX-104186,2026-07-22 11:26:14,EMP-007,CUST-6987,BRANCH-WEST,Electronics,35.0,0.0,0.0,Mobile Money,0,NONE
TX-104187,2026-07-22 11:29:59,EMP-003,CUST-7743,BRANCH-WEST,Hardware,62.43,0.0,0.0,Cash,0,NONE
TX-104188,2026-07-22 11:31:20,EMP-001,CUST-5263,BRANCH-WEST,Hardware,42.4,15.0,0.0,Cash,0,NONE
TX-104189,2026-07-22 11:34:22,EMP-001,CUST-5022,BRANCH-WEST,Apparel,22.79,0.0,0.0,Credit Card,0,NONE
TX-104190,2026-07-22 11:34:42,EMP-007,CUST-2274,BRANCH-WEST,Groceries,78.47,0.0,0.0,Debit Card,0,NONE
TX-104191,2026-07-22 11:35:32,EMP-006,CUST-2316,BRANCH-WEST,Groceries,83.59,0.0,0.0,Credit Card,0,NONE
TX-104192,2026-07-22 11:38:04,EMP-004,CUST-8337,BRANCH-WEST,Apparel,57.75,0.0,0.0,Credit Card,0,NONE
TX-104193,2026-07-22 11:40:04,EMP-008,CUST-8351,BRANCH-EAST,Hardware,150.43,0.0,0.0,Debit Card,0,NONE
TX-104194,2026-07-22 11:41:37,EMP-008,CUST-1000,BRANCH-EAST,Apparel,88.7,0.0,0.0,Debit Card,0,NONE
TX-104195,2026-07-22 11:46:04,EMP-007,CUST-7281,BRANCH-WEST,Services,55.49,0.0,0.0,Cash,0,NONE
TX-104196,2026-07-22 11:46:24,EMP-006,CUST-3181,BRANCH-WEST,Apparel,66.69,0.0,0.0,Credit Card,0,NONE
TX-104197,2026-07-22 11:46:47,EMP-001,CUST-9630,BRANCH-WEST,Services,37.75,11.6,0.0,Mobile Money,0,NONE
TX-104198,2026-07-22 12:04:46,EMP-001,CUST-3956,BRANCH-WEST,Services,36.29,0.0,0.0,Credit Card,0,NONE
TX-104199,2026-07-22 12:12:12,EMP-001,CUST-6169,BRANCH-WEST,Apparel,51.43,0.0,0.0,Debit Card,0,NONE
TX-104200,2026-07-22 12:14:22,EMP-003,CUST-3548,BRANCH-WEST,Groceries,160.88,0.0,0.0,Mobile Money,0,NONE
TX-104201,2026-07-22 12:20:19,EMP-002,CUST-9715,BRANCH-CENTRAL,Hardware,29.39,0.0,0.0,Credit Card,0,NONE
TX-104202,2026-07-22 12:20:39,EMP-008,CUST-4991,BRANCH-EAST,Electronics,38.39,0.0,0.0,Credit Card,0,NONE
TX-104203,2026-07-22 12:22:20,EMP-008,CUST-9197,BRANCH-EAST,Apparel,79.65,8.5,0.0,Mobile Money,0,NONE
TX-104204,2026-07-22 12:24:02,EMP-001,CUST-4079,BRANCH-WEST,Apparel,15.69,0.0,0.0,Cash,0,NONE
TX-104205,2026-07-22 12:24:29,EMP-003,CUST-4701,BRANCH-WEST,Services,54.41,0.0,0.0,Credit Card,0,NONE
TX-104206,2026-07-22 12:25:06,EMP-002,CUST-9802,BRANCH-CENTRAL,Hardware,43.28,0.0,0.0,Debit Card,0,NONE
TX-104207,2026-07-22 12:37:27,EMP-008,CUST-5955,BRANCH-EAST,Groceries,53.38,14.6,0.0,Cash,0,NONE
TX-104208,2026-07-22 12:37:56,EMP-004,CUST-1141,BRANCH-WEST,Electronics,96.98,0.0,0.0,Credit Card,0,NONE
TX-104209,2026-07-22 12:44:56,EMP-007,CUST-6214,BRANCH-WEST,Services,93.61,0.0,0.0,Credit Card,0,NONE
TX-104210,2026-07-22 12:45:23,EMP-003,CUST-2948,BRANCH-WEST,Hardware,153.95,0.0,0.0,Cash,0,NONE
TX-104211,2026-07-22 12:48:55,EMP-005,CUST-2244,BRANCH-CENTRAL,Electronics,45.24,0.0,0.0,Debit Card,0,NONE
TX-104212,2026-07-22 12:56:04,EMP-006,CUST-6914,BRANCH-WEST,Services,47.18,0.0,0.0,Cash,0,NONE
TX-104213,2026-07-22 12:59:07,EMP-007,CUST-8548,BRANCH-WEST,Apparel,41.96,0.0,0.0,Mobile Money,0,NONE
TX-104214,2026-07-22 13:01:01,EMP-002,CUST-4610,BRANCH-CENTRAL,Apparel,73.84,0.0,0.0,Cash,0,NONE
TX-104215,2026-07-22 13:09:52,EMP-001,CUST-1909,BRANCH-WEST,Electronics,19.86,0.0,0.0,Credit Card,0,NONE
TX-104216,2026-07-22 13:12:36,EMP-007,CUST-4097,BRANCH-WEST,Apparel,44.05,10.3,0.0,Credit Card,0,NONE
TX-104217,2026-07-22 13:13:01,EMP-003,CUST-2684,BRANCH-WEST,Services,110.56,0.0,0.0,Mobile Money,0,NONE
TX-104218,2026-07-22 13:13:21,EMP-001,CUST-2664,BRANCH-WEST,Electronics,37.04,6.8,0.0,Mobile Money,0,NONE
TX-104219,2026-07-22 13:14:59,EMP-005,CUST-2485,BRANCH-CENTRAL,Groceries,34.98,0.0,0.0,Mobile Money,0,NONE
TX-104220,2026-07-22 13:20:02,EMP-004,CUST-2373,BRANCH-WEST,Apparel,37.44,0.0,0.0,Mobile Money,0,NONE
TX-104221,2026-07-22 13:23:12,EMP-001,CUST-2028,BRANCH-WEST,Apparel,26.37,5.3,0.0,Credit Card,0,NONE
TX-104222,2026-07-22 13:23:49,EMP-001,CUST-8369,BRANCH-WEST,Hardware,31.32,0.0,0.0,Cash,0,NONE
TX-104223,2026-07-22 13:25:54,EMP-001,CUST-7672,BRANCH-WEST,Apparel,49.16,0.0,0.0,Credit Card,0,NONE
TX-104224,2026-07-22 13:27:39,EMP-006,CUST-8481,BRANCH-WEST,Hardware,43.96,0.0,0.0,Mobile Money,0,NONE
TX-104225,2026-07-22 13:28:11,EMP-005,CUST-6333,BRANCH-CENTRAL,Apparel,85.84,9.7,0.0,Cash,0,NONE
TX-104226,2026-07-22 13:33:33,EMP-003,CUST-7661,BRANCH-WEST,Services,33.06,0.0,0.0,Credit Card,0,NONE
TX-104227,2026-07-22 13:35:25,EMP-003,CUST-1902,BRANCH-WEST,Hardware,48.28,0.0,0.0,Cash,0,NONE
TX-104228,2026-07-22 13:38:10,EMP-001,CUST-7870,BRANCH-WEST,Groceries,22.85,0.0,0.0,Debit Card,0,NONE
TX-104229,2026-07-22 13:40:11,EMP-002,CUST-1282,BRANCH-CENTRAL,Groceries,31.52,0.0,0.0,Mobile Money,0,NONE
TX-104230,2026-07-22 13:40:31,EMP-003,CUST-5096,BRANCH-WEST,Electronics,49.09,0.0,0.0,Mobile Money,0,NONE
TX-104231,2026-07-22 13:40:51,EMP-007,CUST-9248,BRANCH-WEST,Electronics,65.02,4.0,0.0,Credit Card,0,NONE
TX-104232,2026-07-22 13:45:05,EMP-007,CUST-3793,BRANCH-WEST,Hardware,69.18,0.0,0.0,Debit Card,0,NONE
TX-104233,2026-07-22 13:47:48,EMP-003,CUST-1499,BRANCH-WEST,Services,83.22,6.3,0.0,Cash,0,NONE
TX-104234,2026-07-22 13:48:43,EMP-001,CUST-1182,BRANCH-WEST,Apparel,58.89,0.0,0.0,Credit Card,0,NONE
TX-104235,2026-07-22 13:49:50,EMP-008,CUST-3121,BRANCH-EAST,Electronics,108.44,0.0,0.0,Mobile Money,0,NONE
TX-104236,2026-07-22 13:59:10,EMP-003,CUST-3388,BRANCH-WEST,Groceries,78.12,10.7,0.0,Credit Card,0,NONE
TX-104237,2026-07-22 14:10:20,EMP-006,CUST-9082,BRANCH-WEST,Electronics,61.78,0.0,0.0,Debit Card,0,NONE
TX-104238,2026-07-22 14:15:27,EMP-002,CUST-3371,BRANCH-CENTRAL,Services,39.26,0.0,0.0,Mobile Money,0,NONE
TX-104239,2026-07-22 14:15:47,EMP-001,CUST-6426,BRANCH-WEST,Services,21.62,0.0,0.0,Cash,0,NONE
TX-104240,2026-07-22 14:17:45,EMP-003,CUST-9454,BRANCH-WEST,Hardware,47.72,7.6,0.0,Cash,0,NONE
TX-104241,2026-07-22 14:19:21,EMP-003,CUST-3980,BRANCH-WEST,Apparel,123.21,12.4,0.0,Debit Card,0,NONE
TX-104242,2026-07-22 14:22:58,EMP-005,CUST-8391,BRANCH-CENTRAL,Hardware,27.19,0.0,0.0,Credit Card,0,NONE
TX-104243,2026-07-22 14:27:43,EMP-001,CUST-1381,BRANCH-WEST,Apparel,33.5,0.0,0.0,Credit Card,0,NONE
TX-104244,2026-07-22 14:28:09,EMP-007,CUST-7424,BRANCH-WEST,Apparel,29.59,4.1,0.0,Credit Card,0,NONE
TX-104245,2026-07-22 14:29:02,EMP-007,CUST-3204,BRANCH-WEST,Electronics,79.71,0.0,0.0,Debit Card,0,NONE
TX-104246,2026-07-22 14:40:03,EMP-007,CUST-6694,BRANCH-WEST,Hardware,50.77,0.0,0.0,Mobile Money,0,NONE
TX-104247,2026-07-22 14:40:23,EMP-002,CUST-4375,BRANCH-CENTRAL,Hardware,37.69,0.0,0.0,Mobile Money,0,NONE
TX-104248,2026-07-22 14:43:01,EMP-003,CUST-1377,BRANCH-WEST,Groceries,25.92,0.0,0.0,Mobile Money,0,NONE
TX-104249,2026-07-22 14:43:35,EMP-007,CUST-1149,BRANCH-WEST,Apparel,52.06,0.0,0.0,Debit Card,0,NONE
TX-104250,2026-07-22 14:45:28,EMP-002,CUST-1252,BRANCH-CENTRAL,Electronics,71.98,0.0,0.0,Cash,0,NONE
TX-104251,2026-07-22 14:48:29,EMP-005,CUST-9536,BRANCH-CENTRAL,Services,59.88,0.0,0.0,Mobile Money,0,NONE
TX-104252,2026-07-22 14:52:02,EMP-003,CUST-5748,BRANCH-WEST,Apparel,48.38,11.5,0.0,Debit Card,0,NONE
TX-104253,2026-07-22 14:52:44,EMP-001,CUST-6925,BRANCH-WEST,Electronics,26.25,0.0,0.0,Mobile Money,0,NONE
TX-104254,2026-07-22 14:53:52,EMP-006,CUST-2523,BRANCH-WEST,Hardware,45.11,0.0,0.0,Credit Card,0,NONE
TX-104255,2026-07-22 14:57:10,EMP-004,CUST-3065,BRANCH-WEST,Hardware,25.96,0.0,0.0,Credit Card,0,NONE
TX-104256,2026-07-22 15:08:45,EMP-007,CUST-9662,BRANCH-WEST,Hardware,65.8,0.0,0.0,Mobile Money,0,NONE
TX-104257,2026-07-22 15:15:32,EMP-003,CUST-7022,BRANCH-WEST,Services,38.62,0.0,0.0,Mobile Money,0,NONE
TX-104258,2026-07-22 15:18:49,EMP-003,CUST-9790,BRANCH-WEST,Groceries,43.88,0.0,0.0,Mobile Money,0,NONE
TX-104259,2026-07-22 15:19:09,EMP-003,CUST-5021,BRANCH-WEST,Apparel,43.34,8.2,0.0,Credit Card,0,NONE
TX-104260,2026-07-22 15:20:36,EMP-007,CUST-9768,BRANCH-WEST,Apparel,71.34,0.0,0.0,Debit Card,0,NONE
TX-104261,2026-07-22 15:26:42,EMP-007,CUST-9113,BRANCH-WEST,Services,33.48,14.4,0.0,Mobile Money,0,NONE
TX-104262,2026-07-22 15:29:07,EMP-008,CUST-5404,BRANCH-EAST,Apparel,45.47,0.0,0.0,Debit Card,0,NONE
TX-104263,2026-07-22 15:29:48,EMP-006,CUST-3401,BRANCH-WEST,Groceries,86.07,10.6,0.0,Debit Card,0,NONE
TX-104264,2026-07-22 15:31:49,EMP-006,CUST-6646,BRANCH-WEST,Apparel,56.36,0.0,0.0,Debit Card,0,NONE
TX-104265,2026-07-22 15:32:09,EMP-005,CUST-9805,BRANCH-CENTRAL,Hardware,46.51,0.0,0.0,Cash,0,NONE
TX-104266,2026-07-22 15:34:58,EMP-005,CUST-9627,BRANCH-CENTRAL,Hardware,46.36,0.0,0.0,Mobile Money,0,NONE
TX-104267,2026-07-22 15:35:18,EMP-007,CUST-8270,BRANCH-WEST,Apparel,20.42,0.0,0.0,Cash,0,NONE
TX-104268,2026-07-22 15:36:48,EMP-008,CUST-7953,BRANCH-EAST,Apparel,74.35,0.0,0.0,Debit Card,0,NONE
TX-104269,2026-07-22 15:39:11,EMP-006,CUST-6214,BRANCH-WEST,Groceries,77.01,0.0,0.0,Debit Card,0,NONE
TX-104270,2026-07-22 15:40:31,EMP-005,CUST-2828,BRANCH-CENTRAL,Services,29.89,0.0,0.0,Debit Card,0,NONE
TX-104271,2026-07-22 15:47:44,EMP-004,CUST-1130,BRANCH-WEST,Groceries,26.28,0.0,0.0,Mobile Money,0,NONE
TX-104272,2026-07-22 16:01:24,EMP-001,CUST-2806,BRANCH-WEST,Hardware,15.66,0.0,0.0,Cash,0,NONE
TX-104273,2026-07-22 16:08:53,EMP-006,CUST-8788,BRANCH-WEST,Electronics,25.25,6.4,0.0,Credit Card,0,NONE
TX-104274,2026-07-22 16:11:06,EMP-004,CUST-6002,BRANCH-WEST,Services,26.14,7.6,0.0,Credit Card,0,NONE
TX-104275,2026-07-22 16:16:32,EMP-007,CUST-1807,BRANCH-WEST,Groceries,59.12,0.0,0.0,Cash,0,NONE
TX-104276,2026-07-22 16:19:34,EMP-005,CUST-1132,BRANCH-CENTRAL,Electronics,57.29,6.6,48.85,Credit Card,0,NONE
TX-104277,2026-07-22 16:20:32,EMP-004,CUST-8186,BRANCH-WEST,Electronics,68.84,0.0,0.0,Debit Card,0,NONE
TX-104278,2026-07-22 16:25:33,EMP-007,CUST-8962,BRANCH-WEST,Groceries,40.01,0.0,0.0,Credit Card,0,NONE
TX-104279,2026-07-22 16:26:18,EMP-007,CUST-1258,BRANCH-WEST,Apparel,85.59,4.9,0.0,Debit Card,0,NONE
TX-104280,2026-07-22 16:26:38,EMP-008,CUST-5379,BRANCH-EAST,Hardware,26.77,0.0,0.0,Mobile Money,0,NONE
TX-104281,2026-07-22 16:29:52,EMP-001,CUST-6451,BRANCH-WEST,Electronics,29.02,0.0,0.0,Credit Card,0,NONE
TX-104282,2026-07-22 16:30:41,EMP-002,CUST-2754,BRANCH-CENTRAL,Services,36.34,0.0,0.0,Credit Card,0,NONE
TX-104283,2026-07-22 16:31:42,EMP-007,CUST-8281,BRANCH-WEST,Electronics,68.63,0.0,0.0,Cash,0,NONE
TX-104284,2026-07-22 16:34:19,EMP-003,CUST-2400,BRANCH-WEST,Apparel,32.91,0.0,0.0,Mobile Money,0,NONE
TX-104285,2026-07-22 16:35:35,EMP-004,CUST-1321,BRANCH-WEST,Hardware,51.74,0.0,0.0,Mobile Money,0,NONE
TX-104286,2026-07-22 16:36:19,EMP-002,CUST-3600,BRANCH-CENTRAL,Hardware,67.01,6.1,0.0,Credit Card,0,NONE
TX-104287,2026-07-22 16:38:47,EMP-007,CUST-8826,BRANCH-WEST,Services,72.86,0.0,0.0,Cash,0,NONE
TX-104288,2026-07-22 16:43:47,EMP-008,CUST-1366,BRANCH-EAST,Hardware,50.49,0.0,0.0,Cash,0,NONE
TX-104289,2026-07-22 16:57:19,EMP-002,CUST-8472,BRANCH-CENTRAL,Hardware,53.02,0.0,0.0,Credit Card,0,NONE
TX-104290,2026-07-22 17:04:11,EMP-005,CUST-2572,BRANCH-CENTRAL,Apparel,34.42,0.0,0.0,Mobile Money,0,NONE
TX-104291,2026-07-22 17:04:43,EMP-002,CUST-8036,BRANCH-CENTRAL,Apparel,34.64,0.0,0.0,Mobile Money,0,NONE
TX-104292,2026-07-22 17:05:18,EMP-006,CUST-8796,BRANCH-WEST,Apparel,39.22,0.0,0.0,Debit Card,0,NONE
TX-104293,2026-07-22 17:11:24,EMP-006,CUST-1601,BRANCH-WEST,Hardware,90.36,6.9,0.0,Credit Card,0,NONE
TX-104294,2026-07-22 17:16:53,EMP-004,CUST-6012,BRANCH-WEST,Electronics,106.95,0.0,0.0,Debit Card,0,NONE
TX-104295,2026-07-22 17:17:13,EMP-008,CUST-2668,BRANCH-EAST,Apparel,101.13,0.0,0.0,Mobile Money,0,NONE
TX-104296,2026-07-22 17:18:42,EMP-003,CUST-1043,BRANCH-WEST,Services,38.84,0.0,0.0,Cash,0,NONE
TX-104297,2026-07-22 17:23:21,EMP-008,CUST-7634,BRANCH-EAST,Electronics,100.45,0.0,0.0,Mobile Money,0,NONE
TX-104298,2026-07-22 17:29:38,EMP-006,CUST-8599,BRANCH-WEST,Hardware,39.34,3.6,0.0,Cash,0,NONE
TX-104299,2026-07-22 17:30:05,EMP-006,CUST-5133,BRANCH-WEST,Hardware,54.92,0.0,0.0,Credit Card,0,NONE
TX-104300,2026-07-22 17:32:47,EMP-005,CUST-4938,BRANCH-CENTRAL,Groceries,31.91,0.0,0.0,Debit Card,0,NONE
TX-104301,2026-07-22 17:34:02,EMP-003,CUST-3833,BRANCH-WEST,Apparel,88.7,0.0,0.0,Credit Card,0,NONE
TX-104302,2026-07-22 17:35:08,EMP-007,CUST-5170,BRANCH-WEST,Groceries,72.68,6.2,0.0,Debit Card,0,NONE
TX-104303,2026-07-22 17:35:46,EMP-005,CUST-2560,BRANCH-CENTRAL,Hardware,47.06,0.0,0.0,Credit Card,0,NONE
TX-104304,2026-07-22 17:49:54,EMP-008,CUST-4506,BRANCH-EAST,Services,87.36,0.0,0.0,Mobile Money,0,NONE
TX-104305,2026-07-22 17:55:37,EMP-006,CUST-7109,BRANCH-WEST,Apparel,24.71,0.0,0.0,Credit Card,0,NONE
TX-104306,2026-07-22 18:12:41,EMP-008,CUST-5938,BRANCH-EAST,Hardware,86.28,0.0,0.0,Debit Card,0,NONE
TX-104307,2026-07-22 18:14:20,EMP-007,CUST-1725,BRANCH-WEST,Electronics,38.47,0.0,0.0,Credit Card,0,NONE
TX-104308,2026-07-22 18:15:06,EMP-002,CUST-4168,BRANCH-CENTRAL,Hardware,81.08,5.6,0.0,Credit Card,0,NONE
TX-104309,2026-07-22 18:17:36,EMP-008,CUST-1030,BRANCH-EAST,Apparel,57.19,4.2,0.0,Debit Card,0,NONE
TX-104310,2026-07-22 18:20:41,EMP-002,CUST-5169,BRANCH-CENTRAL,Hardware,21.91,0.0,0.0,Mobile Money,0,NONE
TX-104311,2026-07-22 18:22:40,EMP-005,CUST-3039,BRANCH-CENTRAL,Services,80.4,0.0,0.0,Credit Card,0,NONE
TX-104312,2026-07-22 18:27:25,EMP-001,CUST-9490,BRANCH-WEST,Electronics,40.7,0.0,0.0,Debit Card,0,NONE
TX-104313,2026-07-22 18:33:16,EMP-001,CUST-3009,BRANCH-WEST,Hardware,54.36,10.3,0.0,Cash,0,NONE
TX-104314,2026-07-22 18:33:38,EMP-002,CUST-8538,BRANCH-CENTRAL,Apparel,44.15,0.0,0.0,Cash,0,NONE
TX-104315,2026-07-22 18:33:58,EMP-002,CUST-8181,BRANCH-CENTRAL,Groceries,22.55,0.0,0.0,Credit Card,0,NONE
TX-104316,2026-07-22 18:35:07,EMP-001,CUST-9009,BRANCH-WEST,Services,33.79,0.0,0.0,Credit Card,0,NONE
TX-104317,2026-07-22 18:36:20,EMP-006,CUST-2603,BRANCH-WEST,Hardware,43.19,0.0,0.0,Credit Card,0,NONE
TX-104318,2026-07-22 18:39:13,EMP-004,CUST-7950,BRANCH-WEST,Hardware,72.82,0.0,0.0,Mobile Money,0,NONE
TX-104319,2026-07-22 18:43:21,EMP-007,CUST-8975,BRANCH-WEST,Electronics,54.89,0.0,0.0,Credit Card,0,NONE
TX-104320,2026-07-22 18:45:29,EMP-007,CUST-1745,BRANCH-WEST,Hardware,44.3,4.5,0.0,Mobile Money,0,NONE
TX-104321,2026-07-22 18:49:59,EMP-005,CUST-2398,BRANCH-CENTRAL,Electronics,39.03,7.1,0.0,Mobile Money,0,NONE
TX-104322,2026-07-22 18:53:15,EMP-001,CUST-2219,BRANCH-WEST,Apparel,53.6,10.2,0.0,Credit Card,0,NONE
TX-104323,2026-07-22 18:57:10,EMP-003,CUST-9069,BRANCH-WEST,Apparel,93.73,0.0,0.0,Debit Card,0,NONE
TX-104324,2026-07-22 19:14:21,EMP-004,CUST-6138,BRANCH-WEST,Hardware,33.05,0.0,0.0,Debit Card,0,NONE
TX-104325,2026-07-22 19:21:23,EMP-008,CUST-2024,BRANCH-EAST,Apparel,70.07,0.0,50.78,Cash,0,NONE
TX-104326,2026-07-22 19:22:32,EMP-001,CUST-8475,BRANCH-WEST,Electronics,56.47,0.0,0.0,Debit Card,0,NONE
TX-104327,2026-07-22 19:25:00,EMP-006,CUST-3512,BRANCH-WEST,Hardware,89.57,0.0,0.0,Credit Card,0,NONE
TX-104328,2026-07-22 19:26:48,EMP-003,CUST-7800,BRANCH-WEST,Electronics,116.02,0.0,0.0,Credit Card,0,NONE
TX-104329,2026-07-22 19:32:21,EMP-002,CUST-3318,BRANCH-CENTRAL,Services,23.38,0.0,0.0,Debit Card,0,NONE
TX-104330,2026-07-22 19:36:53,EMP-002,CUST-2449,BRANCH-CENTRAL,Electronics,43.37,0.0,0.0,Mobile Money,0,NONE
TX-104331,2026-07-22 19:43:09,EMP-002,CUST-5322,BRANCH-CENTRAL,Electronics,23.17,0.0,0.0,Debit Card,0,NONE
TX-104332,2026-07-22 19:45:43,EMP-002,CUST-2772,BRANCH-CENTRAL,Services,87.81,0.0,0.0,Mobile Money,0,NONE
TX-104333,2026-07-22 19:50:02,EMP-006,CUST-6015,BRANCH-WEST,Hardware,47.17,0.0,0.0,Debit Card,0,NONE
TX-104334,2026-07-22 19:52:08,EMP-005,CUST-5470,BRANCH-CENTRAL,Hardware,64.11,0.0,0.0,Mobile Money,0,NONE
TX-104335,2026-07-22 19:58:47,EMP-006,CUST-6194,BRANCH-WEST,Apparel,28.5,0.0,0.0,Cash,0,NONE
TX-104336,2026-07-22 20:06:37,EMP-006,CUST-2398,BRANCH-WEST,Electronics,32.25,0.0,0.0,Cash,0,NONE
TX-104337,2026-07-22 20:08:42,EMP-006,CUST-3365,BRANCH-WEST,Groceries,50.24,12.9,0.0,Cash,0,NONE
TX-104338,2026-07-22 20:16:14,EMP-004,CUST-8283,BRANCH-WEST,Hardware,89.35,0.0,0.0,Credit Card,0,NONE
TX-104339,2026-07-22 20:19:02,EMP-008,CUST-2315,BRANCH-EAST,Apparel,30.58,0.0,0.0,Cash,0,NONE
TX-104340,2026-07-22 20:23:11,EMP-002,CUST-5276,BRANCH-CENTRAL,Services,71.19,5.9,0.0,Cash,0,NONE
TX-104341,2026-07-22 20:25:48,EMP-002,CUST-2823,BRANCH-CENTRAL,Electronics,48.47,0.0,0.0,Debit Card,0,NONE
TX-104342,2026-07-22 20:26:08,EMP-001,CUST-4204,BRANCH-WEST,Groceries,16.71,0.0,0.0,Debit Card,0,NONE
TX-104343,2026-07-22 20:26:48,EMP-005,CUST-8679,BRANCH-CENTRAL,Hardware,60.39,9.9,0.0,Debit Card,0,NONE
TX-104344,2026-07-22 20:34:21,EMP-007,CUST-2776,BRANCH-WEST,Services,72.66,8.6,0.0,Credit Card,0,NONE
TX-104345,2026-07-22 20:40:54,EMP-001,CUST-8916,BRANCH-WEST,Hardware,40.13,0.0,0.0,Cash,0,NONE
TX-104346,2026-07-22 20:45:37,EMP-007,CUST-4039,BRANCH-WEST,Groceries,40.44,0.0,0.0,Debit Card,0,NONE
TX-104347,2026-07-22 20:48:31,EMP-001,CUST-5911,BRANCH-WEST,Groceries,27.09,0.0,0.0,Mobile Money,0,NONE
TX-104348,2026-07-22 20:49:44,EMP-001,CUST-4705,BRANCH-WEST,Electronics,48.35,0.0,0.0,Credit Card,0,NONE
TX-104349,2026-07-22 20:50:06,EMP-007,CUST-5205,BRANCH-WEST,Services,28.54,0.0,0.0,Cash,0,NONE
TX-104350,2026-07-22 20:50:26,EMP-007,CUST-1606,BRANCH-WEST,Apparel,98.12,0.0,0.0,Mobile Money,0,NONE
TX-104351,2026-07-22 20:53:40,EMP-001,CUST-7339,BRANCH-WEST,Apparel,27.25,0.0,0.0,Debit Card,0,NONE
TX-104352,2026-07-22 20:55:51,EMP-001,CUST-4759,BRANCH-WEST,Apparel,16.24,12.8,0.0,Debit Card,0,NONE
TX-104353,2026-07-23 08:26:03,EMP-002,CUST-2132,BRANCH-CENTRAL,Apparel,67.79,0.0,0.0,Debit Card,0,NONE
TX-104354,2026-07-23 08:26:23,EMP-003,CUST-7410,BRANCH-WEST,Hardware,89.4,0.0,0.0,Mobile Money,0,NONE
TX-104355,2026-07-23 08:32:53,EMP-002,CUST-6441,BRANCH-CENTRAL,Electronics,50.72,6.0,0.0,Mobile Money,0,NONE
TX-104356,2026-07-23 08:33:41,EMP-006,CUST-3815,BRANCH-WEST,Hardware,68.85,0.0,0.0,Cash,0,NONE
TX-104357,2026-07-23 08:34:02,EMP-007,CUST-1410,BRANCH-WEST,Services,33.23,0.0,0.0,Credit Card,0,NONE
TX-104358,2026-07-23 08:40:42,EMP-001,CUST-3319,BRANCH-WEST,Services,61.22,12.3,0.0,Mobile Money,0,NONE
TX-104359,2026-07-23 08:41:07,EMP-005,CUST-4147,BRANCH-CENTRAL,Services,67.36,0.0,27.58,Mobile Money,0,NONE
TX-104360,2026-07-23 08:46:10,EMP-006,CUST-2383,BRANCH-WEST,Hardware,65.44,0.0,0.0,Debit Card,0,NONE
TX-104361,2026-07-23 08:46:30,EMP-004,CUST-6655,BRANCH-WEST,Groceries,65.21,5.0,0.0,Cash,0,NONE
TX-104362,2026-07-23 08:46:50,EMP-002,CUST-3466,BRANCH-CENTRAL,Services,27.81,4.0,0.0,Debit Card,0,NONE
TX-104363,2026-07-23 08:50:06,EMP-001,CUST-4613,BRANCH-WEST,Apparel,33.44,0.0,0.0,Debit Card,0,NONE
TX-104364,2026-07-23 09:00:04,EMP-002,CUST-9073,BRANCH-CENTRAL,Hardware,71.61,8.8,0.0,Cash,0,NONE
TX-104365,2026-07-23 09:00:24,EMP-006,CUST-7730,BRANCH-WEST,Services,36.83,0.0,0.0,Credit Card,0,NONE
TX-104366,2026-07-23 09:01:08,EMP-002,CUST-3122,BRANCH-CENTRAL,Apparel,28.01,0.0,0.0,Cash,0,NONE
TX-104367,2026-07-23 09:12:17,EMP-006,CUST-2527,BRANCH-WEST,Hardware,115.27,0.0,0.0,Credit Card,0,NONE
TX-104368,2026-07-23 09:12:48,EMP-004,CUST-4916,BRANCH-WEST,Hardware,24.35,0.0,0.0,Debit Card,0,NONE
TX-104369,2026-07-23 09:20:57,EMP-007,CUST-8495,BRANCH-WEST,Hardware,41.35,0.0,0.0,Cash,0,NONE
TX-104370,2026-07-23 09:24:39,EMP-001,CUST-7353,BRANCH-WEST,Apparel,52.77,6.9,0.0,Debit Card,0,NONE
TX-104371,2026-07-23 09:25:02,EMP-004,CUST-2311,BRANCH-WEST,Hardware,146.78,0.0,0.0,Mobile Money,0,NONE
TX-104372,2026-07-23 09:27:23,EMP-003,CUST-5328,BRANCH-WEST,Services,58.54,0.0,0.0,Debit Card,0,NONE
TX-104373,2026-07-23 09:27:43,EMP-006,CUST-9189,BRANCH-WEST,Apparel,37.19,0.0,0.0,Cash,0,NONE
TX-104374,2026-07-23 09:29:09,EMP-005,CUST-9893,BRANCH-CENTRAL,Apparel,42.97,0.0,0.0,Credit Card,0,NONE
TX-104375,2026-07-23 09:33:40,EMP-008,CUST-4558,BRANCH-EAST,Groceries,43.3,0.0,0.0,Debit Card,0,NONE
TX-104376,2026-07-23 09:41:58,EMP-001,CUST-6585,BRANCH-WEST,Apparel,22.34,3.6,0.0,Credit Card,0,NONE
TX-104377,2026-07-23 09:43:08,EMP-005,CUST-8820,BRANCH-CENTRAL,Hardware,68.49,0.0,0.0,Cash,0,NONE
TX-104378,2026-07-23 09:44:44,EMP-008,CUST-8744,BRANCH-EAST,Hardware,70.08,0.0,0.0,Credit Card,0,NONE
TX-104379,2026-07-23 09:47:03,EMP-006,CUST-7853,BRANCH-WEST,Apparel,19.47,0.0,0.0,Debit Card,0,NONE
TX-104380,2026-07-23 09:49:55,EMP-003,CUST-3726,BRANCH-WEST,Hardware,40.67,0.0,0.0,Credit Card,0,NONE
TX-104381,2026-07-23 09:51:04,EMP-005,CUST-1405,BRANCH-CENTRAL,Electronics,90.01,0.0,0.0,Credit Card,0,NONE
TX-104382,2026-07-23 09:51:47,EMP-007,CUST-9657,BRANCH-WEST,Apparel,91.85,0.0,37.54,Mobile Money,0,NONE
TX-104383,2026-07-23 09:57:26,EMP-007,CUST-2108,BRANCH-WEST,Electronics,36.24,0.0,0.0,Debit Card,0,NONE
TX-104384,2026-07-23 10:01:49,EMP-001,CUST-8255,BRANCH-WEST,Hardware,48.93,0.0,0.0,Credit Card,0,NONE
TX-104385,2026-07-23 10:05:11,EMP-008,CUST-1669,BRANCH-EAST,Electronics,35.17,0.0,0.0,Debit Card,0,NONE
TX-104386,2026-07-23 10:07:49,EMP-003,CUST-7164,BRANCH-WEST,Electronics,51.83,0.0,0.0,Debit Card,0,NONE
TX-104387,2026-07-23 10:11:09,EMP-002,CUST-2399,BRANCH-CENTRAL,Groceries,168.41,0.0,0.0,Credit Card,0,NONE
TX-104388,2026-07-23 10:16:10,EMP-002,CUST-3130,BRANCH-CENTRAL,Services,50.22,0.0,0.0,Cash,0,NONE
TX-104389,2026-07-23 10:16:45,EMP-007,CUST-9841,BRANCH-WEST,Electronics,42.01,0.0,0.0,Mobile Money,0,NONE
TX-104390,2026-07-23 10:17:05,EMP-004,CUST-1850,BRANCH-WEST,Electronics,49.84,10.1,0.0,Credit Card,0,NONE
TX-104391,2026-07-23 10:17:54,EMP-007,CUST-1369,BRANCH-WEST,Hardware,37.98,0.0,0.0,Debit Card,0,NONE
TX-104392,2026-07-23 10:20:33,EMP-005,CUST-4712,BRANCH-CENTRAL,Groceries,23.43,0.0,0.0,Mobile Money,0,NONE
TX-104393,2026-07-23 10:24:14,EMP-004,CUST-6587,BRANCH-WEST,Hardware,93.16,0.0,0.0,Mobile Money,0,NONE
TX-104394,2026-07-23 10:25:43,EMP-005,CUST-2480,BRANCH-CENTRAL,Electronics,18.89,0.0,0.0,Cash,0,NONE
TX-104395,2026-07-23 10:27:06,EMP-001,CUST-7267,BRANCH-WEST,Apparel,52.38,0.0,0.0,Credit Card,0,NONE
TX-104396,2026-07-23 10:27:26,EMP-005,CUST-9711,BRANCH-CENTRAL,Hardware,40.36,0.0,0.0,Cash,0,NONE
TX-104397,2026-07-23 10:29:00,EMP-002,CUST-9524,BRANCH-CENTRAL,Groceries,79.61,0.0,0.0,Credit Card,0,NONE
TX-104398,2026-07-23 10:31:32,EMP-003,CUST-9673,BRANCH-WEST,Groceries,59.38,0.0,0.0,Debit Card,0,NONE
TX-104399,2026-07-23 10:39:19,EMP-005,CUST-3162,BRANCH-CENTRAL,Apparel,47.61,0.0,0.0,Debit Card,0,NONE
TX-104400,2026-07-23 10:48:25,EMP-008,CUST-9918,BRANCH-EAST,Hardware,63.49,5.2,0.0,Mobile Money,0,NONE
TX-104401,2026-07-23 10:49:23,EMP-003,CUST-3004,BRANCH-WEST,Electronics,83.72,0.0,0.0,Cash,0,NONE
TX-104402,2026-07-23 10:51:15,EMP-002,CUST-6341,BRANCH-CENTRAL,Services,28.01,0.0,0.0,Mobile Money,0,NONE
TX-104403,2026-07-23 10:54:59,EMP-003,CUST-9846,BRANCH-WEST,Hardware,51.24,0.0,0.0,Mobile Money,0,NONE
TX-104404,2026-07-23 10:57:34,EMP-008,CUST-4325,BRANCH-EAST,Groceries,118.52,0.0,0.0,Credit Card,0,NONE
TX-104405,2026-07-23 11:03:15,EMP-006,CUST-7696,BRANCH-WEST,Electronics,58.51,0.0,0.0,Debit Card,0,NONE
TX-104406,2026-07-23 11:11:56,EMP-005,CUST-5922,BRANCH-CENTRAL,Groceries,50.82,0.0,0.0,Mobile Money,0,NONE
TX-104407,2026-07-23 11:13:33,EMP-001,CUST-8716,BRANCH-WEST,Groceries,42.46,3.9,0.0,Debit Card,0,NONE
TX-104408,2026-07-23 11:16:20,EMP-005,CUST-6545,BRANCH-CENTRAL,Groceries,37.53,3.3,0.0,Cash,0,NONE
TX-104409,2026-07-23 11:17:32,EMP-002,CUST-9013,BRANCH-CENTRAL,Apparel,39.43,0.0,0.0,Cash,0,NONE
TX-104410,2026-07-23 11:18:18,EMP-007,CUST-5512,BRANCH-WEST,Services,59.29,0.0,0.0,Cash,0,NONE
TX-104411,2026-07-23 11:22:45,EMP-001,CUST-5408,BRANCH-WEST,Hardware,55.73,0.0,0.0,Credit Card,0,NONE
TX-104412,2026-07-23 11:23:05,EMP-001,CUST-2600,BRANCH-WEST,Apparel,45.14,11.2,0.0,Credit Card,0,NONE
TX-104413,2026-07-23 11:24:46,EMP-005,CUST-3798,BRANCH-CENTRAL,Groceries,61.88,11.7,0.0,Credit Card,0,NONE
TX-104414,2026-07-23 11:33:43,EMP-005,CUST-9894,BRANCH-CENTRAL,Electronics,56.12,9.9,0.0,Debit Card,0,NONE
TX-104415,2026-07-23 11:34:08,EMP-003,CUST-4897,BRANCH-WEST,Services,29.45,9.4,0.0,Debit Card,0,NONE
TX-104416,2026-07-23 11:44:20,EMP-001,CUST-2440,BRANCH-WEST,Apparel,33.19,0.0,0.0,Mobile Money,0,NONE
TX-104417,2026-07-23 11:47:36,EMP-004,CUST-3204,BRANCH-WEST,Hardware,41.39,0.0,0.0,Credit Card,0,NONE
TX-104418,2026-07-23 11:53:22,EMP-002,CUST-8541,BRANCH-CENTRAL,Groceries,24.1,3.5,0.0,Debit Card,0,NONE
TX-104419,2026-07-23 11:53:42,EMP-008,CUST-8919,BRANCH-EAST,Electronics,88.05,4.5,0.0,Mobile Money,0,NONE
TX-104420,2026-07-23 11:59:21,EMP-001,CUST-2952,BRANCH-WEST,Services,59.41,11.7,0.0,Mobile Money,0,NONE
TX-104421,2026-07-23 12:01:27,EMP-004,CUST-3447,BRANCH-WEST,Services,49.83,0.0,17.04,Mobile Money,0,NONE
TX-104422,2026-07-23 12:04:25,EMP-008,CUST-6578,BRANCH-EAST,Services,20.0,13.9,0.0,Credit Card,0,NONE
TX-104423,2026-07-23 12:10:23,EMP-006,CUST-3046,BRANCH-WEST,Groceries,25.27,0.0,0.0,Debit Card,0,NONE
TX-104424,2026-07-23 12:13:22,EMP-002,CUST-5627,BRANCH-CENTRAL,Services,26.46,3.2,0.0,Credit Card,0,NONE
TX-104425,2026-07-23 12:13:42,EMP-008,CUST-5959,BRANCH-EAST,Groceries,45.89,0.0,0.0,Mobile Money,0,NONE
TX-104426,2026-07-23 12:17:12,EMP-005,CUST-8663,BRANCH-CENTRAL,Electronics,34.6,0.0,0.0,Mobile Money,0,NONE
TX-104427,2026-07-23 12:21:26,EMP-006,CUST-2306,BRANCH-WEST,Services,35.53,0.0,0.0,Cash,0,NONE
TX-104428,2026-07-23 12:26:00,EMP-003,CUST-5921,BRANCH-WEST,Services,65.31,0.0,0.0,Debit Card,0,NONE
TX-104429,2026-07-23 12:34:58,EMP-008,CUST-4860,BRANCH-EAST,Hardware,141.86,0.0,0.0,Mobile Money,0,NONE
TX-104430,2026-07-23 12:45:59,EMP-005,CUST-5867,BRANCH-CENTRAL,Electronics,55.71,0.0,0.0,Credit Card,0,NONE
TX-104431,2026-07-23 12:47:25,EMP-005,CUST-8576,BRANCH-CENTRAL,Services,74.47,0.0,0.0,Debit Card,0,NONE
TX-104432,2026-07-23 13:03:42,EMP-006,CUST-8807,BRANCH-WEST,Groceries,29.16,0.0,0.0,Credit Card,0,NONE
TX-104433,2026-07-23 13:06:02,EMP-004,CUST-9495,BRANCH-WEST,Groceries,38.66,0.0,0.0,Cash,0,NONE
TX-104434,2026-07-23 13:06:22,EMP-004,CUST-5427,BRANCH-WEST,Services,53.29,0.0,0.0,Mobile Money,0,NONE
TX-104435,2026-07-23 13:09:37,EMP-005,CUST-8715,BRANCH-CENTRAL,Services,51.27,0.0,0.0,Cash,0,NONE
TX-104436,2026-07-23 13:13:52,EMP-001,CUST-5703,BRANCH-WEST,Groceries,31.3,0.0,0.0,Credit Card,0,NONE
TX-104437,2026-07-23 13:17:39,EMP-008,CUST-4736,BRANCH-EAST,Hardware,67.28,0.0,0.0,Mobile Money,0,NONE
TX-104438,2026-07-23 13:22:41,EMP-007,CUST-7257,BRANCH-WEST,Electronics,101.32,6.1,0.0,Cash,0,NONE
TX-104439,2026-07-23 13:23:42,EMP-004,CUST-7759,BRANCH-WEST,Services,41.75,10.1,0.0,Credit Card,0,NONE
TX-104440,2026-07-23 13:24:42,EMP-001,CUST-2642,BRANCH-WEST,Apparel,32.92,5.9,0.0,Cash,0,NONE
TX-104441,2026-07-23 13:32:12,EMP-008,CUST-4020,BRANCH-EAST,Electronics,41.76,0.0,0.0,Credit Card,0,NONE
TX-104442,2026-07-23 13:39:14,EMP-008,CUST-6378,BRANCH-EAST,Hardware,123.07,0.0,0.0,Cash,0,NONE
TX-104443,2026-07-23 13:44:20,EMP-002,CUST-9547,BRANCH-CENTRAL,Apparel,19.89,10.3,0.0,Credit Card,0,NONE
TX-104444,2026-07-23 13:45:26,EMP-005,CUST-8346,BRANCH-CENTRAL,Apparel,48.12,9.9,0.0,Credit Card,0,NONE
TX-104445,2026-07-23 13:47:04,EMP-007,CUST-7806,BRANCH-WEST,Hardware,52.84,0.0,0.0,Cash,0,NONE
TX-104446,2026-07-23 13:51:55,EMP-006,CUST-5082,BRANCH-WEST,Services,30.94,5.0,0.0,Mobile Money,0,NONE
TX-104447,2026-07-23 13:54:47,EMP-005,CUST-8618,BRANCH-CENTRAL,Electronics,30.27,0.0,23.19,Mobile Money,0,NONE
TX-104448,2026-07-23 13:56:19,EMP-001,CUST-1621,BRANCH-WEST,Groceries,31.18,0.0,0.0,Debit Card,0,NONE
TX-104449,2026-07-23 13:56:39,EMP-002,CUST-6107,BRANCH-CENTRAL,Apparel,31.59,9.0,0.0,Credit Card,0,NONE
TX-104450,2026-07-23 14:01:31,EMP-006,CUST-5256,BRANCH-WEST,Groceries,28.48,0.0,0.0,Mobile Money,0,NONE
TX-104451,2026-07-23 14:02:16,EMP-002,CUST-7562,BRANCH-CENTRAL,Services,43.58,0.0,0.0,Cash,0,NONE
TX-104452,2026-07-23 14:02:41,EMP-007,CUST-8256,BRANCH-WEST,Apparel,36.15,0.0,0.0,Mobile Money,0,NONE
TX-104453,2026-07-23 14:08:17,EMP-004,CUST-6009,BRANCH-WEST,Electronics,57.32,0.0,0.0,Cash,0,NONE
TX-104454,2026-07-23 14:08:37,EMP-005,CUST-6234,BRANCH-CENTRAL,Electronics,54.48,0.0,0.0,Mobile Money,0,NONE
TX-104455,2026-07-23 14:13:41,EMP-006,CUST-3859,BRANCH-WEST,Services,37.62,0.0,0.0,Credit Card,0,NONE
TX-104456,2026-07-23 14:14:01,EMP-008,CUST-4246,BRANCH-EAST,Electronics,66.51,0.0,0.0,Cash,0,NONE
TX-104457,2026-07-23 14:21:31,EMP-004,CUST-5034,BRANCH-WEST,Groceries,94.39,0.0,0.0,Credit Card,0,NONE
TX-104458,2026-07-23 14:25:11,EMP-004,CUST-4411,BRANCH-WEST,Groceries,68.28,5.8,0.0,Mobile Money,0,NONE
TX-104459,2026-07-23 14:27:39,EMP-003,CUST-5802,BRANCH-WEST,Hardware,35.71,0.0,22.51,Credit Card,0,NONE
TX-104460,2026-07-23 14:27:59,EMP-004,CUST-8514,BRANCH-WEST,Electronics,76.68,5.8,0.0,Cash,0,NONE
TX-104461,2026-07-23 14:31:12,EMP-007,CUST-1789,BRANCH-WEST,Electronics,123.29,4.6,0.0,Cash,0,NONE
TX-104462,2026-07-23 14:31:32,EMP-008,CUST-2470,BRANCH-EAST,Apparel,96.57,0.0,0.0,Debit Card,0,NONE
TX-104463,2026-07-23 14:33:33,EMP-001,CUST-5370,BRANCH-WEST,Groceries,38.44,0.0,0.0,Credit Card,0,NONE
TX-104464,2026-07-23 14:37:28,EMP-006,CUST-7443,BRANCH-WEST,Apparel,58.28,10.1,0.0,Credit Card,0,NONE
TX-104465,2026-07-23 14:40:23,EMP-002,CUST-3156,BRANCH-CENTRAL,Apparel,59.34,12.6,0.0,Debit Card,0,NONE
TX-104466,2026-07-23 14:48:11,EMP-002,CUST-2493,BRANCH-CENTRAL,Electronics,65.61,0.0,0.0,Credit Card,0,NONE
TX-104467,2026-07-23 14:49:16,EMP-001,CUST-6722,BRANCH-WEST,Electronics,35.27,0.0,0.0,Credit Card,0,NONE
TX-104468,2026-07-23 14:50:34,EMP-002,CUST-8707,BRANCH-CENTRAL,Groceries,22.96,0.0,0.0,Credit Card,0,NONE
TX-104469,2026-07-23 14:51:37,EMP-006,CUST-9129,BRANCH-WEST,Groceries,35.22,0.0,0.0,Mobile Money,0,NONE
TX-104470,2026-07-23 15:00:53,EMP-003,CUST-9436,BRANCH-WEST,Electronics,70.65,0.0,0.0,Cash,0,NONE
TX-104471,2026-07-23 15:04:42,EMP-007,CUST-2971,BRANCH-WEST,Hardware,90.26,13.2,0.0,Credit Card,0,NONE
TX-104472,2026-07-23 15:07:16,EMP-007,CUST-4890,BRANCH-WEST,Apparel,72.74,13.5,34.52,Cash,0,NONE
TX-104473,2026-07-23 15:07:48,EMP-006,CUST-1680,BRANCH-WEST,Apparel,39.31,6.8,0.0,Debit Card,0,NONE
TX-104474,2026-07-23 15:09:58,EMP-006,CUST-7881,BRANCH-WEST,Services,42.46,0.0,0.0,Credit Card,0,NONE
TX-104475,2026-07-23 15:12:24,EMP-004,CUST-4535,BRANCH-WEST,Hardware,19.61,14.2,0.0,Cash,0,NONE
TX-104476,2026-07-23 15:15:19,EMP-002,CUST-1723,BRANCH-CENTRAL,Groceries,44.76,0.0,0.0,Debit Card,0,NONE
TX-104477,2026-07-23 15:16:25,EMP-002,CUST-1820,BRANCH-CENTRAL,Electronics,26.25,0.0,0.0,Cash,0,NONE
TX-104478,2026-07-23 15:17:13,EMP-004,CUST-1626,BRANCH-WEST,Apparel,123.4,0.0,0.0,Cash,0,NONE
TX-104479,2026-07-23 15:22:25,EMP-007,CUST-4982,BRANCH-WEST,Services,31.52,0.0,0.0,Debit Card,0,NONE
TX-104480,2026-07-23 15:26:57,EMP-006,CUST-2451,BRANCH-WEST,Services,15.0,0.0,0.0,Debit Card,0,NONE
TX-104481,2026-07-23 15:28:50,EMP-001,CUST-6742,BRANCH-WEST,Groceries,29.91,0.0,0.0,Debit Card,0,NONE
TX-104482,2026-07-23 15:32:55,EMP-003,CUST-7229,BRANCH-WEST,Hardware,110.81,3.4,0.0,Mobile Money,0,NONE
TX-104483,2026-07-23 15:41:13,EMP-008,CUST-3565,BRANCH-EAST,Groceries,66.84,0.0,0.0,Cash,0,NONE
TX-104484,2026-07-23 15:41:57,EMP-005,CUST-8330,BRANCH-CENTRAL,Electronics,51.69,0.0,0.0,Credit Card,0,NONE
TX-104485,2026-07-23 15:43:23,EMP-007,CUST-5632,BRANCH-WEST,Groceries,33.68,0.0,0.0,Cash,0,NONE
TX-104486,2026-07-23 15:43:43,EMP-004,CUST-1814,BRANCH-WEST,Hardware,46.14,0.0,0.0,Credit Card,0,NONE
TX-104487,2026-07-23 15:54:18,EMP-002,CUST-5182,BRANCH-CENTRAL,Apparel,51.9,0.0,0.0,Mobile Money,0,NONE
TX-104488,2026-07-23 15:59:21,EMP-007,CUST-8560,BRANCH-WEST,Groceries,37.47,0.0,0.0,Cash,0,NONE
TX-104489,2026-07-23 16:00:25,EMP-007,CUST-7208,BRANCH-WEST,Services,68.82,0.0,0.0,Credit Card,0,NONE
TX-104490,2026-07-23 16:03:21,EMP-002,CUST-6531,BRANCH-CENTRAL,Hardware,34.59,0.0,0.0,Credit Card,0,NONE
TX-104491,2026-07-23 16:04:54,EMP-006,CUST-8063,BRANCH-WEST,Groceries,28.71,0.0,0.0,Credit Card,0,NONE
TX-104492,2026-07-23 16:05:35,EMP-007,CUST-4395,BRANCH-WEST,Apparel,68.24,12.0,0.0,Debit Card,0,NONE
TX-104493,2026-07-23 16:06:18,EMP-004,CUST-3401,BRANCH-WEST,Groceries,39.13,0.0,0.0,Credit Card,0,NONE
TX-104494,2026-07-23 16:06:38,EMP-007,CUST-6427,BRANCH-WEST,Electronics,57.3,8.6,0.0,Mobile Money,0,NONE
TX-104495,2026-07-23 16:08:14,EMP-001,CUST-4277,BRANCH-WEST,Groceries,40.55,0.0,0.0,Debit Card,0,NONE
TX-104496,2026-07-23 16:08:44,EMP-002,CUST-3635,BRANCH-CENTRAL,Hardware,64.83,6.4,0.0,Mobile Money,0,NONE
TX-104497,2026-07-23 16:14:51,EMP-001,CUST-2695,BRANCH-WEST,Electronics,42.2,0.0,0.0,Credit Card,0,NONE
TX-104498,2026-07-23 16:18:44,EMP-005,CUST-6521,BRANCH-CENTRAL,Apparel,53.88,3.7,0.0,Cash,0,NONE
TX-104499,2026-07-23 16:19:06,EMP-001,CUST-4420,BRANCH-WEST,Services,16.62,0.0,0.0,Debit Card,0,NONE
TX-104500,2026-07-23 16:23:38,EMP-004,CUST-9526,BRANCH-WEST,Services,117.16,0.0,0.0,Cash,0,NONE
TX-104501,2026-07-23 16:29:53,EMP-007,CUST-4515,BRANCH-WEST,Groceries,61.97,12.5,0.0,Mobile Money,0,NONE
TX-104502,2026-07-23 16:30:44,EMP-001,CUST-1450,BRANCH-WEST,Groceries,41.1,0.0,0.0,Credit Card,0,NONE
TX-104503,2026-07-23 16:32:20,EMP-003,CUST-6033,BRANCH-WEST,Services,29.83,0.0,0.0,Debit Card,0,NONE
TX-104504,2026-07-23 16:40:12,EMP-005,CUST-2742,BRANCH-CENTRAL,Hardware,83.97,0.0,0.0,Debit Card,0,NONE
TX-104505,2026-07-23 16:43:40,EMP-006,CUST-5447,BRANCH-WEST,Hardware,40.61,0.0,0.0,Debit Card,0,NONE
TX-104506,2026-07-23 16:49:35,EMP-004,CUST-6885,BRANCH-WEST,Groceries,80.42,0.0,0.0,Mobile Money,0,NONE
TX-104507,2026-07-23 16:50:52,EMP-003,CUST-6518,BRANCH-WEST,Electronics,51.8,0.0,0.0,Debit Card,0,NONE
TX-104508,2026-07-23 16:54:01,EMP-001,CUST-1068,BRANCH-WEST,Electronics,37.26,3.4,0.0,Credit Card,0,NONE
TX-104509,2026-07-23 16:55:32,EMP-001,CUST-7099,BRANCH-WEST,Hardware,20.23,0.0,0.0,Cash,0,NONE
TX-104510,2026-07-23 16:56:46,EMP-003,CUST-6888,BRANCH-WEST,Groceries,86.99,0.0,0.0,Cash,0,NONE
TX-104511,2026-07-23 16:57:06,EMP-005,CUST-2675,BRANCH-CENTRAL,Services,41.46,0.0,0.0,Cash,0,NONE
TX-104512,2026-07-23 17:00:38,EMP-006,CUST-2137,BRANCH-WEST,Hardware,69.86,0.0,0.0,Cash,0,NONE
TX-104513,2026-07-23 17:00:59,EMP-003,CUST-4563,BRANCH-WEST,Services,64.74,9.3,0.0,Credit Card,0,NONE
TX-104514,2026-07-23 17:05:33,EMP-008,CUST-1551,BRANCH-EAST,Services,113.02,0.0,0.0,Debit Card,0,NONE
TX-104515,2026-07-23 17:16:57,EMP-002,CUST-6347,BRANCH-CENTRAL,Electronics,76.21,0.0,0.0,Credit Card,0,NONE
TX-104516,2026-07-23 17:23:52,EMP-005,CUST-5963,BRANCH-CENTRAL,Electronics,43.58,4.9,0.0,Mobile Money,0,NONE
TX-104517,2026-07-23 17:25:53,EMP-005,CUST-9793,BRANCH-CENTRAL,Services,34.06,0.0,0.0,Cash,0,NONE
TX-104518,2026-07-23 17:27:22,EMP-004,CUST-8561,BRANCH-WEST,Electronics,19.56,0.0,0.0,Cash,0,NONE
TX-104519,2026-07-23 17:29:37,EMP-004,CUST-2207,BRANCH-WEST,Groceries,34.44,0.0,0.0,Mobile Money,0,NONE
TX-104520,2026-07-23 17:45:07,EMP-007,CUST-7236,BRANCH-WEST,Services,147.3,0.0,0.0,Cash,0,NONE
TX-104521,2026-07-23 17:52:12,EMP-004,CUST-7697,BRANCH-WEST,Groceries,43.9,0.0,22.67,Cash,0,NONE
TX-104522,2026-07-23 17:53:59,EMP-002,CUST-2670,BRANCH-CENTRAL,Services,18.46,0.0,0.0,Credit Card,0,NONE
TX-104523,2026-07-23 17:55:51,EMP-007,CUST-3343,BRANCH-WEST,Apparel,26.58,0.0,0.0,Mobile Money,0,NONE
TX-104524,2026-07-23 18:06:14,EMP-005,CUST-2038,BRANCH-CENTRAL,Groceries,41.0,3.9,0.0,Cash,0,NONE
TX-104525,2026-07-23 18:06:38,EMP-002,CUST-2816,BRANCH-CENTRAL,Services,28.81,0.0,0.0,Credit Card,0,NONE
TX-104526,2026-07-23 18:10:29,EMP-002,CUST-4792,BRANCH-CENTRAL,Electronics,45.39,0.0,0.0,Cash,0,NONE
TX-104527,2026-07-23 18:10:49,EMP-005,CUST-6108,BRANCH-CENTRAL,Hardware,26.31,7.3,20.87,Cash,0,NONE
TX-104528,2026-07-23 18:12:20,EMP-007,CUST-8425,BRANCH-WEST,Groceries,47.7,0.0,0.0,Debit Card,0,NONE
TX-104529,2026-07-23 18:27:38,EMP-004,CUST-2133,BRANCH-WEST,Groceries,129.03,6.2,0.0,Debit Card,0,NONE
TX-104530,2026-07-23 18:35:55,EMP-005,CUST-6156,BRANCH-CENTRAL,Hardware,36.59,12.2,0.0,Debit Card,0,NONE
TX-104531,2026-07-23 18:43:23,EMP-005,CUST-1895,BRANCH-CENTRAL,Hardware,41.76,0.0,0.0,Mobile Money,0,NONE
TX-104532,2026-07-23 18:53:04,EMP-008,CUST-5350,BRANCH-EAST,Apparel,61.51,0.0,0.0,Debit Card,0,NONE
TX-104533,2026-07-23 19:17:45,EMP-001,CUST-4762,BRANCH-WEST,Electronics,42.68,0.0,0.0,Debit Card,0,NONE
TX-104534,2026-07-23 19:18:56,EMP-005,CUST-2457,BRANCH-CENTRAL,Electronics,54.7,0.0,0.0,Credit Card,0,NONE
TX-104535,2026-07-23 19:20:00,EMP-002,CUST-1070,BRANCH-CENTRAL,Hardware,49.32,5.0,0.0,Debit Card,0,NONE
TX-104536,2026-07-23 19:29:33,EMP-006,CUST-4829,BRANCH-WEST,Groceries,44.94,0.0,0.0,Credit Card,0,NONE
TX-104537,2026-07-23 19:32:35,EMP-008,CUST-7497,BRANCH-EAST,Electronics,61.19,13.0,0.0,Debit Card,0,NONE
TX-104538,2026-07-23 19:35:10,EMP-006,CUST-5838,BRANCH-WEST,Hardware,59.61,0.0,0.0,Mobile Money,0,NONE
TX-104539,2026-07-23 19:36:00,EMP-007,CUST-1613,BRANCH-WEST,Hardware,33.33,0.0,12.96,Credit Card,0,NONE
TX-104540,2026-07-23 19:39:13,EMP-007,CUST-8600,BRANCH-WEST,Services,41.46,0.0,0.0,Credit Card,0,NONE
TX-104541,2026-07-23 19:40:16,EMP-005,CUST-9466,BRANCH-CENTRAL,Groceries,22.74,0.0,0.0,Mobile Money,0,NONE
TX-104542,2026-07-23 19:42:58,EMP-007,CUST-2745,BRANCH-WEST,Groceries,61.67,0.0,0.0,Debit Card,0,NONE
TX-104543,2026-07-23 19:46:26,EMP-008,CUST-1064,BRANCH-EAST,Groceries,91.59,0.0,0.0,Mobile Money,0,NONE
TX-104544,2026-07-23 19:46:48,EMP-008,CUST-6131,BRANCH-EAST,Services,45.35,0.0,0.0,Mobile Money,0,NONE
TX-104545,2026-07-23 19:52:58,EMP-001,CUST-8276,BRANCH-WEST,Services,49.67,14.2,0.0,Cash,0,NONE
TX-104546,2026-07-23 19:54:07,EMP-007,CUST-1853,BRANCH-WEST,Groceries,22.92,0.0,21.52,Credit Card,0,NONE
TX-104547,2026-07-23 20:01:56,EMP-005,CUST-5812,BRANCH-CENTRAL,Groceries,28.19,0.0,0.0,Credit Card,0,NONE
TX-104548,2026-07-23 20:02:28,EMP-007,CUST-8335,BRANCH-WEST,Apparel,31.44,5.8,0.0,Credit Card,0,NONE
TX-104549,2026-07-23 20:07:20,EMP-007,CUST-6610,BRANCH-WEST,Apparel,56.74,0.0,0.0,Cash,0,NONE
TX-104550,2026-07-23 20:16:45,EMP-008,CUST-1434,BRANCH-EAST,Electronics,53.58,0.0,0.0,Cash,0,NONE
TX-104551,2026-07-23 20:27:14,EMP-001,CUST-6097,BRANCH-WEST,Services,11.22,0.0,0.0,Mobile Money,0,NONE
TX-104552,2026-07-23 20:30:10,EMP-007,CUST-7622,BRANCH-WEST,Apparel,172.99,7.6,0.0,Debit Card,0,NONE
TX-104553,2026-07-23 20:34:50,EMP-008,CUST-4856,BRANCH-EAST,Groceries,55.66,0.0,0.0,Credit Card,0,NONE
TX-104554,2026-07-23 20:35:17,EMP-007,CUST-3535,BRANCH-WEST,Apparel,46.14,0.0,0.0,Mobile Money,0,NONE
TX-104555,2026-07-23 20:35:37,EMP-004,CUST-6717,BRANCH-WEST,Services,92.09,0.0,0.0,Mobile Money,0,NONE
TX-104556,2026-07-23 20:41:47,EMP-003,CUST-8850,BRANCH-WEST,Hardware,44.92,0.0,0.0,Credit Card,0,NONE
TX-104557,2026-07-23 20:45:48,EMP-002,CUST-4955,BRANCH-CENTRAL,Apparel,39.27,0.0,0.0,Debit Card,0,NONE
TX-104558,2026-07-23 20:54:17,EMP-007,CUST-8214,BRANCH-WEST,Groceries,87.32,0.0,0.0,Cash,0,NONE
TX-104559,2026-07-23 20:56:06,EMP-008,CUST-4751,BRANCH-EAST,Apparel,55.36,0.0,0.0,Cash,0,NONE
TX-104560,2026-07-23 20:59:46,EMP-007,CUST-3232,BRANCH-WEST,Apparel,24.94,11.4,0.0,Mobile Money,0,NONE
TX-104561,2026-07-24 08:16:48,EMP-005,CUST-7441,BRANCH-CENTRAL,Apparel,78.78,0.0,0.0,Debit Card,0,NONE
TX-104562,2026-07-24 08:19:35,EMP-001,CUST-2665,BRANCH-WEST,Apparel,41.26,0.0,0.0,Credit Card,0,NONE
TX-104563,2026-07-24 08:22:18,EMP-006,CUST-8962,BRANCH-WEST,Groceries,42.82,0.0,0.0,Mobile Money,0,NONE
TX-104564,2026-07-24 08:23:05,EMP-005,CUST-3167,BRANCH-CENTRAL,Hardware,81.77,0.0,0.0,Debit Card,0,NONE
TX-104565,2026-07-24 08:29:04,EMP-007,CUST-3472,BRANCH-WEST,Apparel,53.12,0.0,0.0,Cash,0,NONE
TX-104566,2026-07-24 08:35:16,EMP-006,CUST-1390,BRANCH-WEST,Services,27.23,0.0,0.0,Cash,0,NONE
TX-104567,2026-07-24 08:43:11,EMP-001,CUST-1784,BRANCH-WEST,Groceries,58.02,0.0,0.0,Cash,0,NONE
TX-104568,2026-07-24 08:52:08,EMP-001,CUST-2362,BRANCH-WEST,Apparel,34.26,0.0,0.0,Debit Card,0,NONE
TX-104569,2026-07-24 09:06:59,EMP-004,CUST-5225,BRANCH-WEST,Apparel,46.16,0.0,0.0,Cash,0,NONE
TX-104570,2026-07-24 09:15:05,EMP-003,CUST-2437,BRANCH-WEST,Electronics,166.1,11.1,0.0,Mobile Money,0,NONE
TX-104571,2026-07-24 09:18:14,EMP-004,CUST-9697,BRANCH-WEST,Apparel,67.87,0.0,0.0,Cash,0,NONE
TX-104572,2026-07-24 09:18:34,EMP-007,CUST-8832,BRANCH-WEST,Electronics,52.64,14.2,0.0,Credit Card,0,NONE
TX-104573,2026-07-24 09:22:44,EMP-005,CUST-9670,BRANCH-CENTRAL,Groceries,94.62,0.0,0.0,Debit Card,0,NONE
TX-104574,2026-07-24 09:25:31,EMP-004,CUST-7761,BRANCH-WEST,Apparel,28.94,0.0,0.0,Cash,0,NONE
TX-104575,2026-07-24 09:26:49,EMP-003,CUST-3071,BRANCH-WEST,Groceries,63.69,0.0,0.0,Mobile Money,0,NONE
TX-104576,2026-07-24 09:27:30,EMP-003,CUST-1343,BRANCH-WEST,Hardware,52.23,4.0,0.0,Debit Card,0,NONE
TX-104577,2026-07-24 09:31:04,EMP-005,CUST-2991,BRANCH-CENTRAL,Hardware,32.17,0.0,0.0,Mobile Money,0,NONE
TX-104578,2026-07-24 09:34:50,EMP-001,CUST-3548,BRANCH-WEST,Electronics,47.29,0.0,0.0,Debit Card,0,NONE
TX-104579,2026-07-24 09:40:59,EMP-004,CUST-7939,BRANCH-WEST,Services,41.91,14.0,0.0,Cash,0,NONE
TX-104580,2026-07-24 09:42:04,EMP-007,CUST-8576,BRANCH-WEST,Hardware,59.27,0.0,0.0,Mobile Money,0,NONE
TX-104581,2026-07-24 09:49:03,EMP-004,CUST-2109,BRANCH-WEST,Services,48.6,0.0,0.0,Credit Card,0,NONE
TX-104582,2026-07-24 09:53:50,EMP-003,CUST-9743,BRANCH-WEST,Electronics,60.3,0.0,0.0,Debit Card,0,NONE
TX-104583,2026-07-24 09:57:06,EMP-008,CUST-2666,BRANCH-EAST,Electronics,47.28,0.0,0.0,Debit Card,0,NONE
TX-104584,2026-07-24 09:57:55,EMP-005,CUST-6257,BRANCH-CENTRAL,Electronics,117.49,0.0,0.0,Debit Card,0,NONE
TX-104585,2026-07-24 09:59:30,EMP-005,CUST-5229,BRANCH-CENTRAL,Apparel,26.88,0.0,0.0,Mobile Money,0,NONE
TX-104586,2026-07-24 10:05:34,EMP-007,CUST-9882,BRANCH-WEST,Hardware,41.83,0.0,0.0,Cash,0,NONE
TX-104587,2026-07-24 10:12:51,EMP-002,CUST-6064,BRANCH-CENTRAL,Electronics,66.31,8.1,48.38,Cash,0,NONE
TX-104588,2026-07-24 10:13:17,EMP-006,CUST-9186,BRANCH-WEST,Hardware,38.29,7.0,0.0,Cash,0,NONE
TX-104589,2026-07-24 10:13:37,EMP-007,CUST-3734,BRANCH-WEST,Hardware,57.9,0.0,0.0,Cash,0,NONE
TX-104590,2026-07-24 10:17:43,EMP-003,CUST-6838,BRANCH-WEST,Services,96.68,4.8,0.0,Credit Card,0,NONE
TX-104591,2026-07-24 10:19:31,EMP-007,CUST-4856,BRANCH-WEST,Hardware,50.37,7.9,0.0,Debit Card,0,NONE
TX-104592,2026-07-24 10:20:52,EMP-007,CUST-1368,BRANCH-WEST,Electronics,12.74,6.9,0.0,Cash,0,NONE
TX-104593,2026-07-24 10:22:33,EMP-003,CUST-6234,BRANCH-WEST,Apparel,66.16,0.0,0.0,Debit Card,0,NONE
TX-104594,2026-07-24 10:27:16,EMP-008,CUST-4725,BRANCH-EAST,Hardware,87.69,0.0,0.0,Mobile Money,0,NONE
TX-104595,2026-07-24 10:41:41,EMP-006,CUST-9009,BRANCH-WEST,Services,52.14,0.0,0.0,Mobile Money,0,NONE
TX-104596,2026-07-24 10:42:55,EMP-005,CUST-8396,BRANCH-CENTRAL,Apparel,31.59,0.0,0.0,Debit Card,0,NONE
TX-104597,2026-07-24 10:47:26,EMP-004,CUST-7414,BRANCH-WEST,Hardware,103.58,11.5,0.0,Credit Card,0,NONE
TX-104598,2026-07-24 10:50:01,EMP-007,CUST-8586,BRANCH-WEST,Hardware,24.8,4.9,0.0,Credit Card,0,NONE
TX-104599,2026-07-24 10:51:52,EMP-003,CUST-4363,BRANCH-WEST,Electronics,57.26,3.2,0.0,Debit Card,0,NONE
TX-104600,2026-07-24 10:52:12,EMP-004,CUST-1525,BRANCH-WEST,Services,71.61,0.0,0.0,Mobile Money,0,NONE
TX-104601,2026-07-24 10:55:10,EMP-005,CUST-3282,BRANCH-CENTRAL,Services,204.44,0.0,0.0,Mobile Money,0,NONE
TX-104602,2026-07-24 11:09:46,EMP-002,CUST-1644,BRANCH-CENTRAL,Hardware,26.82,0.0,0.0,Mobile Money,0,NONE
TX-104603,2026-07-24 11:11:33,EMP-002,CUST-3814,BRANCH-CENTRAL,Hardware,18.77,8.1,0.0,Credit Card,0,NONE
TX-104604,2026-07-24 11:17:57,EMP-006,CUST-3446,BRANCH-WEST,Electronics,138.66,4.6,0.0,Debit Card,0,NONE
TX-104605,2026-07-24 11:25:37,EMP-001,CUST-5832,BRANCH-WEST,Electronics,58.31,0.0,0.0,Cash,0,NONE
TX-104606,2026-07-24 11:32:10,EMP-007,CUST-3624,BRANCH-WEST,Hardware,62.1,0.0,0.0,Mobile Money,0,NONE
TX-104607,2026-07-24 11:34:27,EMP-007,CUST-6345,BRANCH-WEST,Groceries,37.88,11.8,0.0,Credit Card,0,NONE
TX-104608,2026-07-24 11:35:50,EMP-002,CUST-1319,BRANCH-CENTRAL,Groceries,43.57,0.0,0.0,Cash,0,NONE
TX-104609,2026-07-24 11:37:35,EMP-002,CUST-5973,BRANCH-CENTRAL,Services,32.82,0.0,0.0,Mobile Money,0,NONE
TX-104610,2026-07-24 11:38:44,EMP-007,CUST-3833,BRANCH-WEST,Electronics,82.52,0.0,36.38,Debit Card,0,NONE
TX-104611,2026-07-24 11:39:51,EMP-003,CUST-3113,BRANCH-WEST,Electronics,90.5,0.0,0.0,Mobile Money,0,NONE
TX-104612,2026-07-24 11:40:11,EMP-001,CUST-4119,BRANCH-WEST,Apparel,42.62,0.0,0.0,Credit Card,0,NONE
TX-104613,2026-07-24 11:41:44,EMP-004,CUST-8485,BRANCH-WEST,Apparel,67.56,0.0,0.0,Debit Card,0,NONE
TX-104614,2026-07-24 11:42:51,EMP-003,CUST-1493,BRANCH-WEST,Services,74.34,8.0,0.0,Cash,0,NONE
TX-104615,2026-07-24 11:43:34,EMP-007,CUST-7984,BRANCH-WEST,Services,32.95,0.0,0.0,Credit Card,0,NONE
TX-104616,2026-07-24 11:46:34,EMP-001,CUST-5075,BRANCH-WEST,Electronics,18.78,0.0,0.0,Credit Card,0,NONE
TX-104617,2026-07-24 11:46:54,EMP-005,CUST-2053,BRANCH-CENTRAL,Groceries,61.71,0.0,0.0,Credit Card,0,NONE
TX-104618,2026-07-24 11:47:14,EMP-008,CUST-1070,BRANCH-EAST,Groceries,106.96,0.0,0.0,Credit Card,0,NONE
TX-104619,2026-07-24 11:49:29,EMP-001,CUST-2635,BRANCH-WEST,Apparel,29.7,0.0,0.0,Debit Card,0,NONE
TX-104620,2026-07-24 11:51:53,EMP-005,CUST-3338,BRANCH-CENTRAL,Services,101.5,0.0,0.0,Mobile Money,0,NONE
TX-104621,2026-07-24 11:53:09,EMP-001,CUST-3123,BRANCH-WEST,Apparel,41.48,7.3,0.0,Cash,0,NONE
TX-104622,2026-07-24 11:53:40,EMP-007,CUST-7810,BRANCH-WEST,Groceries,21.89,0.0,0.0,Cash,0,NONE
TX-104623,2026-07-24 11:56:00,EMP-006,CUST-3661,BRANCH-WEST,Apparel,56.77,0.0,0.0,Mobile Money,0,NONE
TX-104624,2026-07-24 12:00:09,EMP-003,CUST-1786,BRANCH-WEST,Apparel,188.89,0.0,0.0,Debit Card,0,NONE
TX-104625,2026-07-24 12:03:17,EMP-008,CUST-5983,BRANCH-EAST,Electronics,63.94,0.0,0.0,Cash,0,NONE
TX-104626,2026-07-24 12:08:40,EMP-005,CUST-9141,BRANCH-CENTRAL,Hardware,50.85,7.1,0.0,Mobile Money,0,NONE
TX-104627,2026-07-24 12:13:12,EMP-006,CUST-1765,BRANCH-WEST,Groceries,98.48,14.0,0.0,Credit Card,0,NONE
TX-104628,2026-07-24 12:21:28,EMP-006,CUST-9299,BRANCH-WEST,Hardware,17.93,0.0,0.0,Mobile Money,0,NONE
TX-104629,2026-07-24 12:27:14,EMP-007,CUST-1661,BRANCH-WEST,Electronics,26.28,8.3,0.0,Cash,0,NONE
TX-104630,2026-07-24 12:30:43,EMP-004,CUST-1325,BRANCH-WEST,Apparel,54.96,0.0,0.0,Cash,0,NONE
TX-104631,2026-07-24 12:32:57,EMP-008,CUST-2928,BRANCH-EAST,Services,51.64,0.0,0.0,Credit Card,0,NONE
TX-104632,2026-07-24 12:34:33,EMP-003,CUST-3917,BRANCH-WEST,Services,68.55,0.0,0.0,Credit Card,0,NONE
TX-104633,2026-07-24 12:37:09,EMP-005,CUST-6971,BRANCH-CENTRAL,Services,30.14,0.0,0.0,Credit Card,0,NONE
TX-104634,2026-07-24 12:37:35,EMP-007,CUST-8257,BRANCH-WEST,Apparel,99.37,0.0,0.0,Cash,0,NONE
TX-104635,2026-07-24 12:43:24,EMP-002,CUST-4086,BRANCH-CENTRAL,Hardware,59.78,0.0,0.0,Mobile Money,0,NONE
TX-104636,2026-07-24 12:52:49,EMP-001,CUST-6004,BRANCH-WEST,Apparel,50.56,0.0,0.0,Debit Card,0,NONE
TX-104637,2026-07-24 13:00:50,EMP-005,CUST-6327,BRANCH-CENTRAL,Groceries,42.16,7.7,0.0,Credit Card,0,NONE
TX-104638,2026-07-24 13:02:14,EMP-008,CUST-1638,BRANCH-EAST,Groceries,60.88,0.0,0.0,Mobile Money,0,NONE
TX-104639,2026-07-24 13:04:17,EMP-003,CUST-2905,BRANCH-WEST,Electronics,37.85,11.5,0.0,Debit Card,0,NONE
TX-104640,2026-07-24 13:07:42,EMP-001,CUST-1127,BRANCH-WEST,Services,78.13,8.5,0.0,Cash,0,NONE
TX-104641,2026-07-24 13:10:33,EMP-003,CUST-9316,BRANCH-WEST,Services,81.17,0.0,0.0,Mobile Money,0,NONE
TX-104642,2026-07-24 13:10:59,EMP-001,CUST-9123,BRANCH-WEST,Apparel,32.53,0.0,0.0,Cash,0,NONE
TX-104643,2026-07-24 13:25:11,EMP-004,CUST-8850,BRANCH-WEST,Services,74.62,0.0,0.0,Mobile Money,0,NONE
TX-104644,2026-07-24 13:25:41,EMP-008,CUST-2722,BRANCH-EAST,Apparel,96.05,0.0,0.0,Mobile Money,0,NONE
TX-104645,2026-07-24 13:27:57,EMP-004,CUST-9533,BRANCH-WEST,Hardware,63.85,0.0,0.0,Credit Card,0,NONE
TX-104646,2026-07-24 13:38:30,EMP-003,CUST-9410,BRANCH-WEST,Apparel,142.79,0.0,0.0,Debit Card,0,NONE
TX-104647,2026-07-24 13:45:58,EMP-002,CUST-9947,BRANCH-CENTRAL,Apparel,76.19,0.0,0.0,Debit Card,0,NONE
TX-104648,2026-07-24 13:47:22,EMP-007,CUST-4976,BRANCH-WEST,Groceries,71.71,0.0,0.0,Cash,0,NONE
TX-104649,2026-07-24 13:56:36,EMP-001,CUST-8704,BRANCH-WEST,Electronics,35.1,0.0,0.0,Credit Card,0,NONE
TX-104650,2026-07-24 14:11:36,EMP-005,CUST-6122,BRANCH-CENTRAL,Hardware,38.05,0.0,0.0,Credit Card,0,NONE
TX-104651,2026-07-24 14:30:21,EMP-005,CUST-5540,BRANCH-CENTRAL,Groceries,76.53,0.0,0.0,Debit Card,0,NONE
TX-104652,2026-07-24 14:32:54,EMP-003,CUST-7980,BRANCH-WEST,Electronics,121.4,0.0,0.0,Credit Card,0,NONE
TX-104653,2026-07-24 14:34:27,EMP-005,CUST-4805,BRANCH-CENTRAL,Apparel,138.54,0.0,0.0,Cash,0,NONE
TX-104654,2026-07-24 14:34:47,EMP-007,CUST-1507,BRANCH-WEST,Apparel,53.53,10.0,0.0,Mobile Money,0,NONE
TX-104655,2026-07-24 14:35:23,EMP-006,CUST-1887,BRANCH-WEST,Hardware,44.86,0.0,0.0,Debit Card,0,NONE
TX-104656,2026-07-24 14:41:22,EMP-006,CUST-9294,BRANCH-WEST,Apparel,24.3,0.0,0.0,Debit Card,0,NONE
TX-104657,2026-07-24 14:42:32,EMP-006,CUST-7826,BRANCH-WEST,Services,94.57,8.7,0.0,Mobile Money,0,NONE
TX-104658,2026-07-24 14:50:23,EMP-005,CUST-1638,BRANCH-CENTRAL,Hardware,53.94,0.0,0.0,Cash,0,NONE
TX-104659,2026-07-24 14:54:08,EMP-008,CUST-2603,BRANCH-EAST,Hardware,153.72,0.0,0.0,Mobile Money,0,NONE
TX-104660,2026-07-24 14:54:30,EMP-006,CUST-1418,BRANCH-WEST,Groceries,22.98,0.0,0.0,Debit Card,0,NONE
TX-104661,2026-07-24 14:55:26,EMP-003,CUST-3434,BRANCH-WEST,Electronics,61.28,11.5,0.0,Cash,0,NONE
TX-104662,2026-07-24 14:59:45,EMP-004,CUST-4098,BRANCH-WEST,Hardware,47.69,0.0,0.0,Mobile Money,0,NONE
TX-104663,2026-07-24 15:00:40,EMP-006,CUST-1708,BRANCH-WEST,Electronics,61.56,12.2,0.0,Debit Card,0,NONE
TX-104664,2026-07-24 15:04:51,EMP-006,CUST-4204,BRANCH-WEST,Electronics,50.82,0.0,0.0,Credit Card,0,NONE
TX-104665,2026-07-24 15:12:58,EMP-002,CUST-5665,BRANCH-CENTRAL,Services,56.49,0.0,0.0,Cash,0,NONE
TX-104666,2026-07-24 15:16:02,EMP-004,CUST-3288,BRANCH-WEST,Electronics,39.79,8.8,0.0,Debit Card,0,NONE
TX-104667,2026-07-24 15:17:44,EMP-006,CUST-1546,BRANCH-WEST,Services,51.71,7.3,0.0,Debit Card,0,NONE
TX-104668,2026-07-24 15:19:42,EMP-001,CUST-3437,BRANCH-WEST,Groceries,56.07,4.4,0.0,Mobile Money,0,NONE
TX-104669,2026-07-24 15:27:59,EMP-007,CUST-6065,BRANCH-WEST,Apparel,52.26,0.0,0.0,Credit Card,0,NONE
TX-104670,2026-07-24 15:28:33,EMP-008,CUST-7416,BRANCH-EAST,Groceries,54.69,0.0,0.0,Mobile Money,0,NONE
TX-104671,2026-07-24 15:29:55,EMP-002,CUST-3416,BRANCH-CENTRAL,Hardware,27.2,0.0,0.0,Cash,0,NONE
TX-104672,2026-07-24 15:33:43,EMP-007,CUST-6323,BRANCH-WEST,Groceries,80.95,0.0,0.0,Mobile Money,0,NONE
TX-104673,2026-07-24 15:36:41,EMP-003,CUST-3448,BRANCH-WEST,Services,79.17,0.0,0.0,Cash,0,NONE
TX-104674,2026-07-24 15:37:37,EMP-006,CUST-7327,BRANCH-WEST,Apparel,141.78,0.0,0.0,Credit Card,0,NONE
TX-104675,2026-07-24 15:43:02,EMP-004,CUST-1071,BRANCH-WEST,Apparel,88.6,0.0,0.0,Credit Card,0,NONE
TX-104676,2026-07-24 15:44:01,EMP-006,CUST-1836,BRANCH-WEST,Electronics,22.71,0.0,0.0,Credit Card,0,NONE
TX-104677,2026-07-24 15:56:50,EMP-007,CUST-1108,BRANCH-WEST,Hardware,27.94,0.0,0.0,Credit Card,0,NONE
TX-104678,2026-07-24 15:59:10,EMP-004,CUST-4802,BRANCH-WEST,Electronics,74.74,0.0,0.0,Mobile Money,0,NONE
TX-104679,2026-07-24 16:00:24,EMP-001,CUST-5306,BRANCH-WEST,Hardware,57.19,9.2,0.0,Mobile Money,0,NONE
TX-104680,2026-07-24 16:03:47,EMP-007,CUST-7177,BRANCH-WEST,Electronics,50.38,0.0,0.0,Cash,0,NONE
TX-104681,2026-07-24 16:15:23,EMP-003,CUST-4010,BRANCH-WEST,Electronics,99.94,8.3,0.0,Cash,0,NONE
TX-104682,2026-07-24 16:16:20,EMP-007,CUST-2706,BRANCH-WEST,Hardware,63.21,0.0,0.0,Debit Card,0,NONE
TX-104683,2026-07-24 16:23:21,EMP-001,CUST-2099,BRANCH-WEST,Apparel,42.82,0.0,0.0,Cash,0,NONE
TX-104684,2026-07-24 16:30:47,EMP-004,CUST-4420,BRANCH-WEST,Apparel,21.43,0.0,0.0,Debit Card,0,NONE
TX-104685,2026-07-24 16:41:41,EMP-008,CUST-3680,BRANCH-EAST,Groceries,113.3,0.0,0.0,Mobile Money,0,NONE
TX-104686,2026-07-24 16:43:56,EMP-004,CUST-4788,BRANCH-WEST,Services,18.38,0.0,0.0,Cash,0,NONE
TX-104687,2026-07-24 16:47:15,EMP-003,CUST-7191,BRANCH-WEST,Services,136.47,3.0,0.0,Cash,0,NONE
TX-104688,2026-07-24 16:49:47,EMP-008,CUST-2393,BRANCH-EAST,Electronics,174.86,8.0,0.0,Mobile Money,0,NONE
TX-104689,2026-07-24 16:50:22,EMP-003,CUST-9370,BRANCH-WEST,Electronics,35.6,0.0,0.0,Credit Card,0,NONE
TX-104690,2026-07-24 16:50:42,EMP-003,CUST-8438,BRANCH-WEST,Groceries,93.34,0.0,0.0,Credit Card,0,NONE
TX-104691,2026-07-24 16:51:07,EMP-008,CUST-9871,BRANCH-EAST,Services,42.63,0.0,0.0,Mobile Money,0,NONE
TX-104692,2026-07-24 17:00:41,EMP-001,CUST-7557,BRANCH-WEST,Electronics,29.59,11.3,0.0,Cash,0,NONE
TX-104693,2026-07-24 17:01:29,EMP-002,CUST-3742,BRANCH-CENTRAL,Hardware,33.28,0.0,0.0,Credit Card,0,NONE
TX-104694,2026-07-24 17:01:49,EMP-005,CUST-7815,BRANCH-CENTRAL,Hardware,54.2,0.0,0.0,Mobile Money,0,NONE
TX-104695,2026-07-24 17:05:37,EMP-005,CUST-9045,BRANCH-CENTRAL,Hardware,51.28,9.8,0.0,Cash,0,NONE
TX-104696,2026-07-24 17:06:27,EMP-007,CUST-5346,BRANCH-WEST,Hardware,47.24,10.5,0.0,Credit Card,0,NONE
TX-104697,2026-07-24 17:18:47,EMP-003,CUST-6927,BRANCH-WEST,Hardware,28.49,9.6,0.0,Debit Card,0,NONE
TX-104698,2026-07-24 17:19:55,EMP-008,CUST-9969,BRANCH-EAST,Services,55.42,0.0,0.0,Credit Card,0,NONE
TX-104699,2026-07-24 17:21:19,EMP-007,CUST-6211,BRANCH-WEST,Hardware,109.31,0.0,0.0,Cash,0,NONE
TX-104700,2026-07-24 17:23:45,EMP-007,CUST-2415,BRANCH-WEST,Electronics,74.7,0.0,0.0,Debit Card,0,NONE
TX-104701,2026-07-24 17:24:05,EMP-003,CUST-9941,BRANCH-WEST,Apparel,42.57,9.3,0.0,Mobile Money,0,NONE
TX-104702,2026-07-24 17:36:29,EMP-003,CUST-7570,BRANCH-WEST,Groceries,71.17,0.0,0.0,Credit Card,0,NONE
TX-104703,2026-07-24 17:43:06,EMP-002,CUST-8168,BRANCH-CENTRAL,Groceries,40.66,5.4,0.0,Debit Card,0,NONE
TX-104704,2026-07-24 17:56:51,EMP-001,CUST-6483,BRANCH-WEST,Hardware,87.17,0.0,0.0,Cash,0,NONE
TX-104705,2026-07-24 17:58:42,EMP-004,CUST-2216,BRANCH-WEST,Hardware,48.03,0.0,0.0,Credit Card,0,NONE
TX-104706,2026-07-24 17:59:30,EMP-002,CUST-3364,BRANCH-CENTRAL,Hardware,25.27,0.0,0.0,Cash,0,NONE
TX-104707,2026-07-24 18:15:34,EMP-003,CUST-5300,BRANCH-WEST,Electronics,58.82,0.0,0.0,Credit Card,0,NONE
TX-104708,2026-07-24 18:15:58,EMP-005,CUST-2363,BRANCH-CENTRAL,Hardware,98.25,0.0,0.0,Cash,0,NONE
TX-104709,2026-07-24 18:19:03,EMP-005,CUST-1323,BRANCH-CENTRAL,Services,77.71,0.0,0.0,Cash,0,NONE
TX-104710,2026-07-24 18:23:23,EMP-008,CUST-1019,BRANCH-EAST,Services,71.86,0.0,0.0,Debit Card,0,NONE
TX-104711,2026-07-24 18:24:44,EMP-002,CUST-7013,BRANCH-CENTRAL,Electronics,28.03,8.6,0.0,Cash,0,NONE
TX-104712,2026-07-24 18:35:59,EMP-008,CUST-5673,BRANCH-EAST,Groceries,95.65,0.0,0.0,Credit Card,0,NONE
TX-104713,2026-07-24 18:37:02,EMP-008,CUST-7214,BRANCH-EAST,Hardware,40.66,0.0,0.0,Credit Card,0,NONE
TX-104714,2026-07-24 18:39:52,EMP-007,CUST-2363,BRANCH-WEST,Groceries,60.28,0.0,0.0,Cash,0,NONE
TX-104715,2026-07-24 18:41:52,EMP-001,CUST-1839,BRANCH-WEST,Hardware,53.47,4.3,0.0,Credit Card,0,NONE
TX-104716,2026-07-24 18:43:43,EMP-001,CUST-3893,BRANCH-WEST,Groceries,22.02,0.0,0.0,Credit Card,0,NONE
TX-104717,2026-07-24 18:47:44,EMP-008,CUST-3678,BRANCH-EAST,Electronics,62.2,0.0,0.0,Cash,0,NONE
TX-104718,2026-07-24 18:49:32,EMP-002,CUST-1195,BRANCH-CENTRAL,Electronics,53.45,0.0,0.0,Credit Card,0,NONE
TX-104719,2026-07-24 18:53:18,EMP-008,CUST-5407,BRANCH-EAST,Hardware,88.22,0.0,0.0,Credit Card,0,NONE
TX-104720,2026-07-24 18:55:06,EMP-004,CUST-7918,BRANCH-WEST,Apparel,69.49,0.0,0.0,Debit Card,0,NONE
TX-104721,2026-07-24 18:57:45,EMP-005,CUST-5168,BRANCH-CENTRAL,Electronics,32.59,0.0,0.0,Credit Card,0,NONE
TX-104722,2026-07-24 18:58:46,EMP-003,CUST-1920,BRANCH-WEST,Apparel,52.39,6.4,0.0,Mobile Money,0,NONE
TX-104723,2026-07-24 19:04:46,EMP-008,CUST-5779,BRANCH-EAST,Groceries,55.65,0.0,0.0,Credit Card,0,NONE
TX-104724,2026-07-24 19:05:48,EMP-002,CUST-4074,BRANCH-CENTRAL,Electronics,13.63,0.0,0.0,Mobile Money,0,NONE
TX-104725,2026-07-24 19:09:15,EMP-008,CUST-7942,BRANCH-EAST,Hardware,128.22,0.0,0.0,Debit Card,0,NONE
TX-104726,2026-07-24 19:17:38,EMP-007,CUST-9742,BRANCH-WEST,Groceries,48.53,0.0,0.0,Cash,0,NONE
TX-104727,2026-07-24 19:17:58,EMP-006,CUST-6627,BRANCH-WEST,Hardware,69.93,0.0,0.0,Debit Card,0,NONE
TX-104728,2026-07-24 19:20:11,EMP-005,CUST-1760,BRANCH-CENTRAL,Apparel,73.96,0.0,0.0,Debit Card,0,NONE
TX-104729,2026-07-24 19:24:23,EMP-002,CUST-5506,BRANCH-CENTRAL,Apparel,112.68,0.0,0.0,Cash,0,NONE
TX-104730,2026-07-24 19:25:03,EMP-004,CUST-6528,BRANCH-WEST,Services,31.82,0.0,0.0,Cash,0,NONE
TX-104731,2026-07-24 19:30:36,EMP-006,CUST-8277,BRANCH-WEST,Apparel,53.83,0.0,0.0,Debit Card,0,NONE
TX-104732,2026-07-24 19:32:15,EMP-004,CUST-3992,BRANCH-WEST,Apparel,49.59,0.0,0.0,Mobile Money,0,NONE
TX-104733,2026-07-24 19:34:20,EMP-008,CUST-2790,BRANCH-EAST,Groceries,68.8,0.0,0.0,Cash,0,NONE
TX-104734,2026-07-24 19:39:13,EMP-006,CUST-2160,BRANCH-WEST,Services,58.46,0.0,0.0,Credit Card,0,NONE
TX-104735,2026-07-24 19:43:12,EMP-004,CUST-3718,BRANCH-WEST,Groceries,39.01,12.9,0.0,Mobile Money,0,NONE
TX-104736,2026-07-24 19:46:44,EMP-001,CUST-8437,BRANCH-WEST,Electronics,35.05,0.0,0.0,Cash,0,NONE
TX-104737,2026-07-24 19:50:22,EMP-001,CUST-3559,BRANCH-WEST,Electronics,14.7,0.0,0.0,Mobile Money,0,NONE
TX-104738,2026-07-24 19:52:55,EMP-006,CUST-9115,BRANCH-WEST,Electronics,32.91,13.2,0.0,Mobile Money,0,NONE
TX-104739,2026-07-24 19:53:49,EMP-008,CUST-9979,BRANCH-EAST,Groceries,149.5,0.0,0.0,Cash,0,NONE
TX-104740,2026-07-24 19:54:46,EMP-005,CUST-8708,BRANCH-CENTRAL,Apparel,62.91,0.0,0.0,Debit Card,0,NONE
TX-104741,2026-07-24 19:55:40,EMP-005,CUST-7333,BRANCH-CENTRAL,Groceries,59.61,0.0,0.0,Debit Card,0,NONE
TX-104742,2026-07-24 20:08:26,EMP-002,CUST-8893,BRANCH-CENTRAL,Services,64.46,0.0,0.0,Mobile Money,0,NONE
TX-104743,2026-07-24 20:13:20,EMP-002,CUST-5296,BRANCH-CENTRAL,Hardware,44.03,5.2,0.0,Cash,0,NONE
TX-104744,2026-07-24 20:18:27,EMP-005,CUST-6638,BRANCH-CENTRAL,Electronics,74.31,0.0,0.0,Debit Card,0,NONE
TX-104745,2026-07-24 20:20:06,EMP-008,CUST-8010,BRANCH-EAST,Services,50.89,0.0,0.0,Debit Card,0,NONE
TX-104746,2026-07-24 20:26:56,EMP-008,CUST-8710,BRANCH-EAST,Apparel,62.78,0.0,0.0,Credit Card,0,NONE
TX-104747,2026-07-24 20:28:36,EMP-008,CUST-5831,BRANCH-EAST,Groceries,62.2,3.1,0.0,Mobile Money,0,NONE
TX-104748,2026-07-24 20:30:42,EMP-004,CUST-7814,BRANCH-WEST,Groceries,89.98,0.0,0.0,Debit Card,0,NONE
TX-104749,2026-07-24 20:31:06,EMP-003,CUST-8433,BRANCH-WEST,Apparel,47.12,0.0,0.0,Mobile Money,0,NONE
TX-104750,2026-07-24 20:32:49,EMP-005,CUST-7174,BRANCH-CENTRAL,Electronics,39.47,0.0,0.0,Mobile Money,0,NONE
TX-104751,2026-07-24 20:34:40,EMP-005,CUST-9650,BRANCH-CENTRAL,Apparel,35.29,0.0,0.0,Mobile Money,0,NONE
TX-104752,2026-07-24 20:40:39,EMP-007,CUST-6725,BRANCH-WEST,Hardware,112.01,13.6,0.0,Debit Card,0,NONE
TX-104753,2026-07-24 20:46:19,EMP-007,CUST-3229,BRANCH-WEST,Electronics,86.46,0.0,0.0,Cash,0,NONE
TX-104754,2026-07-24 20:46:49,EMP-008,CUST-1462,BRANCH-EAST,Hardware,85.12,0.0,0.0,Cash,0,NONE
TX-104755,2026-07-24 20:50:15,EMP-006,CUST-4802,BRANCH-WEST,Groceries,62.73,0.0,0.0,Mobile Money,0,NONE
TX-104756,2026-07-24 20:59:04,EMP-008,CUST-5907,BRANCH-EAST,Electronics,43.85,5.6,0.0,Mobile Money,0,NONE
TX-104757,2026-07-25 08:30:56,EMP-008,CUST-2104,BRANCH-EAST,Services,89.9,0.0,0.0,Credit Card,0,NONE
TX-104758,2026-07-25 08:33:39,EMP-005,CUST-8480,BRANCH-CENTRAL,Apparel,52.81,0.0,0.0,Cash,0,NONE
TX-104759,2026-07-25 08:36:28,EMP-003,CUST-2253,BRANCH-WEST,Electronics,46.45,0.0,27.57,Mobile Money,0,NONE
TX-104760,2026-07-25 08:36:48,EMP-008,CUST-9840,BRANCH-EAST,Groceries,33.49,0.0,0.0,Credit Card,0,NONE
TX-104761,2026-07-25 08:37:19,EMP-005,CUST-6680,BRANCH-CENTRAL,Services,47.17,0.0,0.0,Debit Card,0,NONE
TX-104762,2026-07-25 08:39:07,EMP-007,CUST-4795,BRANCH-WEST,Apparel,52.87,0.0,0.0,Credit Card,0,NONE
TX-104763,2026-07-25 08:52:41,EMP-002,CUST-9566,BRANCH-CENTRAL,Groceries,20.53,13.3,0.0,Mobile Money,0,NONE
TX-104764,2026-07-25 08:56:06,EMP-006,CUST-3285,BRANCH-WEST,Groceries,49.28,0.0,0.0,Debit Card,0,NONE
TX-104765,2026-07-25 08:58:40,EMP-007,CUST-1679,BRANCH-WEST,Apparel,73.85,0.0,0.0,Debit Card,0,NONE
TX-104766,2026-07-25 09:06:22,EMP-005,CUST-3877,BRANCH-CENTRAL,Services,72.54,0.0,0.0,Credit Card,0,NONE
TX-104767,2026-07-25 09:07:44,EMP-008,CUST-1589,BRANCH-EAST,Apparel,64.85,5.9,0.0,Mobile Money,0,NONE
TX-104768,2026-07-25 09:08:17,EMP-008,CUST-2493,BRANCH-EAST,Electronics,75.98,4.9,66.57,Debit Card,0,NONE
TX-104769,2026-07-25 09:17:04,EMP-007,CUST-5800,BRANCH-WEST,Electronics,84.38,0.0,0.0,Debit Card,0,NONE
TX-104770,2026-07-25 09:28:10,EMP-007,CUST-3231,BRANCH-WEST,Hardware,51.81,0.0,0.0,Credit Card,0,NONE
TX-104771,2026-07-25 09:30:02,EMP-003,CUST-8720,BRANCH-WEST,Electronics,47.73,0.0,0.0,Cash,0,NONE
TX-104772,2026-07-25 09:33:57,EMP-004,CUST-3450,BRANCH-WEST,Groceries,38.42,0.0,0.0,Debit Card,0,NONE
TX-104773,2026-07-25 09:37:12,EMP-004,CUST-5401,BRANCH-WEST,Hardware,77.53,0.0,0.0,Cash,0,NONE
TX-104774,2026-07-25 09:42:08,EMP-007,CUST-3981,BRANCH-WEST,Services,57.94,5.7,0.0,Credit Card,0,NONE
TX-104775,2026-07-25 09:45:51,EMP-006,CUST-8869,BRANCH-WEST,Electronics,37.68,0.0,0.0,Mobile Money,0,NONE
TX-104776,2026-07-25 09:57:47,EMP-003,CUST-8420,BRANCH-WEST,Hardware,46.02,0.0,0.0,Cash,0,NONE
TX-104777,2026-07-25 10:00:36,EMP-005,CUST-6416,BRANCH-CENTRAL,Electronics,38.55,0.0,0.0,Debit Card,0,NONE
TX-104778,2026-07-25 10:00:57,EMP-004,CUST-1997,BRANCH-WEST,Electronics,55.8,0.0,0.0,Mobile Money,0,NONE
TX-104779,2026-07-25 10:02:47,EMP-003,CUST-6642,BRANCH-WEST,Hardware,134.84,0.0,58.19,Credit Card,0,NONE
TX-104780,2026-07-25 10:03:07,EMP-001,CUST-3496,BRANCH-WEST,Apparel,69.53,0.0,0.0,Debit Card,0,NONE
TX-104781,2026-07-25 10:04:26,EMP-004,CUST-8370,BRANCH-WEST,Hardware,116.88,0.0,0.0,Cash,0,NONE
TX-104782,2026-07-25 10:14:04,EMP-007,CUST-8809,BRANCH-WEST,Services,41.85,0.0,0.0,Credit Card,0,NONE
TX-104783,2026-07-25 10:17:12,EMP-007,CUST-5677,BRANCH-WEST,Hardware,22.59,0.0,0.0,Debit Card,0,NONE
TX-104784,2026-07-25 10:17:37,EMP-006,CUST-7227,BRANCH-WEST,Services,39.59,14.6,0.0,Credit Card,0,NONE
TX-104785,2026-07-25 10:17:57,EMP-007,CUST-9183,BRANCH-WEST,Electronics,68.55,11.5,0.0,Cash,0,NONE
TX-104786,2026-07-25 10:19:54,EMP-003,CUST-5643,BRANCH-WEST,Services,75.36,0.0,0.0,Debit Card,0,NONE
TX-104787,2026-07-25 10:24:38,EMP-008,CUST-1475,BRANCH-EAST,Groceries,208.03,0.0,0.0,Mobile Money,0,NONE
TX-104788,2026-07-25 10:24:58,EMP-004,CUST-5288,BRANCH-WEST,Apparel,75.94,0.0,0.0,Credit Card,0,NONE
TX-104789,2026-07-25 10:25:18,EMP-003,CUST-7909,BRANCH-WEST,Apparel,49.97,8.0,0.0,Credit Card,0,NONE
TX-104790,2026-07-25 10:33:02,EMP-004,CUST-1969,BRANCH-WEST,Groceries,91.98,11.6,0.0,Mobile Money,0,NONE
TX-104791,2026-07-25 10:33:41,EMP-001,CUST-2922,BRANCH-WEST,Electronics,19.39,0.0,0.0,Cash,0,NONE
TX-104792,2026-07-25 10:34:01,EMP-007,CUST-3355,BRANCH-WEST,Services,43.1,7.3,0.0,Cash,0,NONE
TX-104793,2026-07-25 10:35:30,EMP-006,CUST-9980,BRANCH-WEST,Groceries,37.34,11.1,0.0,Credit Card,0,NONE
TX-104794,2026-07-25 10:38:23,EMP-004,CUST-4386,BRANCH-WEST,Hardware,95.35,0.0,0.0,Credit Card,0,NONE
TX-104795,2026-07-25 10:42:39,EMP-007,CUST-8510,BRANCH-WEST,Groceries,62.39,10.9,0.0,Debit Card,0,NONE
TX-104796,2026-07-25 10:46:24,EMP-002,CUST-6222,BRANCH-CENTRAL,Hardware,31.48,0.0,0.0,Credit Card,0,NONE
TX-104797,2026-07-25 10:48:32,EMP-008,CUST-5846,BRANCH-EAST,Apparel,21.93,0.0,0.0,Credit Card,0,NONE
TX-104798,2026-07-25 10:55:55,EMP-006,CUST-7026,BRANCH-WEST,Groceries,25.8,0.0,0.0,Mobile Money,0,NONE
TX-104799,2026-07-25 11:04:44,EMP-007,CUST-3195,BRANCH-WEST,Services,67.11,0.0,0.0,Cash,0,NONE
TX-104800,2026-07-25 11:12:34,EMP-005,CUST-9420,BRANCH-CENTRAL,Apparel,134.25,0.0,0.0,Credit Card,0,NONE
TX-104801,2026-07-25 11:13:51,EMP-002,CUST-4674,BRANCH-CENTRAL,Services,41.83,0.0,0.0,Credit Card,0,NONE
TX-104802,2026-07-25 11:18:53,EMP-003,CUST-7012,BRANCH-WEST,Electronics,30.25,0.0,0.0,Debit Card,0,NONE
TX-104803,2026-07-25 11:19:13,EMP-003,CUST-2217,BRANCH-WEST,Hardware,97.5,0.0,0.0,Cash,0,NONE
TX-104804,2026-07-25 11:24:45,EMP-003,CUST-2516,BRANCH-WEST,Apparel,82.63,0.0,0.0,Credit Card,0,NONE
TX-104805,2026-07-25 11:26:55,EMP-005,CUST-6237,BRANCH-CENTRAL,Electronics,35.93,5.5,0.0,Mobile Money,0,NONE
TX-104806,2026-07-25 11:30:21,EMP-008,CUST-7319,BRANCH-EAST,Services,38.74,0.0,0.0,Cash,0,NONE
TX-104807,2026-07-25 11:36:19,EMP-003,CUST-5918,BRANCH-WEST,Groceries,50.62,11.7,0.0,Mobile Money,0,NONE
TX-104808,2026-07-25 11:38:35,EMP-003,CUST-2500,BRANCH-WEST,Electronics,66.07,0.0,0.0,Credit Card,0,NONE
TX-104809,2026-07-25 11:42:55,EMP-001,CUST-3832,BRANCH-WEST,Services,36.17,12.3,0.0,Cash,0,NONE
TX-104810,2026-07-25 11:44:24,EMP-005,CUST-2478,BRANCH-CENTRAL,Electronics,26.57,0.0,0.0,Cash,0,NONE
TX-104811,2026-07-25 11:48:57,EMP-006,CUST-3699,BRANCH-WEST,Apparel,24.2,0.0,0.0,Cash,0,NONE
TX-104812,2026-07-25 11:49:17,EMP-001,CUST-5625,BRANCH-WEST,Hardware,28.53,0.0,0.0,Mobile Money,0,NONE
TX-104813,2026-07-25 11:49:37,EMP-004,CUST-3520,BRANCH-WEST,Apparel,71.31,0.0,41.72,Cash,0,NONE
TX-104814,2026-07-25 11:57:55,EMP-002,CUST-4341,BRANCH-CENTRAL,Apparel,38.68,0.0,0.0,Mobile Money,0,NONE
TX-104815,2026-07-25 12:02:45,EMP-005,CUST-9230,BRANCH-CENTRAL,Apparel,71.16,0.0,0.0,Debit Card,0,NONE
TX-104816,2026-07-25 12:06:00,EMP-003,CUST-8564,BRANCH-WEST,Hardware,52.96,0.0,0.0,Debit Card,0,NONE
TX-104817,2026-07-25 12:08:57,EMP-004,CUST-5757,BRANCH-WEST,Electronics,75.84,4.4,0.0,Mobile Money,0,NONE
TX-104818,2026-07-25 12:11:36,EMP-002,CUST-4339,BRANCH-CENTRAL,Services,62.79,5.7,0.0,Credit Card,0,NONE
TX-104819,2026-07-25 12:12:19,EMP-001,CUST-3666,BRANCH-WEST,Services,34.53,0.0,0.0,Cash,0,NONE
TX-104820,2026-07-25 12:12:57,EMP-007,CUST-7752,BRANCH-WEST,Apparel,118.51,0.0,0.0,Cash,0,NONE
TX-104821,2026-07-25 12:13:48,EMP-002,CUST-1591,BRANCH-CENTRAL,Services,65.82,11.0,0.0,Debit Card,0,NONE
TX-104822,2026-07-25 12:15:46,EMP-004,CUST-2541,BRANCH-WEST,Hardware,88.87,0.0,0.0,Debit Card,0,NONE
TX-104823,2026-07-25 12:18:08,EMP-007,CUST-9012,BRANCH-WEST,Groceries,75.52,0.0,0.0,Cash,0,NONE
TX-104824,2026-07-25 12:29:13,EMP-008,CUST-2393,BRANCH-EAST,Groceries,58.88,0.0,0.0,Cash,0,NONE
TX-104825,2026-07-25 12:32:35,EMP-002,CUST-9293,BRANCH-CENTRAL,Hardware,93.78,0.0,0.0,Cash,0,NONE
TX-104826,2026-07-25 12:37:18,EMP-002,CUST-4918,BRANCH-CENTRAL,Electronics,67.96,0.0,60.87,Mobile Money,0,NONE
TX-104827,2026-07-25 12:39:03,EMP-005,CUST-5317,BRANCH-CENTRAL,Services,49.27,0.0,0.0,Debit Card,0,NONE
TX-104828,2026-07-25 12:40:28,EMP-002,CUST-5195,BRANCH-CENTRAL,Services,73.58,0.0,0.0,Cash,0,NONE
TX-104829,2026-07-25 12:44:16,EMP-008,CUST-8434,BRANCH-EAST,Apparel,119.52,0.0,0.0,Debit Card,0,NONE
TX-104830,2026-07-25 12:51:50,EMP-003,CUST-4704,BRANCH-WEST,Groceries,105.61,0.0,0.0,Mobile Money,0,NONE
TX-104831,2026-07-25 12:53:36,EMP-002,CUST-7461,BRANCH-CENTRAL,Groceries,42.79,0.0,0.0,Cash,0,NONE
TX-104832,2026-07-25 13:04:03,EMP-002,CUST-1898,BRANCH-CENTRAL,Apparel,27.3,0.0,0.0,Debit Card,0,NONE
TX-104833,2026-07-25 13:07:22,EMP-001,CUST-4079,BRANCH-WEST,Services,58.22,0.0,0.0,Mobile Money,0,NONE
TX-104834,2026-07-25 13:10:24,EMP-001,CUST-7955,BRANCH-WEST,Hardware,44.43,0.0,18.62,Credit Card,0,NONE
TX-104835,2026-07-25 13:11:54,EMP-007,CUST-7502,BRANCH-WEST,Hardware,32.31,0.0,0.0,Mobile Money,0,NONE
TX-104836,2026-07-25 13:12:14,EMP-004,CUST-4574,BRANCH-WEST,Hardware,55.46,8.9,0.0,Credit Card,0,NONE
TX-104837,2026-07-25 13:20:36,EMP-001,CUST-1432,BRANCH-WEST,Services,48.76,0.0,0.0,Credit Card,0,NONE
TX-104838,2026-07-25 13:25:06,EMP-001,CUST-7895,BRANCH-WEST,Electronics,43.12,5.6,0.0,Cash,0,NONE
TX-104839,2026-07-25 13:29:36,EMP-007,CUST-6531,BRANCH-WEST,Services,19.02,0.0,0.0,Mobile Money,0,NONE
TX-104840,2026-07-25 13:42:30,EMP-003,CUST-4987,BRANCH-WEST,Hardware,82.79,0.0,0.0,Debit Card,0,NONE
TX-104841,2026-07-25 13:52:48,EMP-003,CUST-3328,BRANCH-WEST,Services,54.92,0.0,0.0,Mobile Money,0,NONE
TX-104842,2026-07-25 13:57:14,EMP-006,CUST-6532,BRANCH-WEST,Apparel,39.97,0.0,0.0,Cash,0,NONE
TX-104843,2026-07-25 14:09:27,EMP-004,CUST-2873,BRANCH-WEST,Services,70.32,0.0,0.0,Mobile Money,0,NONE
TX-104844,2026-07-25 14:14:18,EMP-005,CUST-9509,BRANCH-CENTRAL,Electronics,11.89,0.0,0.0,Debit Card,0,NONE
TX-104845,2026-07-25 14:17:38,EMP-004,CUST-9975,BRANCH-WEST,Hardware,31.0,13.5,0.0,Mobile Money,0,NONE
TX-104846,2026-07-25 14:18:16,EMP-003,CUST-4940,BRANCH-WEST,Services,114.53,6.1,0.0,Credit Card,0,NONE
TX-104847,2026-07-25 14:18:36,EMP-008,CUST-6965,BRANCH-EAST,Services,63.88,0.0,0.0,Credit Card,0,NONE
TX-104848,2026-07-25 14:19:52,EMP-007,CUST-8857,BRANCH-WEST,Apparel,75.85,5.8,0.0,Mobile Money,0,NONE
TX-104849,2026-07-25 14:31:28,EMP-001,CUST-7558,BRANCH-WEST,Electronics,52.82,7.0,0.0,Debit Card,0,NONE
TX-104850,2026-07-25 14:35:13,EMP-008,CUST-7547,BRANCH-EAST,Groceries,75.26,7.3,0.0,Cash,0,NONE
TX-104851,2026-07-25 14:41:11,EMP-002,CUST-5413,BRANCH-CENTRAL,Apparel,41.2,0.0,0.0,Mobile Money,0,NONE
TX-104852,2026-07-25 14:44:36,EMP-002,CUST-6105,BRANCH-CENTRAL,Electronics,54.34,0.0,0.0,Cash,0,NONE
TX-104853,2026-07-25 14:49:35,EMP-007,CUST-9831,BRANCH-WEST,Hardware,57.12,6.7,0.0,Mobile Money,0,NONE
TX-104854,2026-07-25 14:51:25,EMP-007,CUST-2247,BRANCH-WEST,Groceries,27.49,0.0,0.0,Cash,0,NONE
TX-104855,2026-07-25 14:52:08,EMP-006,CUST-6598,BRANCH-WEST,Apparel,19.93,0.0,0.0,Credit Card,0,NONE
TX-104856,2026-07-25 14:52:28,EMP-005,CUST-3874,BRANCH-CENTRAL,Hardware,52.37,0.0,0.0,Credit Card,0,NONE
TX-104857,2026-07-25 14:58:57,EMP-004,CUST-9189,BRANCH-WEST,Hardware,34.9,6.2,0.0,Credit Card,0,NONE
TX-104858,2026-07-25 15:16:42,EMP-005,CUST-6157,BRANCH-CENTRAL,Apparel,72.33,0.0,0.0,Credit Card,0,NONE
TX-104859,2026-07-25 15:27:46,EMP-007,CUST-7946,BRANCH-WEST,Groceries,24.27,14.9,0.0,Cash,0,NONE
TX-104860,2026-07-25 15:28:29,EMP-007,CUST-3255,BRANCH-WEST,Electronics,79.82,0.0,0.0,Mobile Money,0,NONE
TX-104861,2026-07-25 15:28:51,EMP-007,CUST-8726,BRANCH-WEST,Apparel,74.92,0.0,0.0,Debit Card,0,NONE
TX-104862,2026-07-25 15:36:45,EMP-004,CUST-7399,BRANCH-WEST,Services,54.71,7.4,0.0,Cash,0,NONE
TX-104863,2026-07-25 15:39:47,EMP-006,CUST-8388,BRANCH-WEST,Groceries,16.7,0.0,0.0,Credit Card,0,NONE
TX-104864,2026-07-25 15:41:01,EMP-001,CUST-2393,BRANCH-WEST,Hardware,35.53,0.0,0.0,Cash,0,NONE
TX-104865,2026-07-25 15:41:21,EMP-002,CUST-2140,BRANCH-CENTRAL,Electronics,60.94,0.0,0.0,Credit Card,0,NONE
TX-104866,2026-07-25 15:42:46,EMP-001,CUST-4941,BRANCH-WEST,Apparel,13.24,0.0,0.0,Credit Card,0,NONE
TX-104867,2026-07-25 15:44:02,EMP-004,CUST-8763,BRANCH-WEST,Hardware,75.11,11.3,0.0,Debit Card,0,NONE
TX-104868,2026-07-25 15:44:35,EMP-006,CUST-6494,BRANCH-WEST,Groceries,26.54,0.0,0.0,Credit Card,0,NONE
TX-104869,2026-07-25 15:48:25,EMP-005,CUST-5670,BRANCH-CENTRAL,Services,22.15,0.0,0.0,Credit Card,0,NONE
TX-104870,2026-07-25 15:53:29,EMP-005,CUST-3264,BRANCH-CENTRAL,Groceries,63.85,0.0,0.0,Debit Card,0,NONE
TX-104871,2026-07-25 15:56:46,EMP-006,CUST-8129,BRANCH-WEST,Electronics,38.97,0.0,0.0,Cash,0,NONE
TX-104872,2026-07-25 15:59:09,EMP-001,CUST-2839,BRANCH-WEST,Hardware,47.71,0.0,0.0,Cash,0,NONE
TX-104873,2026-07-25 16:05:28,EMP-008,CUST-4353,BRANCH-EAST,Apparel,71.65,0.0,0.0,Credit Card,0,NONE
TX-104874,2026-07-25 16:05:48,EMP-006,CUST-4016,BRANCH-WEST,Electronics,36.54,0.0,0.0,Debit Card,0,NONE
TX-104875,2026-07-25 16:07:18,EMP-004,CUST-4734,BRANCH-WEST,Electronics,20.67,0.0,0.0,Debit Card,0,NONE
TX-104876,2026-07-25 16:12:07,EMP-002,CUST-1756,BRANCH-CENTRAL,Groceries,56.18,3.2,0.0,Cash,0,NONE
TX-104877,2026-07-25 16:30:16,EMP-003,CUST-5650,BRANCH-WEST,Apparel,91.42,0.0,0.0,Mobile Money,0,NONE
TX-104878,2026-07-25 16:31:32,EMP-001,CUST-5433,BRANCH-WEST,Services,45.86,0.0,0.0,Credit Card,0,NONE
TX-104879,2026-07-25 16:33:19,EMP-003,CUST-5017,BRANCH-WEST,Apparel,79.85,0.0,0.0,Mobile Money,0,NONE
TX-104880,2026-07-25 16:38:36,EMP-004,CUST-8919,BRANCH-WEST,Electronics,55.86,0.0,0.0,Credit Card,0,NONE
TX-104881,2026-07-25 16:41:38,EMP-007,CUST-9059,BRANCH-WEST,Services,46.79,0.0,0.0,Mobile Money,0,NONE
TX-104882,2026-07-25 16:43:00,EMP-001,CUST-3269,BRANCH-WEST,Hardware,69.28,0.0,0.0,Debit Card,0,NONE
TX-104883,2026-07-25 16:43:56,EMP-008,CUST-2570,BRANCH-EAST,Groceries,125.17,0.0,0.0,Cash,0,NONE
TX-104884,2026-07-25 16:44:16,EMP-008,CUST-1614,BRANCH-EAST,Services,155.43,0.0,0.0,Cash,0,NONE
TX-104885,2026-07-25 16:52:38,EMP-008,CUST-2979,BRANCH-EAST,Groceries,30.33,0.0,0.0,Credit Card,0,NONE
TX-104886,2026-07-25 17:03:10,EMP-007,CUST-5223,BRANCH-WEST,Apparel,107.76,0.0,0.0,Cash,0,NONE
TX-104887,2026-07-25 17:05:28,EMP-004,CUST-1988,BRANCH-WEST,Services,56.38,0.0,0.0,Mobile Money,0,NONE
TX-104888,2026-07-25 17:10:56,EMP-005,CUST-9019,BRANCH-CENTRAL,Electronics,34.89,0.0,0.0,Credit Card,0,NONE
TX-104889,2026-07-25 17:14:57,EMP-003,CUST-4951,BRANCH-WEST,Hardware,37.4,0.0,0.0,Credit Card,0,NONE
TX-104890,2026-07-25 17:15:17,EMP-008,CUST-8511,BRANCH-EAST,Groceries,95.54,9.7,0.0,Mobile Money,0,NONE
TX-104891,2026-07-25 17:17:19,EMP-006,CUST-4969,BRANCH-WEST,Electronics,54.14,0.0,0.0,Cash,0,NONE
TX-104892,2026-07-25 17:19:41,EMP-001,CUST-3677,BRANCH-WEST,Electronics,47.56,0.0,0.0,Cash,0,NONE
TX-104893,2026-07-25 17:21:02,EMP-007,CUST-7649,BRANCH-WEST,Hardware,65.7,0.0,0.0,Debit Card,0,NONE
TX-104894,2026-07-25 17:22:35,EMP-006,CUST-4330,BRANCH-WEST,Services,57.7,0.0,0.0,Credit Card,0,NONE
TX-104895,2026-07-25 17:23:17,EMP-008,CUST-2035,BRANCH-EAST,Hardware,155.35,0.0,0.0,Mobile Money,0,NONE
TX-104896,2026-07-25 17:24:46,EMP-002,CUST-1019,BRANCH-CENTRAL,Groceries,50.25,14.9,0.0,Cash,0,NONE
TX-104897,2026-07-25 17:41:50,EMP-008,CUST-1764,BRANCH-EAST,Electronics,89.67,0.0,0.0,Debit Card,0,NONE
TX-104898,2026-07-25 17:47:39,EMP-007,CUST-4683,BRANCH-WEST,Electronics,43.95,12.6,0.0,Cash,0,NONE
TX-104899,2026-07-25 17:49:21,EMP-004,CUST-5472,BRANCH-WEST,Services,129.05,0.0,0.0,Debit Card,0,NONE
TX-104900,2026-07-25 17:57:17,EMP-008,CUST-5988,BRANCH-EAST,Services,32.91,0.0,0.0,Mobile Money,0,NONE
TX-104901,2026-07-25 17:59:25,EMP-007,CUST-6695,BRANCH-WEST,Groceries,93.76,0.0,0.0,Credit Card,0,NONE
TX-104902,2026-07-25 18:06:33,EMP-006,CUST-7471,BRANCH-WEST,Apparel,50.29,0.0,0.0,Debit Card,0,NONE
TX-104903,2026-07-25 18:07:20,EMP-006,CUST-5524,BRANCH-WEST,Groceries,40.14,0.0,0.0,Cash,0,NONE
TX-104904,2026-07-25 18:11:40,EMP-008,CUST-5447,BRANCH-EAST,Hardware,39.84,0.0,0.0,Cash,0,NONE
TX-104905,2026-07-25 18:13:14,EMP-004,CUST-6035,BRANCH-WEST,Apparel,74.72,0.0,0.0,Cash,0,NONE
TX-104906,2026-07-25 18:20:26,EMP-003,CUST-8167,BRANCH-WEST,Electronics,46.13,0.0,0.0,Mobile Money,0,NONE
TX-104907,2026-07-25 18:23:29,EMP-001,CUST-4550,BRANCH-WEST,Electronics,66.12,0.0,0.0,Credit Card,0,NONE
TX-104908,2026-07-25 18:23:49,EMP-006,CUST-3815,BRANCH-WEST,Apparel,41.6,0.0,0.0,Cash,0,NONE
TX-104909,2026-07-25 18:24:10,EMP-001,CUST-8560,BRANCH-WEST,Apparel,20.39,0.0,0.0,Debit Card,0,NONE
TX-104910,2026-07-25 18:31:34,EMP-004,CUST-6488,BRANCH-WEST,Groceries,56.56,0.0,0.0,Mobile Money,0,NONE
TX-104911,2026-07-25 18:36:17,EMP-005,CUST-8618,BRANCH-CENTRAL,Hardware,46.23,0.0,0.0,Mobile Money,0,NONE
TX-104912,2026-07-25 18:47:33,EMP-006,CUST-4278,BRANCH-WEST,Hardware,112.3,0.0,0.0,Cash,0,NONE
TX-104913,2026-07-25 19:02:38,EMP-001,CUST-6868,BRANCH-WEST,Electronics,66.54,0.0,0.0,Debit Card,0,NONE
TX-104914,2026-07-25 19:06:44,EMP-004,CUST-4180,BRANCH-WEST,Electronics,114.72,0.0,0.0,Credit Card,0,NONE
TX-104915,2026-07-25 19:25:13,EMP-003,CUST-3448,BRANCH-WEST,Services,95.3,0.0,0.0,Mobile Money,0,NONE
TX-104916,2026-07-25 19:25:35,EMP-004,CUST-8624,BRANCH-WEST,Electronics,29.84,0.0,0.0,Mobile Money,0,NONE
TX-104917,2026-07-25 19:29:40,EMP-008,CUST-3895,BRANCH-EAST,Electronics,103.27,0.0,0.0,Cash,0,NONE
TX-104918,2026-07-25 19:33:24,EMP-001,CUST-4818,BRANCH-WEST,Electronics,32.93,0.0,0.0,Cash,0,NONE
TX-104919,2026-07-25 19:37:17,EMP-001,CUST-9900,BRANCH-WEST,Services,31.87,0.0,0.0,Credit Card,0,NONE
TX-104920,2026-07-25 19:37:49,EMP-001,CUST-4349,BRANCH-WEST,Hardware,54.87,5.4,0.0,Mobile Money,0,NONE
TX-104921,2026-07-25 19:39:24,EMP-002,CUST-9804,BRANCH-CENTRAL,Services,34.87,6.4,0.0,Cash,0,NONE
TX-104922,2026-07-25 19:42:04,EMP-003,CUST-6899,BRANCH-WEST,Hardware,127.47,0.0,0.0,Cash,0,NONE
TX-104923,2026-07-25 19:47:41,EMP-005,CUST-8614,BRANCH-CENTRAL,Electronics,21.91,0.0,0.0,Credit Card,0,NONE
TX-104924,2026-07-25 19:56:57,EMP-002,CUST-8823,BRANCH-CENTRAL,Hardware,44.84,0.0,0.0,Cash,0,NONE
TX-104925,2026-07-25 19:57:59,EMP-007,CUST-5846,BRANCH-WEST,Apparel,53.41,0.0,0.0,Credit Card,0,NONE
TX-104926,2026-07-25 19:58:19,EMP-003,CUST-2570,BRANCH-WEST,Apparel,40.99,0.0,0.0,Mobile Money,0,NONE
TX-104927,2026-07-25 20:03:16,EMP-008,CUST-3577,BRANCH-EAST,Hardware,58.13,0.0,0.0,Mobile Money,0,NONE
TX-104928,2026-07-25 20:07:35,EMP-008,CUST-4247,BRANCH-EAST,Services,55.75,0.0,0.0,Mobile Money,0,NONE
TX-104929,2026-07-25 20:11:59,EMP-005,CUST-3175,BRANCH-CENTRAL,Services,21.95,0.0,0.0,Cash,0,NONE
TX-104930,2026-07-25 20:14:13,EMP-004,CUST-8484,BRANCH-WEST,Services,37.53,0.0,0.0,Mobile Money,0,NONE
TX-104931,2026-07-25 20:16:16,EMP-004,CUST-2315,BRANCH-WEST,Apparel,49.66,5.0,0.0,Credit Card,0,NONE
TX-104932,2026-07-25 20:22:03,EMP-007,CUST-6659,BRANCH-WEST,Apparel,48.06,0.0,0.0,Cash,0,NONE
TX-104933,2026-07-25 20:24:15,EMP-003,CUST-6433,BRANCH-WEST,Groceries,92.4,0.0,0.0,Debit Card,0,NONE
TX-104934,2026-07-25 20:29:06,EMP-001,CUST-7607,BRANCH-WEST,Hardware,73.81,6.6,0.0,Cash,0,NONE
TX-104935,2026-07-25 20:32:51,EMP-005,CUST-9714,BRANCH-CENTRAL,Hardware,39.03,9.7,0.0,Cash,0,NONE
TX-104936,2026-07-25 20:33:19,EMP-001,CUST-4786,BRANCH-WEST,Services,23.43,0.0,0.0,Debit Card,0,NONE
TX-104937,2026-07-25 20:36:10,EMP-007,CUST-3767,BRANCH-WEST,Electronics,64.03,7.2,0.0,Mobile Money,0,NONE
TX-104938,2026-07-25 20:39:10,EMP-008,CUST-5832,BRANCH-EAST,Electronics,64.27,0.0,0.0,Mobile Money,0,NONE
TX-104939,2026-07-25 20:40:28,EMP-005,CUST-6518,BRANCH-CENTRAL,Services,71.14,0.0,0.0,Credit Card,0,NONE
TX-104940,2026-07-25 20:41:31,EMP-006,CUST-5685,BRANCH-WEST,Hardware,41.49,0.0,0.0,Credit Card,0,NONE
TX-104941,2026-07-25 20:43:44,EMP-004,CUST-2220,BRANCH-WEST,Hardware,53.97,8.9,0.0,Mobile Money,0,NONE
TX-104942,2026-07-25 20:44:33,EMP-002,CUST-1257,BRANCH-CENTRAL,Electronics,41.16,0.0,0.0,Mobile Money,0,NONE
TX-104943,2026-07-25 20:46:16,EMP-007,CUST-7161,BRANCH-WEST,Electronics,103.64,0.0,0.0,Credit Card,0,NONE
TX-104944,2026-07-25 20:48:03,EMP-007,CUST-8556,BRANCH-WEST,Electronics,56.04,0.0,0.0,Mobile Money,0,NONE
TX-104945,2026-07-25 20:53:06,EMP-004,CUST-5670,BRANCH-WEST,Services,87.07,0.0,0.0,Cash,0,NONE
TX-104946,2026-07-26 08:18:42,EMP-007,CUST-1083,BRANCH-WEST,Groceries,45.47,0.0,0.0,Cash,0,NONE
TX-104947,2026-07-26 08:30:53,EMP-005,CUST-9990,BRANCH-CENTRAL,Services,60.06,0.0,0.0,Cash,0,NONE
TX-104948,2026-07-26 08:31:13,EMP-008,CUST-4405,BRANCH-EAST,Electronics,97.75,0.0,0.0,Debit Card,0,NONE
TX-104949,2026-07-26 08:32:30,EMP-004,CUST-8684,BRANCH-WEST,Services,46.2,0.0,0.0,Credit Card,0,NONE
TX-104950,2026-07-26 08:33:46,EMP-002,CUST-8935,BRANCH-CENTRAL,Hardware,65.23,0.0,0.0,Cash,0,NONE
TX-104951,2026-07-26 08:36:04,EMP-004,CUST-9120,BRANCH-WEST,Groceries,25.89,0.0,0.0,Credit Card,0,NONE
TX-104952,2026-07-26 08:41:15,EMP-002,CUST-1237,BRANCH-CENTRAL,Apparel,50.49,0.0,0.0,Mobile Money,0,NONE
TX-104953,2026-07-26 08:42:09,EMP-005,CUST-7856,BRANCH-CENTRAL,Hardware,60.76,0.0,0.0,Credit Card,0,NONE
TX-104954,2026-07-26 08:52:56,EMP-008,CUST-4496,BRANCH-EAST,Electronics,49.53,0.0,0.0,Cash,0,NONE
TX-104955,2026-07-26 08:53:18,EMP-006,CUST-3142,BRANCH-WEST,Services,34.92,0.0,0.0,Credit Card,0,NONE
TX-104956,2026-07-26 08:56:36,EMP-007,CUST-8155,BRANCH-WEST,Apparel,32.03,0.0,0.0,Mobile Money,0,NONE
TX-104957,2026-07-26 09:00:18,EMP-008,CUST-9885,BRANCH-EAST,Apparel,43.39,0.0,0.0,Mobile Money,0,NONE
TX-104958,2026-07-26 09:07:05,EMP-008,CUST-5480,BRANCH-EAST,Electronics,47.15,0.0,0.0,Debit Card,0,NONE
TX-104959,2026-07-26 09:08:12,EMP-006,CUST-4511,BRANCH-WEST,Services,63.62,4.9,0.0,Mobile Money,0,NONE
TX-104960,2026-07-26 09:21:42,EMP-004,CUST-1738,BRANCH-WEST,Services,37.22,0.0,0.0,Debit Card,0,NONE
TX-104961,2026-07-26 09:26:36,EMP-005,CUST-7443,BRANCH-CENTRAL,Services,18.42,0.0,0.0,Mobile Money,0,NONE
TX-104962,2026-07-26 09:30:08,EMP-005,CUST-4804,BRANCH-CENTRAL,Apparel,56.95,0.0,0.0,Credit Card,0,NONE
TX-104963,2026-07-26 09:35:22,EMP-003,CUST-2836,BRANCH-WEST,Electronics,27.64,0.0,0.0,Debit Card,0,NONE
TX-104964,2026-07-26 09:35:42,EMP-001,CUST-4852,BRANCH-WEST,Services,39.04,0.0,23.58,Mobile Money,0,NONE
TX-104965,2026-07-26 09:36:15,EMP-006,CUST-6084,BRANCH-WEST,Hardware,37.96,0.0,0.0,Cash,0,NONE
TX-104966,2026-07-26 09:40:37,EMP-005,CUST-1960,BRANCH-CENTRAL,Electronics,38.13,0.0,0.0,Credit Card,0,NONE
TX-104967,2026-07-26 09:41:29,EMP-008,CUST-8050,BRANCH-EAST,Services,35.56,11.9,0.0,Cash,0,NONE
TX-104968,2026-07-26 09:44:39,EMP-003,CUST-3906,BRANCH-WEST,Groceries,78.69,0.0,0.0,Mobile Money,0,NONE
TX-104969,2026-07-26 09:44:59,EMP-007,CUST-6128,BRANCH-WEST,Apparel,36.94,0.0,0.0,Cash,0,NONE
TX-104970,2026-07-26 09:45:26,EMP-001,CUST-1694,BRANCH-WEST,Apparel,9.6,9.3,0.0,Mobile Money,0,NONE
TX-104971,2026-07-26 09:57:32,EMP-006,CUST-3146,BRANCH-WEST,Services,61.39,0.0,0.0,Debit Card,0,NONE
TX-104972,2026-07-26 10:09:07,EMP-001,CUST-2645,BRANCH-WEST,Electronics,49.28,0.0,0.0,Cash,0,NONE
TX-104973,2026-07-26 10:11:32,EMP-001,CUST-3741,BRANCH-WEST,Services,72.53,0.0,0.0,Mobile Money,0,NONE
TX-104974,2026-07-26 10:13:17,EMP-001,CUST-2735,BRANCH-WEST,Groceries,41.86,13.3,0.0,Debit Card,0,NONE
TX-104975,2026-07-26 10:16:44,EMP-002,CUST-9879,BRANCH-CENTRAL,Groceries,56.82,0.0,0.0,Debit Card,0,NONE
TX-104976,2026-07-26 10:17:47,EMP-002,CUST-5836,BRANCH-CENTRAL,Services,33.96,0.0,0.0,Mobile Money,0,NONE
TX-104977,2026-07-26 10:18:16,EMP-007,CUST-7122,BRANCH-WEST,Groceries,22.47,0.0,0.0,Cash,0,NONE
TX-104978,2026-07-26 10:25:31,EMP-004,CUST-7746,BRANCH-WEST,Services,37.01,0.0,0.0,Debit Card,0,NONE
TX-104979,2026-07-26 10:28:51,EMP-002,CUST-8913,BRANCH-CENTRAL,Groceries,55.37,0.0,0.0,Mobile Money,0,NONE
TX-104980,2026-07-26 10:30:20,EMP-004,CUST-3669,BRANCH-WEST,Services,58.93,0.0,0.0,Credit Card,0,NONE
TX-104981,2026-07-26 10:32:24,EMP-001,CUST-9034,BRANCH-WEST,Groceries,35.19,0.0,0.0,Mobile Money,0,NONE
TX-104982,2026-07-26 10:34:26,EMP-004,CUST-3301,BRANCH-WEST,Groceries,43.36,0.0,0.0,Credit Card,0,NONE
TX-104983,2026-07-26 10:42:38,EMP-003,CUST-3208,BRANCH-WEST,Groceries,38.95,0.0,0.0,Credit Card,0,NONE
TX-104984,2026-07-26 10:44:26,EMP-001,CUST-1854,BRANCH-WEST,Electronics,34.89,0.0,0.0,Debit Card,0,NONE
TX-104985,2026-07-26 10:52:22,EMP-008,CUST-6950,BRANCH-EAST,Services,58.86,0.0,0.0,Debit Card,0,NONE
TX-104986,2026-07-26 10:54:21,EMP-005,CUST-9862,BRANCH-CENTRAL,Groceries,79.29,0.0,0.0,Mobile Money,0,NONE
TX-104987,2026-07-26 10:54:55,EMP-007,CUST-3151,BRANCH-WEST,Groceries,62.61,0.0,0.0,Debit Card,0,NONE
TX-104988,2026-07-26 10:55:23,EMP-006,CUST-2203,BRANCH-WEST,Hardware,45.68,0.0,0.0,Mobile Money,0,NONE
TX-104989,2026-07-26 10:58:56,EMP-002,CUST-2931,BRANCH-CENTRAL,Services,48.71,0.0,0.0,Cash,0,NONE
TX-104990,2026-07-26 11:04:47,EMP-002,CUST-2989,BRANCH-CENTRAL,Electronics,87.15,0.0,0.0,Mobile Money,0,NONE
TX-104991,2026-07-26 11:06:38,EMP-004,CUST-4205,BRANCH-WEST,Groceries,42.96,7.3,0.0,Debit Card,0,NONE
TX-104992,2026-07-26 11:07:45,EMP-003,CUST-1975,BRANCH-WEST,Hardware,50.17,0.0,0.0,Credit Card,0,NONE
TX-104993,2026-07-26 11:23:41,EMP-006,CUST-8052,BRANCH-WEST,Services,88.43,0.0,0.0,Cash,0,NONE
TX-104994,2026-07-26 11:25:24,EMP-001,CUST-7339,BRANCH-WEST,Groceries,54.95,0.0,0.0,Cash,0,NONE
TX-104995,2026-07-26 11:27:40,EMP-005,CUST-6886,BRANCH-CENTRAL,Groceries,33.26,0.0,0.0,Mobile Money,0,NONE
TX-104996,2026-07-26 11:37:38,EMP-001,CUST-4557,BRANCH-WEST,Hardware,82.32,4.5,0.0,Cash,0,NONE
TX-104997,2026-07-26 11:40:09,EMP-001,CUST-5147,BRANCH-WEST,Apparel,33.95,0.0,0.0,Cash,0,NONE
TX-104998,2026-07-26 11:41:11,EMP-002,CUST-9184,BRANCH-CENTRAL,Groceries,37.81,0.0,0.0,Mobile Money,0,NONE
TX-104999,2026-07-26 11:46:49,EMP-005,CUST-7960,BRANCH-CENTRAL,Services,24.21,0.0,0.0,Credit Card,0,NONE
